src word,tgt word,src slot,src predicted MSD,tgt slot,tgt predicted MSD,annotation
granda,grand,0_5,V;NFIN,0_13,V;IND;PST;3;SG
genginn,gengi,1_14,?,1_16,V;SBJV;PRS;3;PL
komuð,komast,1_1,?,1_19,?
freistar,freistum,1_17,V;IND;PRS;2;SG,1_13,V;SBJV;PRS;1;PL
sættist,sætta,1_11,V;IND;PRS;2;PL,1_9,V;IND;PRS;3;PL
varðveiti,varðveitast,1_16,V;SBJV;PRS;3;PL,1_19,?
góðir,góðri,0_4,V;SBJV;PST;2;SG,0_0,?
hvílíks,hvílíkan,0_14,?,0_2,V;SBJV;PST;1;PL
máttur,máttinn,4_4,?,4_15,?
þorpa,þorpanna,2_2,N;INDF;ACC;PL,2_1,?
lastmæltu,lastmæli,1_5,V;SBJV;PST;3;PL,1_16,V;SBJV;PRS;3;PL
treystu,treysti,0_9,V;IND;PST;3;PL,0_11,V;SBJV;PST;1;SG
rannsakið,rannsakar,1_12,V;IMP;2;PL,1_17,V;IND;PRS;2;SG
staður,staðna,4_4,?,4_6,?
kemur,kem,3_5,?,3_0,V;IND;PRS;1;SG
fátækum,fátækra,0_6,V;IND;PRS;1;PL,0_8,?
þúsundunum,þúsundum,4_13,N;DEF;DAT;PL,4_5,N;INDF;DAT;PL
ritar,ritað,1_17,V;IND;PRS;2;SG,1_0,?
rætst,rætur,1_15,?,1_6,?
fávíslega,fávísar,0_7,?,0_10,V.PTCP;PRS
grafinn,grafir,1_14,?,1_4,V;SBJV;PRS;2;SG
óbyggðum,óbyggð,0_6,V;IND;PRS;1;PL,0_13,V;IND;PST;3;SG
allra,allri,0_8,?,0_0,?
ásettu,ásetti,0_9,V;IND;PST;3;PL,0_11,V;SBJV;PST;1;SG
ljósinu,ljóslega,2_12,N;DEF;DAT;SG,2_5,?
fræðst,fræðir,1_15,?,1_4,V;SBJV;PRS;2;SG
fullyrtu,fullyrti,0_9,V;IND;PST;3;PL,0_11,V;SBJV;PST;1;SG
hinu,hina,0_9,V;IND;PST;3;PL,0_5,V;NFIN
sódómu,sódóma,0_9,V;IND;PST;3;PL,0_5,V;NFIN
þessir,þessar,0_4,V;SBJV;PST;2;SG,0_10,V.PTCP;PRS
mannssoninn,mannssonurinn,2_11,N;DEF;ACC;SG,2_4,?
veitir,veitum,1_4,V;SBJV;PRS;2;SG,1_13,V;SBJV;PRS;1;PL
arfleifð,arfleifðar,4_10,N;INDF;NOM;SG,4_8,N;INDF;NOM;PL
drukkum,drukkin,4_5,N;INDF;DAT;PL,4_11,N;DEF;NOM;PL
fúsum,fúslega,0_6,V;IND;PRS;1;PL,0_7,?
útlendingum,útlendingur,0_6,V;IND;PRS;1;PL,0_3,V;IND;PRS;3;SG
stundu,stundum,4_7,?,4_5,N;INDF;DAT;PL
vonin,voni,4_11,N;DEF;NOM;PL,4_14,V;SBJV;PRS;3;SG
ljós,ljósanna,2_7,N;INDF;ACC;SG,2_1,?
ofsókn,ofsóknir,0_13,V;IND;PST;3;SG,0_4,V;SBJV;PST;2;SG
senda,sendum,0_5,V;NFIN,0_6,V;IND;PRS;1;PL
hegðar,hegðið,1_17,V;IND;PRS;2;SG,1_12,V;IMP;2;PL
lærisveinunum,lærisveins,2_6,?,2_10,N;INDF;GEN;SG
kvöldu,kvöld,0_9,V;IND;PST;3;PL,0_13,V;IND;PST;3;SG
stæra,stæri,0_5,V;NFIN,0_11,V;SBJV;PST;1;SG
efast,efar,1_19,?,1_17,V;IND;PRS;2;SG
guðlastar,guðlast,1_17,V;IND;PRS;2;SG,1_18,V;IMP;2;SG
heiðingjar,heiðingjanna,4_8,N;INDF;NOM;PL,4_3,N;DEF;GEN;PL
sjáum,sjái,1_13,V;SBJV;PRS;1;PL,1_16,V;SBJV;PRS;3;PL
annarri,annara,0_0,?,0_5,V;NFIN
slíkum,slíka,0_6,V;IND;PRS;1;PL,0_5,V;NFIN
hlutu,hluta,4_7,?,4_2,N;INDF;GEN;PL
særi,sæi,0_0,?,0_11,V;SBJV;PST;1;SG
dýrlegan,dýrlegi,0_2,V;SBJV;PST;1;PL,0_11,V;SBJV;PST;1;SG
mælir,mælum,1_4,V;SBJV;PRS;2;SG,1_13,V;SBJV;PRS;1;PL
tunglsjúka,tunglsjúkur,0_5,V;NFIN,0_3,V;IND;PRS;3;SG
kunnan,kunnur,0_2,V;SBJV;PST;1;PL,0_3,V;IND;PRS;3;SG
líka,líkur,1_9,V;IND;PRS;3;PL,1_6,?
snauða,snauðu,0_5,V;NFIN,0_9,V;IND;PST;3;PL
dýrlegri,dýrlegi,0_0,?,0_11,V;SBJV;PST;1;SG
greina,greinar,4_2,N;INDF;GEN;PL,4_8,N;INDF;NOM;PL
leiðist,leiðin,1_11,V;IND;PRS;2;PL,1_7,?
bátsins,báti,2_16,N;DEF;GEN;SG,2_15,N;INDF;DAT;SG
samlaga,samlagast,3_0,V;IND;PRS;1;SG,3_14,V;IND;PST;2;SG
ákaft,ákaflega,0_12,?,0_7,?
friði,friður,4_14,V;SBJV;PRS;3;SG,4_4,?
möttulinn,möttul,2_11,N;DEF;ACC;SG,2_7,N;INDF;ACC;SG
aftraði,aftrið,1_3,V;SBJV;PST;3;SG,1_12,V;IMP;2;PL
frelsaði,frelsað,1_3,V;SBJV;PST;3;SG,1_0,?
flutti,fluttir,0_11,V;SBJV;PST;1;SG,0_4,V;SBJV;PST;2;SG
reglu,reglum,0_9,V;IND;PST;3;PL,0_6,V;IND;PRS;1;PL
þjóðanna,þjóð,4_3,N;DEF;GEN;PL,4_10,N;INDF;NOM;SG
orðum,orðs,2_3,?,2_10,N;INDF;GEN;SG
hvíldardagur,hvíldardaginn,2_9,?,2_11,N;DEF;ACC;SG
skíra,skírst,1_9,V;IND;PRS;3;PL,1_15,?
mína,míns,0_5,V;NFIN,0_14,?
lendir,lendi,0_4,V;SBJV;PST;2;SG,0_11,V;SBJV;PST;1;SG
þýðast,þýðir,1_19,?,1_4,V;SBJV;PRS;2;SG
tjaldbúð,tjaldbúðin,4_10,N;INDF;NOM;SG,4_11,N;DEF;NOM;PL
gæfi,gæfur,0_11,V;SBJV;PST;1;SG,0_3,V;IND;PRS;3;SG
lífinu,líf,2_12,N;DEF;DAT;SG,2_7,N;INDF;ACC;SG
sitja,sit,1_2,?,1_18,V;IMP;2;SG
ávarpar,ávarpið,1_17,V;IND;PRS;2;SG,1_12,V;IMP;2;PL
þinna,þinni,1_9,V;IND;PRS;3;PL,1_16,V;SBJV;PRS;3;PL
fengin,fenguð,1_7,?,1_1,?
lokið,lokað,1_12,V;IMP;2;PL,1_0,?
óttinn,ótta,1_14,?,1_9,V;IND;PRS;3;PL
náðina,náðar,4_9,?,4_8,N;INDF;NOM;PL
skírlífar,skírlífu,0_10,V.PTCP;PRS,0_9,V;IND;PST;3;PL
festi,festist,1_16,V;SBJV;PRS;3;PL,1_11,V;IND;PRS;2;PL
lendar,lendur,0_10,V.PTCP;PRS,0_3,V;IND;PRS;3;SG
samboðin,samboðinn,4_11,N;DEF;NOM;PL,4_15,?
fórnina,fórnin,4_9,?,4_11,N;DEF;NOM;PL
heilu,heilan,0_9,V;IND;PST;3;PL,0_2,V;SBJV;PST;1;PL
full,fullur,0_13,V;IND;PST;3;SG,0_3,V;IND;PRS;3;SG
tungur,tungum,0_3,V;IND;PRS;3;SG,0_6,V;IND;PRS;1;PL
skylduð,skyldir,0_1,V;IND;PST;2;PL,0_4,V;SBJV;PST;2;SG
hvílík,hvílíkum,0_13,V;IND;PST;3;SG,0_6,V;IND;PRS;1;PL
höggva,höggvin,1_9,V;IND;PRS;3;PL,1_7,?
einlægt,einlægri,0_12,?,0_0,?
laus,lausan,0_13,V;IND;PST;3;SG,0_2,V;SBJV;PST;1;PL
skipinu,skipanna,2_12,N;DEF;DAT;SG,2_1,?
sælir,sæl,0_4,V;SBJV;PST;2;SG,0_13,V;IND;PST;3;SG
ofdrykkja,ofdrykkju,0_5,V;NFIN,0_9,V;IND;PST;3;PL
bæn,bæri,3_10,?,3_1,V;SBJV;PRS;1;SG
léti,létum,0_11,V;SBJV;PST;1;SG,0_6,V;IND;PRS;1;PL
ráðalaus,ráðalausra,0_13,V;IND;PST;3;SG,0_8,?
liðs,liði,2_10,N;INDF;GEN;SG,2_15,N;INDF;DAT;SG
fellur,fellir,0_3,V;IND;PRS;3;SG,0_4,V;SBJV;PST;2;SG
strætinu,strætum,2_12,N;DEF;DAT;SG,2_3,?
ljóssins,ljósið,2_16,N;DEF;GEN;SG,2_0,N;DEF;NOM;SG
fótur,fóta,4_4,?,4_2,N;INDF;GEN;PL
flokk,flokkur,4_10,N;INDF;NOM;SG,4_4,?
vegar,vegið,4_8,N;INDF;NOM;PL,4_0,V;SBJV;PRS;2;PL
falsspámann,falsspámannsins,2_7,N;INDF;ACC;SG,2_16,N;DEF;GEN;SG
orðinu,orðunum,2_12,N;DEF;DAT;SG,2_6,?
aldri,aldar,0_0,?,0_10,V.PTCP;PRS
þjóni,þjónunum,2_15,N;INDF;DAT;SG,2_6,?
barn,barði,3_10,?,3_11,V;IND;PST;1;SG
mesta,mestu,0_5,V;NFIN,0_9,V;IND;PST;3;PL
kjöts,kjötið,2_10,N;INDF;GEN;SG,2_0,N;DEF;NOM;SG
konungunum,konunganna,2_6,?,2_1,?
kostar,kosta,1_17,V;IND;PRS;2;SG,1_9,V;IND;PRS;3;PL
hlutur,hlutir,4_4,?,4_12,?
finna,finnur,1_9,V;IND;PRS;3;PL,1_6,?
vorri,vora,0_0,?,0_5,V;NFIN
synduga,syndug,0_5,V;NFIN,0_13,V;IND;PST;3;SG
sálum,sál,4_5,N;INDF;DAT;PL,4_10,N;INDF;NOM;SG
röddu,röddin,4_7,?,4_11,N;DEF;NOM;PL
fuglanna,fuglar,4_3,N;DEF;GEN;PL,4_8,N;INDF;NOM;PL
hreinu,hreinum,0_9,V;IND;PST;3;PL,0_6,V;IND;PRS;1;PL
sjálfri,sjálfa,0_0,?,0_5,V;NFIN
innra,inni,0_8,?,0_11,V;SBJV;PST;1;SG
mínar,mínum,0_10,V.PTCP;PRS,0_6,V;IND;PRS;1;PL
samþykk,samþykktu,1_18,V;IMP;2;SG,1_5,V;SBJV;PST;3;PL
hefðum,hefðu,0_6,V;IND;PRS;1;PL,0_9,V;IND;PST;3;PL
verkinu,verka,2_12,N;DEF;DAT;SG,2_2,N;INDF;ACC;PL
lendur,lendar,0_3,V;IND;PRS;3;SG,0_10,V.PTCP;PRS
englanna,englum,4_3,N;DEF;GEN;PL,4_5,N;INDF;DAT;PL
rækur,ræktu,1_6,?,1_5,V;SBJV;PST;3;PL
annt,annar,1_8,V.CVB,1_17,V;IND;PRS;2;SG
ljós,ljósið,2_7,N;INDF;ACC;SG,2_0,N;DEF;NOM;SG
hafna,hafra,3_6,?,3_9,?
stöðugur,stöðugir,0_3,V;IND;PRS;3;SG,0_4,V;SBJV;PST;2;SG
samkundu,samkunda,4_7,?,4_2,N;INDF;GEN;PL
fólks,fólksins,2_10,N;INDF;GEN;SG,2_16,N;DEF;GEN;SG
líkama,líkamir,1_9,V;IND;PRS;3;PL,1_4,V;SBJV;PRS;2;SG
upplýsa,upplýsir,0_5,V;NFIN,0_4,V;SBJV;PST;2;SG
komin,koma,1_7,?,1_9,V;IND;PRS;3;PL
hálfan,hálfu,0_2,V;SBJV;PST;1;PL,0_9,V;IND;PST;3;PL
vara,varst,1_9,V;IND;PRS;3;PL,1_15,?
deila,deilur,0_5,V;NFIN,0_3,V;IND;PRS;3;SG
skreyttu,skreytið,1_5,V;SBJV;PST;3;PL,1_12,V;IMP;2;PL
reynast,reynið,1_19,?,1_12,V;IMP;2;PL
bú,búum,1_18,V;IMP;2;SG,1_13,V;SBJV;PRS;1;PL
lokað,loka,1_0,?,1_9,V;IND;PRS;3;PL
borgarhliðunum,borgarhliðanna,4_13,N;DEF;DAT;PL,4_3,N;DEF;GEN;PL
heilags,heilagra,0_14,?,0_8,?
kunna,kunnur,0_5,V;NFIN,0_3,V;IND;PRS;3;SG
nógu,nóg,0_9,V;IND;PST;3;PL,0_13,V;IND;PST;3;SG
loka,lokum,1_9,V;IND;PRS;3;PL,1_13,V;SBJV;PRS;1;PL
birta,birtir,1_9,V;IND;PRS;3;PL,1_4,V;SBJV;PRS;2;SG
stólpi,stólpa,1_16,V;SBJV;PRS;3;PL,1_9,V;IND;PRS;3;PL
steyta,steytir,0_5,V;NFIN,0_4,V;SBJV;PST;2;SG
blessuð,blessa,1_1,?,1_9,V;IND;PRS;3;PL
vakið,vakinn,1_12,V;IMP;2;PL,1_14,?
lokið,loka,1_12,V;IMP;2;PL,1_9,V;IND;PRS;3;PL
veiku,veikir,0_9,V;IND;PST;3;PL,0_4,V;SBJV;PST;2;SG
eruð,ert,0_1,V;IND;PST;2;PL,0_12,?
kunngjörið,kunngjört,1_12,V;IMP;2;PL,1_8,V.CVB
lágt,lágum,0_12,?,0_6,V;IND;PRS;1;PL
miklað,mikli,1_0,?,1_16,V;SBJV;PRS;3;PL
gyðinga,gyðingurinn,2_2,N;INDF;ACC;PL,2_4,?
laufgast,laufgað,3_14,V;IND;PST;2;SG,3_2,?
daginn,daga,2_11,N;DEF;ACC;SG,2_2,N;INDF;ACC;PL
horfum,horfir,1_13,V;SBJV;PRS;1;PL,1_4,V;SBJV;PRS;2;SG
velur,velt,0_3,V;IND;PRS;3;SG,0_12,?
júlíu,júlíus,3_0,V;IND;PRS;1;SG,3_7,?
tímóteus,tímóteusar,4_10,N;INDF;NOM;SG,4_8,N;INDF;NOM;PL
ákaflega,ákaft,0_7,?,0_12,?
niðja,niðri,3_8,?,3_1,V;SBJV;PRS;1;SG
voni,vonina,4_14,V;SBJV;PRS;3;SG,4_9,?
flytja,flyt,3_8,?,3_0,V;IND;PRS;1;SG
gagns,gagnar,2_10,N;INDF;GEN;SG,2_13,?
vakað,vakin,1_0,?,1_7,?
orðanna,orðum,2_1,?,2_3,?
létu,lét,0_9,V;IND;PST;3;PL,0_13,V;IND;PST;3;SG
réttlát,réttlátu,0_13,V;IND;PST;3;SG,0_9,V;IND;PST;3;PL
heyrið,heyrast,1_12,V;IMP;2;PL,1_19,?
upphafið,upphafi,1_12,V;IMP;2;PL,1_16,V;SBJV;PRS;3;PL
hinar,hinu,0_10,V.PTCP;PRS,0_9,V;IND;PST;3;PL
verka,verkunum,2_2,N;INDF;ACC;PL,2_6,?
líkar,líkist,1_17,V;IND;PRS;2;SG,1_11,V;IND;PRS;2;PL
prédikað,prédikum,1_0,?,1_13,V;SBJV;PRS;1;PL
tungur,tunga,0_3,V;IND;PRS;3;SG,0_5,V;NFIN
trúið,trúir,1_12,V;IMP;2;PL,1_4,V;SBJV;PRS;2;SG
dýrmætan,dýrmætur,0_2,V;SBJV;PST;1;PL,0_3,V;IND;PRS;3;SG
skil,skilinn,1_18,V;IMP;2;SG,1_14,?
lýður,lýða,2_9,?,2_2,N;INDF;ACC;PL
gestunum,gestur,4_13,N;DEF;DAT;PL,4_4,?
brúðkaupið,brúðkaups,2_0,N;DEF;NOM;SG,2_10,N;INDF;GEN;SG
trúuð,trúu,1_1,?,1_10,?
heim,heiminn,2_7,N;INDF;ACC;SG,2_11,N;DEF;ACC;SG
styrkja,styrktu,1_2,?,1_5,V;SBJV;PST;3;PL
þúsundum,þúsund,4_5,N;INDF;DAT;PL,4_10,N;INDF;NOM;SG
fáir,fáum,1_4,V;SBJV;PRS;2;SG,1_13,V;SBJV;PRS;1;PL
slíku,slík,0_9,V;IND;PST;3;PL,0_13,V;IND;PST;3;SG
leitum,leiti,1_13,V;SBJV;PRS;1;PL,1_16,V;SBJV;PRS;3;PL
launum,launin,4_5,N;INDF;DAT;PL,4_11,N;DEF;NOM;PL
slíkan,slíkt,0_2,V;SBJV;PST;1;PL,0_12,?
sterkur,sterka,0_3,V;IND;PRS;3;SG,0_5,V;NFIN
brennisteinn,brennisteins,2_8,V;SBJV;PST;2;PL,2_10,N;INDF;GEN;SG
álít,álítið,1_18,V;IMP;2;SG,1_12,V;IMP;2;PL
stundin,stundum,4_11,N;DEF;NOM;PL,4_5,N;INDF;DAT;PL
aflaði,aflið,1_3,V;SBJV;PST;3;SG,1_12,V;IMP;2;PL
svikum,svikin,4_5,N;INDF;DAT;PL,4_11,N;DEF;NOM;PL
vilji,viljað,1_16,V;SBJV;PRS;3;PL,1_0,?
boðorði,boðorð,2_15,N;INDF;DAT;SG,2_7,N;INDF;ACC;SG
uppsker,uppskerum,0_13,V;IND;PST;3;SG,0_6,V;IND;PRS;1;PL
sætt,sæta,0_12,?,0_5,V;NFIN
sleppt,sleppa,1_8,V.CVB,1_9,V;IND;PRS;3;PL
eldurinn,eldinn,2_4,?,2_11,N;DEF;ACC;SG
eins,einar,0_14,?,0_10,V.PTCP;PRS
leyfið,leyft,1_12,V;IMP;2;PL,1_8,V.CVB
tali,tala,1_16,V;SBJV;PRS;3;PL,1_9,V;IND;PRS;3;PL
dýri,dýrinu,2_15,N;INDF;DAT;SG,2_12,N;DEF;DAT;SG
lifnaði,lifnaður,0_11,V;SBJV;PST;1;SG,0_3,V;IND;PRS;3;SG
virði,virðið,1_16,V;SBJV;PRS;3;PL,1_12,V;IMP;2;PL
sess,sest,0_14,?,0_12,?
útlendingar,útlendingum,0_10,V.PTCP;PRS,0_6,V;IND;PRS;1;PL
strætin,stræti,2_14,N;DEF;ACC;PL,2_15,N;INDF;DAT;SG
dæmdan,dæmdir,0_2,V;SBJV;PST;1;PL,0_4,V;SBJV;PST;2;SG
dæma,dæmið,1_9,V;IND;PRS;3;PL,1_12,V;IMP;2;PL
skíru,skírast,1_10,?,1_19,?
tákna,táknunum,2_2,N;INDF;ACC;PL,2_6,?
hvílíkan,hvílíkar,0_2,V;SBJV;PST;1;PL,0_10,V.PTCP;PRS
hersveit,hersveitir,4_10,N;INDF;NOM;SG,4_12,?
vanir,vana,0_4,V;SBJV;PST;2;SG,0_5,V;NFIN
veitast,veitum,1_19,?,1_13,V;SBJV;PRS;1;PL
léti,lét,0_11,V;SBJV;PST;1;SG,0_13,V;IND;PST;3;SG
aflar,afl,1_17,V;IND;PRS;2;SG,1_18,V;IMP;2;SG
leyndardómur,leyndardómurinn,2_9,?,2_4,?
nefndur,nefndi,1_6,?,1_16,V;SBJV;PRS;3;PL
vond,vondar,0_13,V;IND;PST;3;SG,0_10,V.PTCP;PRS
landstjóri,landstjórar,2_15,N;INDF;DAT;SG,2_13,?
líkist,líkar,1_11,V;IND;PRS;2;PL,1_17,V;IND;PRS;2;SG
þerna,þernan,0_5,V;NFIN,0_2,V;SBJV;PST;1;PL
samkundur,samkundum,4_4,?,4_5,N;INDF;DAT;PL
samþykk,samþykkið,1_18,V;IMP;2;SG,1_12,V;IMP;2;PL
ills,illir,0_14,?,0_4,V;SBJV;PST;2;SG
fullu,fullra,0_9,V;IND;PST;3;PL,0_8,?
greið,greiði,1_18,V;IMP;2;SG,1_16,V;SBJV;PRS;3;PL
skil,skilaði,1_18,V;IMP;2;SG,1_3,V;SBJV;PST;3;SG
hirðar,hirðir,1_17,V;IND;PRS;2;SG,1_4,V;SBJV;PRS;2;SG
steinar,stein,2_13,?,2_7,N;INDF;ACC;SG
hverri,hvert,3_1,V;SBJV;PRS;1;SG,3_12,?
heimsins,heiminn,2_16,N;DEF;GEN;SG,2_11,N;DEF;ACC;SG
orðunum,orðið,2_6,?,2_0,N;DEF;NOM;SG
fánýtt,fánýtu,0_12,?,0_9,V;IND;PST;3;PL
bert,beri,1_8,V.CVB,1_16,V;SBJV;PRS;3;PL
muni,munir,1_16,V;SBJV;PRS;3;PL,1_4,V;SBJV;PRS;2;SG
vindurinn,vindum,4_1,?,4_5,N;INDF;DAT;PL
helgur,helgum,1_6,?,1_13,V;SBJV;PRS;1;PL
veittuð,veitti,1_1,?,1_16,V;SBJV;PRS;3;PL
vondum,vondri,0_6,V;IND;PRS;1;PL,0_0,?
heilagur,heilagi,0_3,V;IND;PRS;3;SG,0_11,V;SBJV;PST;1;SG
grafið,grafir,1_12,V;IMP;2;PL,1_4,V;SBJV;PRS;2;SG
skapaði,skapi,1_3,V;SBJV;PST;3;SG,1_16,V;SBJV;PRS;3;PL
selt,sel,1_8,V.CVB,1_18,V;IMP;2;SG
saltast,saltur,1_19,?,1_6,?
úlfa,úlfurinn,2_2,N;INDF;ACC;PL,2_4,?
hyggist,hyggur,1_11,V;IND;PRS;2;PL,1_6,?
mega,megi,1_9,V;IND;PRS;3;PL,1_16,V;SBJV;PRS;3;PL
vínviðurinn,vínviður,2_4,?,2_9,?
verkin,verks,2_14,N;DEF;ACC;PL,2_10,N;INDF;GEN;SG
staðfastur,staðfastir,0_3,V;IND;PRS;3;SG,0_4,V;SBJV;PST;2;SG
skrifuð,skrifað,1_1,?,1_0,?
pundið,pundin,4_0,V;SBJV;PRS;2;PL,4_11,N;DEF;NOM;PL
vakinn,vakir,1_14,?,1_4,V;SBJV;PRS;2;SG
kæmu,kæmist,1_10,?,1_11,V;IND;PRS;2;PL
tungan,tungum,0_2,V;SBJV;PST;1;PL,0_6,V;IND;PRS;1;PL
hópinn,hópum,4_15,?,4_5,N;INDF;DAT;PL
reiðin,reiðina,4_11,N;DEF;NOM;PL,4_9,?
hyggja,hygg,1_2,?,1_18,V;IMP;2;SG
ofsótti,ofsóttu,0_11,V;SBJV;PST;1;SG,0_9,V;IND;PST;3;PL
jörðina,jörð,4_9,?,4_10,N;INDF;NOM;SG
fjórar,fjórum,1_17,V;IND;PRS;2;SG,1_13,V;SBJV;PRS;1;PL
kærleiks,kærleiki,2_10,N;INDF;GEN;SG,2_15,N;INDF;DAT;SG
sakfella,sakfellir,1_9,V;IND;PRS;3;PL,1_4,V;SBJV;PRS;2;SG
líkir,líkja,1_4,V;SBJV;PRS;2;SG,1_2,?
fyrirgefur,fyrirgefum,1_6,?,1_13,V;SBJV;PRS;1;PL
flettið,flettu,1_12,V;IMP;2;PL,1_10,?
góðir,góða,0_4,V;SBJV;PST;2;SG,0_5,V;NFIN
líkið,líka,1_12,V;IMP;2;PL,1_9,V;IND;PRS;3;PL
rótina,rótum,4_9,?,4_5,N;INDF;DAT;PL
lofað,lofa,1_0,?,1_9,V;IND;PRS;3;PL
miklu,mikla,1_10,?,1_9,V;IND;PRS;3;PL
tortímist,tortímt,1_11,V;IND;PRS;2;PL,1_8,V.CVB
nýr,nýs,3_4,?,3_7,?
heimskur,heimskir,0_3,V;IND;PRS;3;SG,0_4,V;SBJV;PST;2;SG
verði,verðs,2_15,N;INDF;DAT;SG,2_10,N;INDF;GEN;SG
slógust,slógu,3_14,V;IND;PST;2;SG,3_0,V;IND;PRS;1;SG
eilífar,eilífi,0_10,V.PTCP;PRS,0_11,V;SBJV;PST;1;SG
þyrma,þyrmt,1_9,V;IND;PRS;3;PL,1_8,V.CVB
prestur,presturinn,2_9,?,2_4,?
ókunnum,ókunna,0_6,V;IND;PRS;1;PL,0_5,V;NFIN
freistum,freistar,1_13,V;SBJV;PRS;1;PL,1_17,V;IND;PRS;2;SG
læst,læsið,1_8,V.CVB,1_12,V;IMP;2;PL
líkþráa,líkþráir,4_2,N;INDF;GEN;PL,4_12,?
konunganna,konungurinn,2_1,?,2_4,?
ákærir,ákæra,1_4,V;SBJV;PRS;2;SG,1_9,V;IND;PRS;3;PL
hjálp,hjálpin,4_10,N;INDF;NOM;SG,4_11,N;DEF;NOM;PL
beitt,beit,1_8,V.CVB,1_18,V;IMP;2;SG
visku,viskan,0_9,V;IND;PST;3;PL,0_2,V;SBJV;PST;1;PL
bjóðum,bjóða,1_13,V;SBJV;PRS;1;PL,1_9,V;IND;PRS;3;PL
ríkum,rík,1_13,V;SBJV;PRS;1;PL,1_18,V;IMP;2;SG
gjörðir,gjörði,0_4,V;SBJV;PST;2;SG,0_11,V;SBJV;PST;1;SG
fátækum,fátækur,0_6,V;IND;PRS;1;PL,0_3,V;IND;PRS;3;SG
prestsins,prestanna,2_16,N;DEF;GEN;SG,2_1,?
óstyrki,óstyrkur,0_11,V;SBJV;PST;1;SG,0_3,V;IND;PRS;3;SG
reisi,reist,0_11,V;SBJV;PST;1;SG,0_12,?
keypt,keypti,0_13,V;IND;PST;3;SG,0_11,V;SBJV;PST;1;SG
höggormum,höggormar,2_3,?,2_13,?
mælt,mæl,1_8,V.CVB,1_18,V;IMP;2;SG
lærisveininn,lærisveini,2_11,N;DEF;ACC;SG,2_15,N;INDF;DAT;SG
hluti,hluturinn,4_14,V;SBJV;PRS;3;SG,4_1,?
óhreinu,óhreinum,0_9,V;IND;PST;3;PL,0_6,V;IND;PRS;1;PL
nafn,nafnið,2_7,N;INDF;ACC;SG,2_0,N;DEF;NOM;SG
saurga,saurgi,1_9,V;IND;PRS;3;PL,1_16,V;SBJV;PRS;3;PL
fjallsins,fjalli,2_16,N;DEF;GEN;SG,2_15,N;INDF;DAT;SG
voni,vonar,4_14,V;SBJV;PRS;3;SG,4_8,N;INDF;NOM;PL
klæðin,klæði,1_7,?,1_16,V;SBJV;PRS;3;PL
sannmælis,sannmæli,3_7,?,3_0,V;IND;PRS;1;SG
sýnst,sýn,1_15,?,1_18,V;IMP;2;SG
jarðneskan,jarðnesk,0_2,V;SBJV;PST;1;PL,0_13,V;IND;PST;3;SG
neitað,neitar,1_0,?,1_17,V;IND;PRS;2;SG
mattata,mattats,2_2,N;INDF;ACC;PL,2_10,N;INDF;GEN;SG
hrósaði,hrós,1_3,V;SBJV;PST;3;SG,1_18,V;IMP;2;SG
skyldu,skyldi,0_9,V;IND;PST;3;PL,0_11,V;SBJV;PST;1;SG
ert,ers,0_12,?,0_14,?
búin,bú,1_7,?,1_18,V;IMP;2;SG
smíð,smíði,1_18,V;IMP;2;SG,1_16,V;SBJV;PRS;3;PL
sakfella,sakfellið,1_9,V;IND;PRS;3;PL,1_12,V;IMP;2;PL
flokkinn,flokk,4_15,?,4_10,N;INDF;NOM;SG
prédikið,prédikað,1_12,V;IMP;2;PL,1_0,?
vond,vondur,0_13,V;IND;PST;3;SG,0_3,V;IND;PRS;3;SG
afneitum,afneiti,1_13,V;SBJV;PRS;1;PL,1_16,V;SBJV;PRS;3;PL
leitað,leiti,1_0,?,1_16,V;SBJV;PRS;3;PL
píslum,píslir,0_6,V;IND;PRS;1;PL,0_4,V;SBJV;PST;2;SG
játa,játar,1_9,V;IND;PRS;3;PL,1_17,V;IND;PRS;2;SG
þjóð,þjóðum,4_10,N;INDF;NOM;SG,4_5,N;INDF;DAT;PL
reyndu,reyndi,0_9,V;IND;PST;3;PL,0_11,V;SBJV;PST;1;SG
heródesar,heródes,4_8,N;INDF;NOM;PL,4_10,N;INDF;NOM;SG
hanga,hangir,0_5,V;NFIN,0_4,V;SBJV;PST;2;SG
beinar,beinir,1_17,V;IND;PRS;2;SG,1_4,V;SBJV;PRS;2;SG
krossfesta,krossfest,0_5,V;NFIN,0_13,V;IND;PST;3;SG
spotti,spottað,1_16,V;SBJV;PRS;3;PL,1_0,?
varast,varir,1_19,?,1_4,V;SBJV;PRS;2;SG
steinum,steini,2_3,?,2_15,N;INDF;DAT;SG
orðunum,orðs,2_6,?,2_10,N;INDF;GEN;SG
uppfylla,uppfylli,1_9,V;IND;PRS;3;PL,1_16,V;SBJV;PRS;3;PL
safnaði,safnist,1_3,V;SBJV;PST;3;SG,1_11,V;IND;PRS;2;PL
sverðinu,sverð,2_12,N;DEF;DAT;SG,2_7,N;INDF;ACC;SG
gjöri,gjörir,1_16,V;SBJV;PRS;3;PL,1_4,V;SBJV;PRS;2;SG
orðinu,orðsins,2_12,N;DEF;DAT;SG,2_16,N;DEF;GEN;SG
vegsamað,vegsamið,1_0,?,1_12,V;IMP;2;PL
mælistikur,mælistiku,3_4,?,3_0,V;IND;PRS;1;SG
fremur,fremri,3_5,?,3_1,V;SBJV;PRS;1;SG
munir,muntu,1_4,V;SBJV;PRS;2;SG,1_5,V;SBJV;PST;3;PL
spádóm,spádómur,0_13,V;IND;PST;3;SG,0_3,V;IND;PRS;3;SG
hreyktu,hreykir,1_5,V;SBJV;PST;3;PL,1_4,V;SBJV;PRS;2;SG
illir,illra,0_4,V;SBJV;PST;2;SG,0_8,?
hætti,hættið,1_16,V;SBJV;PRS;3;PL,1_12,V;IMP;2;PL
hastar,hasta,3_4,?,3_0,V;IND;PRS;1;SG
stær,stærri,0_13,V;IND;PST;3;SG,0_0,?
iðrast,iðrar,1_19,?,1_17,V;IND;PRS;2;SG
drýgið,drýgir,1_12,V;IMP;2;PL,1_4,V;SBJV;PRS;2;SG
öruggir,öruggri,0_4,V;SBJV;PST;2;SG,0_0,?
kristur,krist,3_5,?,3_0,V;IND;PRS;1;SG
hvíldardaginn,hvíldardag,2_11,N;DEF;ACC;SG,2_7,N;INDF;ACC;SG
ósýrðum,ósýrðu,0_6,V;IND;PRS;1;PL,0_9,V;IND;PST;3;PL
læknast,læknaði,1_19,?,1_3,V;SBJV;PST;3;SG
pant,pantur,0_13,V;IND;PST;3;SG,0_3,V;IND;PRS;3;SG
lokið,lokum,1_12,V;IMP;2;PL,1_13,V;SBJV;PRS;1;PL
lagður,lagðir,0_3,V;IND;PRS;3;SG,0_4,V;SBJV;PST;2;SG
hálfu,hálft,0_9,V;IND;PST;3;PL,0_12,?
skyldi,skylduð,0_11,V;SBJV;PST;1;SG,0_1,V;IND;PST;2;PL
þolið,þoli,1_12,V;IMP;2;PL,1_16,V;SBJV;PRS;3;PL
fullnuð,fullnað,1_1,?,1_0,?
vegurinn,vegum,4_1,?,4_5,N;INDF;DAT;PL
hagi,hagað,1_16,V;SBJV;PRS;3;PL,1_0,?
greið,greiðið,1_18,V;IMP;2;SG,1_12,V;IMP;2;PL
situr,sitt,1_6,?,1_8,V.CVB
prestar,presturinn,2_13,?,2_4,?
treyst,treysta,0_13,V;IND;PST;3;SG,0_5,V;NFIN
eltir,elti,3_4,?,3_0,V;IND;PRS;1;SG
villast,villu,1_19,?,1_10,?
engils,engil,2_10,N;INDF;GEN;SG,2_7,N;INDF;ACC;SG
hastaði,hastar,3_11,V;IND;PST;1;SG,3_4,?
ónýtast,ónýta,1_19,?,1_9,V;IND;PRS;3;PL
elskuð,elsku,1_1,?,1_10,?
kynslóðar,kynslóð,0_10,V.PTCP;PRS,0_13,V;IND;PST;3;SG
filippus,filippusi,4_10,N;INDF;NOM;SG,4_14,V;SBJV;PRS;3;SG
hjúpast,hjúp,1_19,?,1_18,V;IMP;2;SG
hirði,hirðar,1_16,V;SBJV;PRS;3;PL,1_17,V;IND;PRS;2;SG
hrind,hrinda,0_13,V;IND;PST;3;SG,0_5,V;NFIN
hvílík,hvílíkur,0_13,V;IND;PST;3;SG,0_3,V;IND;PRS;3;SG
margir,margt,0_4,V;SBJV;PST;2;SG,0_12,?
vatnsins,vatns,2_16,N;DEF;GEN;SG,2_10,N;INDF;GEN;SG
talaði,talinn,1_3,V;SBJV;PST;3;SG,1_14,?
þinn,þinni,1_18,V;IMP;2;SG,1_16,V;SBJV;PRS;3;PL
kostið,kostum,1_12,V;IMP;2;PL,1_13,V;SBJV;PRS;1;PL
munt,munir,1_8,V.CVB,1_4,V;SBJV;PRS;2;SG
byrjaði,byrjar,1_3,V;SBJV;PST;3;SG,1_17,V;IND;PRS;2;SG
bein,beinist,1_18,V;IMP;2;SG,1_11,V;IND;PRS;2;PL
veginn,vega,4_15,?,4_2,N;INDF;GEN;PL
dagar,dags,2_13,?,2_10,N;INDF;GEN;SG
þrjóta,þrjóti,1_9,V;IND;PRS;3;PL,1_16,V;SBJV;PRS;3;PL
prestur,prestar,2_9,?,2_13,?
gagna,gagni,2_2,N;INDF;ACC;PL,2_15,N;INDF;DAT;SG
leitast,leitt,1_19,?,1_8,V.CVB
helgu,helgur,1_10,?,1_6,?
þorpa,þorpsins,2_2,N;INDF;ACC;PL,2_16,N;DEF;GEN;SG
fórnfæra,fórnfært,1_9,V;IND;PRS;3;PL,1_8,V.CVB
hrópa,hrópaði,1_9,V;IND;PRS;3;PL,1_3,V;SBJV;PST;3;SG
fórn,fórna,3_10,?,3_6,?
bjart,bjartur,0_13,V;IND;PST;3;SG,0_3,V;IND;PRS;3;SG
kyrru,kyrrt,0_9,V;IND;PST;3;PL,0_12,?
dýrmætan,dýrmæta,0_2,V;SBJV;PST;1;PL,0_5,V;NFIN
munir,munu,1_4,V;SBJV;PRS;2;SG,1_10,?
lítilsvirða,lítilsvirðir,0_5,V;NFIN,0_4,V;SBJV;PST;2;SG
fullnast,fullnuð,1_19,?,1_1,?
safnaðar,safnaðanna,4_8,N;INDF;NOM;PL,4_3,N;DEF;GEN;PL
einir,einar,0_4,V;SBJV;PST;2;SG,0_10,V.PTCP;PRS
breyta,breytir,1_9,V;IND;PRS;3;PL,1_4,V;SBJV;PRS;2;SG
hyggi,hyggist,1_16,V;SBJV;PRS;3;PL,1_11,V;IND;PRS;2;PL
lík,líki,1_18,V;IMP;2;SG,1_16,V;SBJV;PRS;3;PL
orðin,orða,2_14,N;DEF;ACC;PL,2_2,N;INDF;ACC;PL
elskaði,elskuð,1_3,V;SBJV;PST;3;SG,1_1,?
lýða,lýð,2_2,N;INDF;ACC;PL,2_7,N;INDF;ACC;SG
þegið,þegin,1_12,V;IMP;2;PL,1_7,?
skuldið,skuld,4_0,V;SBJV;PRS;2;PL,4_10,N;INDF;NOM;SG
byggðum,byggði,0_6,V;IND;PRS;1;PL,0_11,V;SBJV;PST;1;SG
fæðist,fæði,1_11,V;IND;PRS;2;PL,1_16,V;SBJV;PRS;3;PL
spámanns,spámannanna,2_10,N;INDF;GEN;SG,2_1,?
stöðuglega,stöðug,0_7,?,0_13,V;IND;PST;3;SG
flutt,flutti,0_13,V;IND;PST;3;SG,0_11,V;SBJV;PST;1;SG
hórdómur,hórdómi,2_9,?,2_15,N;INDF;DAT;SG
stein,steinn,2_7,N;INDF;ACC;SG,2_8,V;SBJV;PST;2;PL
raustar,raustu,4_8,N;INDF;NOM;PL,4_7,?
beita,beitt,1_9,V;IND;PRS;3;PL,1_8,V.CVB
meistara,meistarar,1_9,V;IND;PRS;3;PL,1_17,V;IND;PRS;2;SG
rekið,rekin,1_12,V;IMP;2;PL,1_7,?
borgir,borganna,4_12,?,4_3,N;DEF;GEN;PL
postula,postuli,4_2,N;INDF;GEN;PL,4_14,V;SBJV;PRS;3;SG
brauðin,brauðsins,2_14,N;DEF;ACC;PL,2_16,N;DEF;GEN;SG
þjófur,þjófar,4_4,?,4_8,N;INDF;NOM;PL
ávöxturinn,ávöxtur,4_1,?,4_4,?
brjóta,brjótum,1_9,V;IND;PRS;3;PL,1_13,V;SBJV;PRS;1;PL
guðs,guði,2_10,N;INDF;GEN;SG,2_15,N;INDF;DAT;SG
þyrstir,þyrsti,0_4,V;SBJV;PST;2;SG,0_11,V;SBJV;PST;1;SG
samkundanna,samkunda,4_3,N;DEF;GEN;PL,4_2,N;INDF;GEN;PL
réttlætast,réttlætir,1_19,?,1_4,V;SBJV;PRS;2;SG
plágur,plágum,4_4,?,4_5,N;INDF;DAT;PL
hróp,hrópa,1_18,V;IMP;2;SG,1_9,V;IND;PRS;3;PL
sjó,sjón,3_0,V;IND;PRS;1;SG,3_10,?
sáu,sái,3_13,?,3_0,V;IND;PRS;1;SG
högg,höggna,4_10,N;INDF;NOM;SG,4_6,?
drökmur,drökmuna,3_4,?,3_6,?
réttlátur,réttlátir,0_3,V;IND;PRS;3;SG,0_4,V;SBJV;PST;2;SG
vondur,vondar,0_3,V;IND;PRS;3;SG,0_10,V.PTCP;PRS
slíkum,slíkan,0_6,V;IND;PRS;1;PL,0_2,V;SBJV;PST;1;PL
eilífi,eilífan,0_11,V;SBJV;PST;1;SG,0_2,V;SBJV;PST;1;PL
blóðinu,blóði,2_12,N;DEF;DAT;SG,2_15,N;INDF;DAT;SG
slátra,slátrar,1_9,V;IND;PRS;3;PL,1_17,V;IND;PRS;2;SG
sama,sami,0_5,V;NFIN,0_11,V;SBJV;PST;1;SG
striti,strita,1_16,V;SBJV;PRS;3;PL,1_9,V;IND;PRS;3;PL
smíðum,smíði,1_13,V;SBJV;PRS;1;PL,1_16,V;SBJV;PRS;3;PL
réttu,réttist,1_10,?,1_11,V;IND;PRS;2;PL
reynast,reynst,1_19,?,1_15,?
dómurinn,dómsins,2_4,?,2_16,N;DEF;GEN;SG
hlýðið,hlýða,1_12,V;IMP;2;PL,1_9,V;IND;PRS;3;PL
skurðgoðunum,skurðgoðum,4_13,N;DEF;DAT;PL,4_5,N;INDF;DAT;PL
gjörið,gjörum,1_12,V;IMP;2;PL,1_13,V;SBJV;PRS;1;PL
presturinn,prestur,2_4,?,2_9,?
víngarðsins,víngarð,2_16,N;DEF;GEN;SG,2_7,N;INDF;ACC;SG
sælar,sælan,0_10,V.PTCP;PRS,0_2,V;SBJV;PST;1;PL
hvíldu,hvíldist,1_10,?,1_11,V;IND;PRS;2;PL
ríkdóminn,ríkdóm,2_11,N;DEF;ACC;SG,2_7,N;INDF;ACC;SG
fullu,fullur,0_9,V;IND;PST;3;PL,0_3,V;IND;PRS;3;SG
fótunum,fótur,4_13,N;DEF;DAT;PL,4_4,?
uppvekja,uppvekur,1_2,?,1_6,?
kennd,kenndir,0_13,V;IND;PST;3;SG,0_4,V;SBJV;PST;2;SG
fæðist,fæðu,1_11,V;IND;PRS;2;PL,1_10,?
fjandskapur,fjandskapinn,2_9,?,2_11,N;DEF;ACC;SG
vísið,víst,1_12,V;IMP;2;PL,1_8,V.CVB
vegið,vegar,4_0,V;SBJV;PRS;2;PL,4_8,N;INDF;NOM;PL
líkaði,líkist,1_3,V;SBJV;PST;3;SG,1_11,V;IND;PRS;2;PL
veitir,veittu,1_4,V;SBJV;PRS;2;SG,1_5,V;SBJV;PST;3;PL
sýni,sýnst,1_16,V;SBJV;PRS;3;PL,1_15,?
guðlasti,guðlasta,1_16,V;SBJV;PRS;3;PL,1_9,V;IND;PRS;3;PL
velþóknanleg,velþóknanlegri,0_13,V;IND;PST;3;SG,0_0,?
gættu,gætt,1_5,V;SBJV;PST;3;PL,1_8,V.CVB
láta,látum,1_9,V;IND;PRS;3;PL,1_13,V;SBJV;PRS;1;PL
breytum,breytið,1_13,V;SBJV;PRS;1;PL,1_12,V;IMP;2;PL
dauðu,dauða,0_9,V;IND;PST;3;PL,0_5,V;NFIN
andstæðing,andstæðingi,2_7,N;INDF;ACC;SG,2_15,N;INDF;DAT;SG
mættuð,mættum,0_1,V;IND;PST;2;PL,0_6,V;IND;PRS;1;PL
áminnum,áminnið,1_13,V;SBJV;PRS;1;PL,1_12,V;IMP;2;PL
reynd,reyndar,0_13,V;IND;PST;3;SG,0_10,V.PTCP;PRS
vegina,vegur,4_9,?,4_4,?
áttuð,áttað,1_1,?,1_0,?
getið,geta,1_12,V;IMP;2;PL,1_9,V;IND;PRS;3;PL
brúðkaupsgestir,brúðkaupsgestum,0_4,V;SBJV;PST;2;SG,0_6,V;IND;PRS;1;PL
engin,engu,1_7,?,1_10,?
básúnur,básúnu,4_4,?,4_7,?
móð,móðir,0_13,V;IND;PST;3;SG,0_4,V;SBJV;PST;2;SG
lagi,lag,1_16,V;SBJV;PRS;3;PL,1_18,V;IMP;2;SG
týrusar,týrus,4_8,N;INDF;NOM;PL,4_10,N;INDF;NOM;SG
sauðir,sauðinn,4_12,?,4_15,?
leiti,leitast,1_16,V;SBJV;PRS;3;PL,1_19,?
leynda,leyndum,0_5,V;NFIN,0_6,V;IND;PRS;1;PL
hópur,hóp,4_4,?,4_10,N;INDF;NOM;SG
ofsækir,ofsækja,1_4,V;SBJV;PRS;2;SG,1_2,?
mælið,mæltu,1_12,V;IMP;2;PL,1_5,V;SBJV;PST;3;PL
höggormurinn,höggormar,2_4,?,2_13,?
gæfur,gæfum,0_3,V;IND;PRS;3;SG,0_6,V;IND;PRS;1;PL
skírt,skírast,1_8,V.CVB,1_19,?
þreyta,þreytst,1_9,V;IND;PRS;3;PL,1_15,?
málinu,málið,2_12,N;DEF;DAT;SG,2_0,N;DEF;NOM;SG
vonda,vondri,0_5,V;NFIN,0_0,?
réttur,rétta,1_6,?,1_9,V;IND;PRS;3;PL
kona,konar,0_5,V;NFIN,0_10,V.PTCP;PRS
dómur,dómi,2_9,?,2_15,N;INDF;DAT;SG
bundu,bundin,4_7,?,4_11,N;DEF;NOM;PL
réttvísi,réttvíslega,2_15,N;INDF;DAT;SG,2_5,?
eigum,eigin,1_13,V;SBJV;PRS;1;PL,1_7,?
óskað,óskum,1_0,?,1_13,V;SBJV;PRS;1;PL
heilla,heilli,1_9,V;IND;PRS;3;PL,1_16,V;SBJV;PRS;3;PL
rekur,rekja,1_6,?,1_2,?
baðst,bað,3_14,V;IND;PST;2;SG,3_0,V;IND;PRS;1;SG
siðu,siðum,0_9,V;IND;PST;3;PL,0_6,V;IND;PRS;1;PL
musteri,musterinu,2_15,N;INDF;DAT;SG,2_12,N;DEF;DAT;SG
ríkdómur,ríkdóms,2_9,?,2_10,N;INDF;GEN;SG
leiddur,leiddu,0_3,V;IND;PRS;3;SG,0_9,V;IND;PST;3;PL
seldur,selduð,0_3,V;IND;PRS;3;SG,0_1,V;IND;PST;2;PL
gjöra,gjörum,1_9,V;IND;PRS;3;PL,1_13,V;SBJV;PRS;1;PL
hughraustir,hughraust,0_4,V;SBJV;PST;2;SG,0_13,V;IND;PST;3;SG
síðan,síðu,0_2,V;SBJV;PST;1;PL,0_9,V;IND;PST;3;PL
talentuna,talentur,3_6,?,3_4,?
læri,lærið,1_16,V;SBJV;PRS;3;PL,1_12,V;IMP;2;PL
gróðursettu,gróðursett,0_9,V;IND;PST;3;PL,0_13,V;IND;PST;3;SG
skipar,skipið,2_13,?,2_0,N;DEF;NOM;SG
gróðavegur,gróðaveg,0_3,V;IND;PRS;3;SG,0_13,V;IND;PST;3;SG
takið,taktu,1_12,V;IMP;2;PL,1_5,V;SBJV;PST;3;PL
þorpi,þorpum,2_15,N;INDF;DAT;SG,2_3,?
fávísu,fávísi,0_9,V;IND;PST;3;PL,0_11,V;SBJV;PST;1;SG
vísu,vísir,1_10,?,1_4,V;SBJV;PRS;2;SG
gæti,gætur,1_16,V;SBJV;PRS;3;PL,1_6,?
stuttur,stuttan,0_3,V;IND;PRS;3;SG,0_2,V;SBJV;PST;1;PL
fullreyndur,fullreynd,4_4,?,4_10,N;INDF;NOM;SG
smurði,smurðu,0_11,V;SBJV;PST;1;SG,0_9,V;IND;PST;3;PL
boða,boðað,1_9,V;IND;PRS;3;PL,1_0,?
eldslogum,eldslogi,1_13,V;SBJV;PRS;1;PL,1_16,V;SBJV;PRS;3;PL
ríkt,ríki,1_8,V.CVB,1_16,V;SBJV;PRS;3;PL
ákallar,ákall,1_17,V;IND;PRS;2;SG,1_18,V;IMP;2;SG
kyssa,kyssi,1_9,V;IND;PRS;3;PL,1_16,V;SBJV;PRS;3;PL
tekur,tekst,3_5,?,3_14,V;IND;PST;2;SG
hverfur,hverfum,0_3,V;IND;PRS;3;SG,0_6,V;IND;PRS;1;PL
mínar,míns,0_10,V.PTCP;PRS,0_14,?
skiljið,skilji,3_2,?,3_0,V;IND;PRS;1;SG
stóðu,stóð,0_9,V;IND;PST;3;PL,0_13,V;IND;PST;3;SG
heims,heim,2_10,N;INDF;GEN;SG,2_7,N;INDF;ACC;SG
eiðs,eiður,2_10,N;INDF;GEN;SG,2_9,?
frétt,fréttu,1_18,V;IMP;2;SG,1_10,?
sífellda,sífelldum,0_5,V;NFIN,0_6,V;IND;PRS;1;PL
sendu,sendum,0_9,V;IND;PST;3;PL,0_6,V;IND;PRS;1;PL
boðskapur,boðskapurinn,2_9,?,2_4,?
ríkja,ríku,1_2,?,1_10,?
veitist,veittu,1_11,V;IND;PRS;2;PL,1_5,V;SBJV;PST;3;PL
góði,góð,0_11,V;SBJV;PST;1;SG,0_13,V;IND;PST;3;SG
höggna,höggin,4_6,?,4_11,N;DEF;NOM;PL
opnu,opnaði,1_10,?,1_3,V;SBJV;PST;3;SG
snert,snertu,1_8,V.CVB,1_5,V;SBJV;PST;3;PL
trúað,trúu,1_0,?,1_10,?
fullra,fullum,0_8,?,0_6,V;IND;PRS;1;PL
líkaði,líkir,1_3,V;SBJV;PST;3;SG,1_4,V;SBJV;PRS;2;SG
ekkjuna,ekkjur,3_6,?,3_4,?
varðveitast,varðveitið,1_19,?,1_12,V;IMP;2;PL
lest,les,3_14,V;IND;PST;2;SG,3_7,?
hrósum,hrósaði,1_13,V;SBJV;PRS;1;PL,1_3,V;SBJV;PST;3;SG
kvíð,kvíða,1_18,V;IMP;2;SG,1_9,V;IND;PRS;3;PL
líki,líka,1_16,V;SBJV;PRS;3;PL,1_9,V;IND;PRS;3;PL
suma,sum,0_5,V;NFIN,0_13,V;IND;PST;3;SG
hirði,hirðir,1_16,V;SBJV;PRS;3;PL,1_4,V;SBJV;PRS;2;SG
ósæmilegt,ósæmilega,0_12,?,0_5,V;NFIN
prédikar,prédikið,1_17,V;IND;PRS;2;SG,1_12,V;IMP;2;PL
saurgar,saurga,1_17,V;IND;PRS;2;SG,1_9,V;IND;PRS;3;PL
ljómaði,ljómi,1_3,V;SBJV;PST;3;SG,1_16,V;SBJV;PRS;3;PL
áhyggjur,áhyggjum,0_3,V;IND;PRS;3;SG,0_6,V;IND;PRS;1;PL
hreykja,hreyktu,1_2,?,1_5,V;SBJV;PST;3;PL
fremja,fremri,3_8,?,3_1,V;SBJV;PRS;1;SG
lifið,lifum,1_12,V;IMP;2;PL,1_13,V;SBJV;PRS;1;PL
lífi,lífsins,2_15,N;INDF;DAT;SG,2_16,N;DEF;GEN;SG
mælið,mælum,1_12,V;IMP;2;PL,1_13,V;SBJV;PRS;1;PL
húsbóndi,húsbónda,2_15,N;INDF;DAT;SG,2_2,N;INDF;ACC;PL
konunganna,konungsins,2_1,?,2_16,N;DEF;GEN;SG
símeon,símeons,3_0,V;IND;PRS;1;SG,3_7,?
hörpuna,hörpu,3_6,?,3_0,V;IND;PRS;1;SG
dúkur,dúk,0_3,V;IND;PRS;3;SG,0_13,V;IND;PST;3;SG
beiðast,beið,1_19,?,1_18,V;IMP;2;SG
var,varið,1_18,V;IMP;2;SG,1_12,V;IMP;2;PL
veittu,veitum,1_5,V;SBJV;PST;3;PL,1_13,V;SBJV;PRS;1;PL
réðu,réð,3_13,?,3_0,V;IND;PRS;1;SG
skuld,skuldar,4_10,N;INDF;NOM;SG,4_8,N;INDF;NOM;PL
eigið,eigir,1_12,V;IMP;2;PL,1_4,V;SBJV;PRS;2;SG
klædduð,klæddan,0_1,V;IND;PST;2;PL,0_2,V;SBJV;PST;1;PL
hrópaði,hrópa,1_3,V;SBJV;PST;3;SG,1_9,V;IND;PRS;3;PL
hrósa,hrós,1_9,V;IND;PRS;3;PL,1_18,V;IMP;2;SG
ryð,ryðið,1_18,V;IMP;2;SG,1_12,V;IMP;2;PL
völdum,völdin,4_5,N;INDF;DAT;PL,4_11,N;DEF;NOM;PL
heilsar,heilsið,1_17,V;IND;PRS;2;SG,1_12,V;IMP;2;PL
holdlega,holdinu,2_5,?,2_12,N;DEF;DAT;SG
rétta,rétti,1_9,V;IND;PRS;3;PL,1_16,V;SBJV;PRS;3;PL
nokkurs,nokkurt,3_7,?,3_12,?
prédika,prédiki,1_9,V;IND;PRS;3;PL,1_16,V;SBJV;PRS;3;PL
hungrar,hungri,1_17,V;IND;PRS;2;SG,1_16,V;SBJV;PRS;3;PL
fæðast,fæðist,1_19,?,1_11,V;IND;PRS;2;PL
andlitið,andlit,1_12,V;IMP;2;PL,1_18,V;IMP;2;SG
gáfa,gáfum,0_5,V;NFIN,0_6,V;IND;PRS;1;PL
vænti,væntum,1_16,V;SBJV;PRS;3;PL,1_13,V;SBJV;PRS;1;PL
seld,seldi,0_13,V;IND;PST;3;SG,0_11,V;SBJV;PST;1;SG
fjötrað,fjötri,1_0,?,1_16,V;SBJV;PRS;3;PL
dauðlega,dauði,0_7,?,0_11,V;SBJV;PST;1;SG
hrósað,hrósaði,1_0,?,1_3,V;SBJV;PST;3;SG
líflátinn,líflátið,2_11,N;DEF;ACC;SG,2_0,N;DEF;NOM;SG
stundir,stundið,4_12,?,4_0,V;SBJV;PRS;2;PL
klæddan,klæddir,0_2,V;SBJV;PST;1;PL,0_4,V;SBJV;PST;2;SG
traust,trausts,0_13,V;IND;PST;3;SG,0_14,?
eigin,eigum,1_7,?,1_13,V;SBJV;PRS;1;PL
fenginn,fenguð,1_14,?,1_1,?
heilir,heilu,0_4,V;SBJV;PST;2;SG,0_9,V;IND;PST;3;PL
blinda,blind,0_5,V;NFIN,0_13,V;IND;PST;3;SG
frjálst,frjálsa,0_12,?,0_5,V;NFIN
biðjið,biðjist,1_12,V;IMP;2;PL,1_11,V;IND;PRS;2;PL
kvæntir,kvænti,1_4,V;SBJV;PRS;2;SG,1_16,V;SBJV;PRS;3;PL
gyðings,gyðing,2_10,N;INDF;GEN;SG,2_7,N;INDF;ACC;SG
dýrðar,dýrðina,4_8,N;INDF;NOM;PL,4_9,?
þjónusta,þjónustan,0_5,V;NFIN,0_2,V;SBJV;PST;1;PL
varðveitið,varðveitt,1_12,V;IMP;2;PL,1_8,V.CVB
þyrna,þyrnum,0_5,V;NFIN,0_6,V;IND;PRS;1;PL
fávísa,fávísra,0_5,V;NFIN,0_8,?
réttlátra,réttláti,0_8,?,0_11,V;SBJV;PST;1;SG
uppskera,uppskerum,0_5,V;NFIN,0_6,V;IND;PRS;1;PL
drekkið,drekk,1_12,V;IMP;2;PL,1_18,V;IMP;2;SG
gætum,gæti,1_13,V;SBJV;PRS;1;PL,1_16,V;SBJV;PRS;3;PL
smaragð,smaragður,0_13,V;IND;PST;3;SG,0_3,V;IND;PRS;3;SG
leggið,legg,1_12,V;IMP;2;PL,1_18,V;IMP;2;SG
armur,armi,0_3,V;IND;PRS;3;SG,0_11,V;SBJV;PST;1;SG
norðri,norðan,0_0,?,0_2,V;SBJV;PST;1;PL
leyndardómi,leyndardómur,2_15,N;INDF;DAT;SG,2_9,?
minn,minnt,1_18,V;IMP;2;SG,1_8,V.CVB
söfnuðurinn,söfnuður,4_1,?,4_4,?
súlnagöngum,súlnagöng,4_5,N;INDF;DAT;PL,4_10,N;INDF;NOM;SG
eilíft,eilífar,0_12,?,0_10,V.PTCP;PRS
bíðið,bíði,1_12,V;IMP;2;PL,1_16,V;SBJV;PRS;3;PL
beinin,beinar,1_7,?,1_17,V;IND;PRS;2;SG
mæltu,mælum,1_5,V;SBJV;PST;3;PL,1_13,V;SBJV;PRS;1;PL
kveðið,kveðja,1_12,V;IMP;2;PL,1_2,?
lygara,lygarar,1_9,V;IND;PRS;3;PL,1_17,V;IND;PRS;2;SG
kostar,kost,1_17,V;IND;PRS;2;SG,1_18,V;IMP;2;SG
meini,meinað,1_16,V;SBJV;PRS;3;PL,1_0,?
presta,prestsins,2_2,N;INDF;ACC;PL,2_16,N;DEF;GEN;SG
dó,dóu,0_13,V;IND;PST;3;SG,0_9,V;IND;PST;3;PL
blóðsins,blóðinu,2_16,N;DEF;GEN;SG,2_12,N;DEF;DAT;SG
reynir,reynum,1_4,V;SBJV;PRS;2;SG,1_13,V;SBJV;PRS;1;PL
söfnuðurinn,söfnuðir,4_1,?,4_12,?
jórdan,jórdanar,4_10,N;INDF;NOM;SG,4_8,N;INDF;NOM;PL
launin,launanna,4_11,N;DEF;NOM;PL,4_3,N;DEF;GEN;PL
táknin,tákni,2_14,N;DEF;ACC;PL,2_15,N;INDF;DAT;SG
fullkominn,fullkomið,2_11,N;DEF;ACC;SG,2_0,N;DEF;NOM;SG
finnast,finnst,1_19,?,1_15,?
lifir,lifið,1_4,V;SBJV;PRS;2;SG,1_12,V;IMP;2;PL
maklegur,maklegir,0_3,V;IND;PRS;3;SG,0_4,V;SBJV;PST;2;SG
jarðnesk,jarðneskur,0_13,V;IND;PST;3;SG,0_3,V;IND;PRS;3;SG
réttist,réttið,1_11,V;IND;PRS;2;PL,1_12,V;IMP;2;PL
ónýtt,ónýti,1_8,V.CVB,1_16,V;SBJV;PRS;3;PL
styrkist,styrkja,1_11,V;IND;PRS;2;PL,1_2,?
boðað,boðaði,1_0,?,1_3,V;SBJV;PST;3;SG
voru,vora,0_9,V;IND;PST;3;PL,0_5,V;NFIN
reynast,reynt,1_19,?,1_8,V.CVB
vitið,vitað,1_12,V;IMP;2;PL,1_0,?
staðin,staðinn,4_11,N;DEF;NOM;PL,4_15,?
kominn,komist,1_14,?,1_11,V;IND;PRS;2;PL
þakkir,þakkar,1_4,V;SBJV;PRS;2;SG,1_17,V;IND;PRS;2;SG
farið,farin,1_12,V;IMP;2;PL,1_7,?
tungan,tungu,0_2,V;SBJV;PST;1;PL,0_9,V;IND;PST;3;PL
kunnir,kunn,0_4,V;SBJV;PST;2;SG,0_13,V;IND;PST;3;SG
bátinn,bátur,2_11,N;DEF;ACC;SG,2_9,?
sérhvern,sérhvers,3_10,?,3_7,?
útlista,útlisti,1_9,V;IND;PRS;3;PL,1_16,V;SBJV;PRS;3;PL
opnað,opnist,1_0,?,1_11,V;IND;PRS;2;PL
kæra,kærir,0_5,V;NFIN,0_4,V;SBJV;PST;2;SG
limur,lima,0_3,V;IND;PRS;3;SG,0_5,V;NFIN
verk,verkanna,2_7,N;INDF;ACC;SG,2_1,?
fullu,fullri,0_9,V;IND;PST;3;PL,0_0,?
vatnanna,vatnsins,2_1,?,2_16,N;DEF;GEN;SG
réttláta,réttlátur,0_5,V;NFIN,0_3,V;IND;PRS;3;SG
skipanna,skipar,2_1,?,2_13,?
gætið,gætur,1_12,V;IMP;2;PL,1_6,?
gætuð,gæti,1_1,?,1_16,V;SBJV;PRS;3;PL
dag,dags,2_7,N;INDF;ACC;SG,2_10,N;INDF;GEN;SG
trúu,trúa,1_10,?,1_9,V;IND;PRS;3;PL
tak,taki,1_18,V;IMP;2;SG,1_16,V;SBJV;PRS;3;PL
æðst,æðstu,0_13,V;IND;PST;3;SG,0_9,V;IND;PST;3;PL
virtir,virtist,1_4,V;SBJV;PRS;2;SG,1_11,V;IND;PRS;2;PL
nakson,naksons,3_0,V;IND;PRS;1;SG,3_7,?
torgið,torgum,2_0,N;DEF;NOM;SG,2_3,?
átta,áttir,1_9,V;IND;PRS;3;PL,1_4,V;SBJV;PRS;2;SG
veitt,veiti,1_8,V.CVB,1_16,V;SBJV;PRS;3;PL
tek,tekur,3_0,V;IND;PRS;1;SG,3_5,?
verðið,verður,2_0,N;DEF;NOM;SG,2_9,?
fastar,fasta,1_17,V;IND;PRS;2;SG,1_9,V;IND;PRS;3;PL
höndla,höndli,1_9,V;IND;PRS;3;PL,1_16,V;SBJV;PRS;3;PL
lofar,lofa,1_17,V;IND;PRS;2;SG,1_9,V;IND;PRS;3;PL
strangur,stranglega,0_3,V;IND;PRS;3;SG,0_7,?
hægri,hægra,0_0,?,0_8,?
get,getað,1_18,V;IMP;2;SG,1_0,?
daginn,dags,2_11,N;DEF;ACC;SG,2_10,N;INDF;GEN;SG
rífur,ríf,0_3,V;IND;PRS;3;SG,0_13,V;IND;PST;3;SG
gróðaveg,gróðavegur,0_13,V;IND;PST;3;SG,0_3,V;IND;PRS;3;SG
heilagir,heilagi,0_4,V;SBJV;PST;2;SG,0_11,V;SBJV;PST;1;SG
snúið,snúinn,1_12,V;IMP;2;PL,1_14,?
fætur,fætt,0_3,V;IND;PRS;3;SG,0_12,?
uppfylltu,uppfylli,1_5,V;SBJV;PST;3;PL,1_16,V;SBJV;PRS;3;PL
heilli,heillað,1_16,V;SBJV;PRS;3;PL,1_0,?
konungur,konungi,2_9,?,2_15,N;INDF;DAT;SG
vatnanna,vatni,2_1,?,2_15,N;INDF;DAT;SG
syndunum,synd,4_13,N;DEF;DAT;PL,4_10,N;INDF;NOM;SG
máttinn,mátt,4_15,?,4_10,N;INDF;NOM;SG
fullkomlega,fullkomin,2_5,?,2_14,N;DEF;ACC;PL
dúka,dúkur,0_5,V;NFIN,0_3,V;IND;PRS;3;SG
strandaði,strandar,3_11,V;IND;PST;1;SG,3_4,?
hvílíka,hvílíkur,0_5,V;NFIN,0_3,V;IND;PRS;3;SG
vegsamið,vegsamar,1_12,V;IMP;2;PL,1_17,V;IND;PRS;2;SG
óstyrku,óstyrkir,0_9,V;IND;PST;3;PL,0_4,V;SBJV;PST;2;SG
styrk,styrkst,1_18,V;IMP;2;SG,1_15,?
blindir,blindum,0_4,V;SBJV;PST;2;SG,0_6,V;IND;PRS;1;PL
röðin,röð,4_11,N;DEF;NOM;PL,4_10,N;INDF;NOM;SG
alda,aldur,0_5,V;NFIN,0_3,V;IND;PRS;3;SG
dauðum,dauðu,0_6,V;IND;PRS;1;PL,0_9,V;IND;PST;3;PL
sofum,sofa,1_13,V;SBJV;PRS;1;PL,1_9,V;IND;PRS;3;PL
lífið,lífinu,2_0,N;DEF;NOM;SG,2_12,N;DEF;DAT;SG
ópi,óp,2_15,N;INDF;DAT;SG,2_7,N;INDF;ACC;SG
mein,meinað,1_18,V;IMP;2;SG,1_0,?
þrái,þráið,1_16,V;SBJV;PRS;3;PL,1_12,V;IMP;2;PL
sonar,son,4_8,N;INDF;NOM;PL,4_10,N;INDF;NOM;SG
þorpinu,þorps,2_12,N;DEF;DAT;SG,2_10,N;INDF;GEN;SG
vegir,vegar,4_12,?,4_8,N;INDF;NOM;PL
væri,værir,0_11,V;SBJV;PST;1;SG,0_4,V;SBJV;PST;2;SG
brúðkaupsins,brúðkaup,2_16,N;DEF;GEN;SG,2_7,N;INDF;ACC;SG
leiddir,leiddu,0_4,V;SBJV;PST;2;SG,0_9,V;IND;PST;3;PL
ölmusur,ölmusu,0_3,V;IND;PRS;3;SG,0_9,V;IND;PST;3;PL
ætlar,ætli,1_17,V;IND;PRS;2;SG,1_16,V;SBJV;PRS;3;PL
skaltu,skal,1_5,V;SBJV;PST;3;PL,1_18,V;IMP;2;SG
frjálslega,frjálsra,0_7,?,0_8,?
veitt,veitast,1_8,V.CVB,1_19,?
unga,ungum,0_5,V;NFIN,0_6,V;IND;PRS;1;PL
ljóna,ljóni,2_2,N;INDF;ACC;PL,2_15,N;INDF;DAT;SG
læsið,læsir,1_12,V;IMP;2;PL,1_4,V;SBJV;PRS;2;SG
æsir,æstu,1_4,V;SBJV;PRS;2;SG,1_5,V;SBJV;PST;3;PL
jarðneskra,jarðneskur,0_8,?,0_3,V;IND;PRS;3;SG
vísa,vísaði,1_9,V;IND;PRS;3;PL,1_3,V;SBJV;PST;3;SG
brauðin,brauðið,2_14,N;DEF;ACC;PL,2_0,N;DEF;NOM;SG
óskum,óskir,1_13,V;SBJV;PRS;1;PL,1_4,V;SBJV;PRS;2;SG
stóra,stórum,0_5,V;NFIN,0_6,V;IND;PRS;1;PL
látinn,láttu,1_14,?,1_5,V;SBJV;PST;3;PL
hryggist,hryggir,1_11,V;IND;PRS;2;PL,1_4,V;SBJV;PRS;2;SG
óvirt,óvirti,0_13,V;IND;PST;3;SG,0_11,V;SBJV;PST;1;SG
slíkri,slíks,0_0,?,0_14,?
lofgjörðin,lofgjörð,4_11,N;DEF;NOM;PL,4_10,N;INDF;NOM;SG
söfnuðinn,söfnuðunum,4_15,?,4_13,N;DEF;DAT;PL
heimurinn,heims,2_4,?,2_10,N;INDF;GEN;SG
rannsakar,rannsaka,1_17,V;IND;PRS;2;SG,1_9,V;IND;PRS;3;PL
fagna,fagnar,1_9,V;IND;PRS;3;PL,1_17,V;IND;PRS;2;SG
reki,rekið,1_16,V;SBJV;PRS;3;PL,1_12,V;IMP;2;PL
fremri,fremur,3_1,V;SBJV;PRS;1;SG,3_5,?
standa,standast,1_9,V;IND;PRS;3;PL,1_19,?
upplýsa,upplýst,0_5,V;NFIN,0_12,?
kefas,kefasar,4_10,N;INDF;NOM;SG,4_8,N;INDF;NOM;PL
ljóslega,ljóssins,2_5,?,2_16,N;DEF;GEN;SG
vegsami,vegsamað,1_16,V;SBJV;PRS;3;PL,1_0,?
orka,orkið,1_9,V;IND;PRS;3;PL,1_12,V;IMP;2;PL
skapaði,skapa,1_3,V;SBJV;PST;3;SG,1_9,V;IND;PRS;3;PL
erfa,erfir,0_5,V;NFIN,0_4,V;SBJV;PST;2;SG
skilaði,skilin,1_3,V;SBJV;PST;3;SG,1_7,?
fluttur,fluttum,0_3,V;IND;PRS;3;SG,0_6,V;IND;PRS;1;PL
samfélagi,samfélags,2_15,N;INDF;DAT;SG,2_10,N;INDF;GEN;SG
spyrja,spyrð,3_8,?,3_2,?
girndin,girnd,4_11,N;DEF;NOM;PL,4_10,N;INDF;NOM;SG
lambinu,lambsins,2_12,N;DEF;DAT;SG,2_16,N;DEF;GEN;SG
hreykinn,hreykið,1_14,?,1_12,V;IMP;2;PL
máltíða,máltíðar,4_2,N;INDF;GEN;PL,4_8,N;INDF;NOM;PL
jafna,jafnir,1_9,V;IND;PRS;3;PL,1_4,V;SBJV;PRS;2;SG
sköpun,sköpunin,4_10,N;INDF;NOM;SG,4_11,N;DEF;NOM;PL
mjöl,mjöls,3_0,V;IND;PRS;1;SG,3_7,?
nýja,nýi,3_8,?,3_0,V;IND;PRS;1;SG
þorpin,þorpanna,2_14,N;DEF;ACC;PL,2_1,?
berja,berið,1_2,?,1_12,V;IMP;2;PL
þorps,þorpinu,2_10,N;INDF;GEN;SG,2_12,N;DEF;DAT;SG
þekkt,þekki,1_8,V.CVB,1_16,V;SBJV;PRS;3;PL
lambinu,lamb,2_12,N;DEF;DAT;SG,2_7,N;INDF;ACC;SG
sauðinn,sauða,4_15,?,4_2,N;INDF;GEN;PL
séu,séð,3_13,?,3_2,?
gjörið,gjörast,1_12,V;IMP;2;PL,1_19,?
heiðingjum,heiðingjunum,4_5,N;INDF;DAT;PL,4_13,N;DEF;DAT;PL
fæði,fæðu,1_16,V;SBJV;PRS;3;PL,1_10,?
leyfa,leyfist,1_9,V;IND;PRS;3;PL,1_11,V;IND;PRS;2;PL
samri,samt,0_0,?,0_12,?
þjóðin,þjóðum,4_11,N;DEF;NOM;PL,4_5,N;INDF;DAT;PL
manndrápari,manndrápara,1_16,V;SBJV;PRS;3;PL,1_9,V;IND;PRS;3;PL
gerist,gerast,1_11,V;IND;PRS;2;PL,1_19,?
reyk,reykinn,2_7,N;INDF;ACC;SG,2_11,N;DEF;ACC;SG
þíns,þína,0_14,?,0_5,V;NFIN
leiðar,leiðast,1_17,V;IND;PRS;2;SG,1_19,?
safnast,safnið,1_19,?,1_12,V;IMP;2;PL
greina,grein,4_2,N;INDF;GEN;PL,4_10,N;INDF;NOM;SG
drekkum,drekki,1_13,V;SBJV;PRS;1;PL,1_16,V;SBJV;PRS;3;PL
hátt,háttað,1_18,V;IMP;2;SG,1_0,?
dæmast,dæmist,1_19,?,1_11,V;IND;PRS;2;PL
fullir,fullar,0_4,V;SBJV;PST;2;SG,0_10,V.PTCP;PRS
sjá,sjáum,1_18,V;IMP;2;SG,1_13,V;SBJV;PRS;1;PL
bind,binda,1_18,V;IMP;2;SG,1_9,V;IND;PRS;3;PL
svart,svarað,1_8,V.CVB,1_0,?
leyf,leyfa,1_18,V;IMP;2;SG,1_9,V;IND;PRS;3;PL
þínum,þína,0_6,V;IND;PRS;1;PL,0_5,V;NFIN
boðorðið,boðorð,2_0,N;DEF;NOM;SG,2_7,N;INDF;ACC;SG
sekan,sekar,0_2,V;SBJV;PST;1;PL,0_10,V.PTCP;PRS
gróða,gróður,0_5,V;NFIN,0_3,V;IND;PRS;3;SG
klæddum,klæddir,0_6,V;IND;PRS;1;PL,0_4,V;SBJV;PST;2;SG
gjörðan,gjörði,0_2,V;SBJV;PST;1;PL,0_11,V;SBJV;PST;1;SG
tortími,tortímst,1_16,V;SBJV;PRS;3;PL,1_15,?
opið,opna,4_0,V;SBJV;PRS;2;PL,4_6,?
góðs,góðri,0_14,?,0_0,?
fávísan,fávísra,0_2,V;SBJV;PST;1;PL,0_8,?
afl,aflað,1_18,V;IMP;2;SG,1_0,?
syndar,syndum,4_8,N;INDF;NOM;PL,4_5,N;INDF;DAT;PL
ætli,ætlar,1_16,V;SBJV;PRS;3;PL,1_17,V;IND;PRS;2;SG
brauðum,brauðs,2_3,?,2_10,N;INDF;GEN;SG
veitast,veitist,1_19,?,1_11,V;IND;PRS;2;PL
góður,góðum,0_3,V;IND;PRS;3;SG,0_6,V;IND;PRS;1;PL
bitra,bitu,0_8,?,0_9,V;IND;PST;3;PL
hirta,hirti,0_5,V;NFIN,0_11,V;SBJV;PST;1;SG
gáfan,gáfur,0_2,V;SBJV;PST;1;PL,0_3,V;IND;PRS;3;SG
óaðfinnanleg,óaðfinnanlegar,0_13,V;IND;PST;3;SG,0_10,V.PTCP;PRS
felst,feli,1_15,?,1_16,V;SBJV;PRS;3;PL
kenningunum,kenningu,4_13,N;DEF;DAT;PL,4_7,?
óttinn,ótti,1_14,?,1_16,V;SBJV;PRS;3;PL
deilu,deilan,0_9,V;IND;PST;3;PL,0_2,V;SBJV;PST;1;PL
slíkri,slík,0_0,?,0_13,V;IND;PST;3;SG
staði,staðin,4_14,V;SBJV;PRS;3;SG,4_11,N;DEF;NOM;PL
rætast,rætt,1_19,?,1_8,V.CVB
víður,víðan,0_3,V;IND;PRS;3;SG,0_2,V;SBJV;PST;1;PL
blóði,blóðinu,2_15,N;INDF;DAT;SG,2_12,N;DEF;DAT;SG
innsigla,innsiglinu,2_2,N;INDF;ACC;PL,2_12,N;DEF;DAT;SG
hvílíks,hvílíkir,0_14,?,0_4,V;SBJV;PST;2;SG
tilreiknar,tilreiknað,1_17,V;IND;PRS;2;SG,1_0,?
mælist,mælum,1_11,V;IND;PRS;2;PL,1_13,V;SBJV;PRS;1;PL
hefndi,hefnd,4_14,V;SBJV;PRS;3;SG,4_10,N;INDF;NOM;SG
uppbyggið,uppbyggja,1_12,V;IMP;2;PL,1_2,?
leggið,leggir,1_12,V;IMP;2;PL,1_4,V;SBJV;PRS;2;SG
eykur,eyki,3_5,?,3_0,V;IND;PRS;1;SG
hlaupa,hlaupið,1_9,V;IND;PRS;3;PL,1_12,V;IMP;2;PL
heimi,heim,2_15,N;INDF;DAT;SG,2_7,N;INDF;ACC;SG
tjá,tjáði,3_0,V;IND;PRS;1;SG,3_11,V;IND;PST;1;SG
starfs,starfar,2_10,N;INDF;GEN;SG,2_13,?
svart,svara,1_8,V.CVB,1_9,V;IND;PRS;3;PL
lýðsins,lýðinn,2_16,N;DEF;GEN;SG,2_11,N;DEF;ACC;SG
sveitir,sveit,0_4,V;SBJV;PST;2;SG,0_13,V;IND;PST;3;SG
þjónið,þjóni,2_0,N;DEF;NOM;SG,2_15,N;INDF;DAT;SG
hvílík,hvílíks,0_13,V;IND;PST;3;SG,0_14,?
sýnst,sýnt,1_15,?,1_8,V.CVB
þjónn,þjóns,2_8,V;SBJV;PST;2;PL,2_10,N;INDF;GEN;SG
hræsnari,hræsnara,1_16,V;SBJV;PRS;3;PL,1_9,V;IND;PRS;3;PL
heims,heima,2_10,N;INDF;GEN;SG,2_2,N;INDF;ACC;PL
fljótið,fljótin,4_0,V;SBJV;PRS;2;PL,4_11,N;DEF;NOM;PL
heilagri,heilagar,0_0,?,0_10,V.PTCP;PRS
opin,opna,4_11,N;DEF;NOM;PL,4_6,?
ógn,ógna,0_13,V;IND;PST;3;SG,0_5,V;NFIN
þjónustu,þjónustan,0_9,V;IND;PST;3;PL,0_2,V;SBJV;PST;1;PL
kallið,kallað,1_12,V;IMP;2;PL,1_0,?
rifið,rifja,1_12,V;IMP;2;PL,1_2,?
miskunnar,miskunnaði,1_17,V;IND;PRS;2;SG,1_3,V;SBJV;PST;3;SG
ávöxtum,ávöxtur,4_5,N;INDF;DAT;PL,4_4,?
sanni,sannur,1_16,V;SBJV;PRS;3;PL,1_6,?
mælum,mæltu,1_13,V;SBJV;PRS;1;PL,1_5,V;SBJV;PST;3;PL
glatast,glataði,1_19,?,1_3,V;SBJV;PST;3;SG
landsins,land,2_16,N;DEF;GEN;SG,2_7,N;INDF;ACC;SG
trúað,trúir,1_0,?,1_4,V;SBJV;PRS;2;SG
látinn,látum,1_14,?,1_13,V;SBJV;PRS;1;PL
hygg,hyggur,1_18,V;IMP;2;SG,1_6,?
óvina,óvin,4_2,N;INDF;GEN;PL,4_10,N;INDF;NOM;SG
dýrkaði,dýrkið,1_3,V;SBJV;PST;3;SG,1_12,V;IMP;2;PL
laga,lag,1_9,V;IND;PRS;3;PL,1_18,V;IMP;2;SG
holds,holdi,2_10,N;INDF;GEN;SG,2_15,N;INDF;DAT;SG
frumburðurinn,frumburður,4_1,?,4_4,?
vegsama,vegsamaði,1_9,V;IND;PRS;3;PL,1_3,V;SBJV;PST;3;SG
rétt,rétta,1_18,V;IMP;2;SG,1_9,V;IND;PRS;3;PL
þunguð,þungur,0_1,V;IND;PST;2;PL,0_3,V;IND;PRS;3;SG
frjálsum,frjálst,0_6,V;IND;PRS;1;PL,0_12,?
denar,denara,2_7,N;INDF;ACC;SG,2_2,N;INDF;ACC;PL
himnum,himna,4_5,N;INDF;DAT;PL,4_2,N;INDF;GEN;PL
gagn,gagni,2_7,N;INDF;ACC;SG,2_15,N;INDF;DAT;SG
andlegu,andleg,0_9,V;IND;PST;3;PL,0_13,V;IND;PST;3;SG
fyrirheits,fyrirheit,2_10,N;INDF;GEN;SG,2_7,N;INDF;ACC;SG
vínviði,vínvið,2_15,N;INDF;DAT;SG,2_7,N;INDF;ACC;SG
göfugi,göfuga,0_11,V;SBJV;PST;1;SG,0_5,V;NFIN
krafinn,krafa,1_14,?,1_9,V;IND;PRS;3;PL
brjótum,brjótið,1_13,V;SBJV;PRS;1;PL,1_12,V;IMP;2;PL
leiðtoga,leiðtogum,1_9,V;IND;PRS;3;PL,1_13,V;SBJV;PRS;1;PL
fái,fáa,1_16,V;SBJV;PRS;3;PL,1_9,V;IND;PRS;3;PL
vantrúa,vantrúaði,1_9,V;IND;PRS;3;PL,1_3,V;SBJV;PST;3;SG
gráta,grátur,1_9,V;IND;PRS;3;PL,1_6,?
drekki,drekkið,1_16,V;SBJV;PRS;3;PL,1_12,V;IMP;2;PL
fjögur,fjögurra,3_0,V;IND;PRS;1;SG,3_9,?
týndur,týndi,0_3,V;IND;PRS;3;SG,0_11,V;SBJV;PST;1;SG
hvílík,hvílíkt,0_13,V;IND;PST;3;SG,0_12,?
flýja,flýið,3_8,?,3_3,?
stundin,stundar,4_11,N;DEF;NOM;PL,4_8,N;INDF;NOM;PL
varast,varst,1_19,?,1_15,?
þungar,þungur,0_10,V.PTCP;PRS,0_3,V;IND;PRS;3;SG
saltur,saltast,1_6,?,1_19,?
kyssi,kyssa,1_16,V;SBJV;PRS;3;PL,1_9,V;IND;PRS;3;PL
helguð,helgaði,1_1,?,1_3,V;SBJV;PST;3;SG
ranglæti,ranglætis,3_0,V;IND;PRS;1;SG,3_7,?
krossi,kross,4_14,V;SBJV;PRS;3;SG,4_10,N;INDF;NOM;SG
kálf,kálfa,4_10,N;INDF;NOM;SG,4_2,N;INDF;GEN;PL
tungu,tungum,0_9,V;IND;PST;3;PL,0_6,V;IND;PRS;1;PL
slíkar,slíkri,0_10,V.PTCP;PRS,0_0,?
vantrú,vantrúa,1_18,V;IMP;2;SG,1_9,V;IND;PRS;3;PL
þessar,þessi,0_10,V.PTCP;PRS,0_11,V;SBJV;PST;1;SG
haf,hafra,3_0,V;IND;PRS;1;SG,3_9,?
fyllið,fyllir,1_12,V;IMP;2;PL,1_4,V;SBJV;PRS;2;SG
settur,setti,1_6,?,1_16,V;SBJV;PRS;3;PL
landstjóra,landstjórar,2_2,N;INDF;ACC;PL,2_13,?
fagnið,fagna,1_12,V;IMP;2;PL,1_9,V;IND;PRS;3;PL
fjötri,fjötra,1_16,V;SBJV;PRS;3;PL,1_9,V;IND;PRS;3;PL
orkið,orka,1_12,V;IMP;2;PL,1_9,V;IND;PRS;3;PL
kastaði,kasti,1_3,V;SBJV;PST;3;SG,1_16,V;SBJV;PRS;3;PL
stæri,stæra,0_11,V;SBJV;PST;1;SG,0_5,V;NFIN
öldungar,öldungur,4_8,N;INDF;NOM;PL,4_4,?
ljóma,ljómar,1_9,V;IND;PRS;3;PL,1_17,V;IND;PRS;2;SG
muntu,munir,1_5,V;SBJV;PST;3;PL,1_4,V;SBJV;PRS;2;SG
flestra,flestir,0_8,?,0_4,V;SBJV;PST;2;SG
skildist,skildi,1_11,V;IND;PRS;2;PL,1_16,V;SBJV;PRS;3;PL
engilsins,engils,2_16,N;DEF;GEN;SG,2_10,N;INDF;GEN;SG
ávaxta,ávaxtast,3_0,V;IND;PRS;1;SG,3_14,V;IND;PST;2;SG
sýnast,sýnst,1_19,?,1_15,?
ákæru,ákærir,1_10,?,1_4,V;SBJV;PRS;2;SG
öruggri,öruggir,0_0,?,0_4,V;SBJV;PST;2;SG
vegar,vegina,4_8,N;INDF;NOM;PL,4_9,?
mælir,mæli,1_4,V;SBJV;PRS;2;SG,1_16,V;SBJV;PRS;3;PL
einu,eina,0_9,V;IND;PST;3;PL,0_5,V;NFIN
veikir,veikur,0_4,V;SBJV;PST;2;SG,0_3,V;IND;PRS;3;SG
ófriði,ófrið,2_15,N;INDF;DAT;SG,2_7,N;INDF;ACC;SG
skírist,skíri,1_11,V;IND;PRS;2;PL,1_16,V;SBJV;PRS;3;PL
kaífas,kaífasar,4_10,N;INDF;NOM;SG,4_8,N;INDF;NOM;PL
verkin,verkið,2_14,N;DEF;ACC;PL,2_0,N;DEF;NOM;SG
víst,vísar,1_8,V.CVB,1_17,V;IND;PRS;2;SG
daglega,dag,2_5,?,2_7,N;INDF;ACC;SG
flótta,flótti,1_9,V;IND;PRS;3;PL,1_16,V;SBJV;PRS;3;PL
engil,engilinn,2_7,N;INDF;ACC;SG,2_11,N;DEF;ACC;SG
spekinganna,spekinga,4_3,N;DEF;GEN;PL,4_2,N;INDF;GEN;PL
auðn,auðinn,2_8,V;SBJV;PST;2;PL,2_11,N;DEF;ACC;SG
ritningin,ritningum,4_11,N;DEF;NOM;PL,4_5,N;INDF;DAT;PL
svikum,svikinn,4_5,N;INDF;DAT;PL,4_15,?
gjörir,gjört,1_4,V;SBJV;PRS;2;SG,1_8,V.CVB
hæstum,hæsta,1_13,V;SBJV;PRS;1;PL,1_9,V;IND;PRS;3;PL
lesa,lesinn,1_9,V;IND;PRS;3;PL,1_14,?
lambs,lamba,2_10,N;INDF;GEN;SG,2_2,N;INDF;ACC;PL
augu,augum,4_7,?,4_5,N;INDF;DAT;PL
öruggu,öruggt,0_9,V;IND;PST;3;PL,0_12,?
verði,verðum,2_15,N;INDF;DAT;SG,2_3,?
slíkra,slíku,0_8,?,0_9,V;IND;PST;3;PL
adam,adams,3_0,V;IND;PRS;1;SG,3_7,?
hljótt,hljótum,1_8,V.CVB,1_13,V;SBJV;PRS;1;PL
máls,málinu,2_10,N;INDF;GEN;SG,2_12,N;DEF;DAT;SG
var,varir,1_18,V;IMP;2;SG,1_4,V;SBJV;PRS;2;SG
tíða,tíðir,4_2,N;INDF;GEN;PL,4_12,?
aldraðir,aldraðan,0_4,V;SBJV;PST;2;SG,0_2,V;SBJV;PST;1;PL
samkundustjórunum,samkundustjóri,4_13,N;DEF;DAT;PL,4_14,V;SBJV;PRS;3;SG
óvina,óvinir,4_2,N;INDF;GEN;PL,4_12,?
blessið,blessuð,1_12,V;IMP;2;PL,1_1,?
miðjan,miðjar,0_2,V;SBJV;PST;1;PL,0_10,V.PTCP;PRS
víðan,víðs,0_2,V;SBJV;PST;1;PL,0_14,?
trúar,trúin,1_17,V;IND;PRS;2;SG,1_7,?
synda,syndunum,4_2,N;INDF;GEN;PL,4_13,N;DEF;DAT;PL
syndgum,syndga,1_13,V;SBJV;PRS;1;PL,1_9,V;IND;PRS;3;PL
leifar,leifum,4_8,N;INDF;NOM;PL,4_5,N;INDF;DAT;PL
skil,skilja,1_18,V;IMP;2;SG,1_2,?
skíra,skíru,1_9,V;IND;PRS;3;PL,1_10,?
trúin,trúað,1_7,?,1_0,?
orðsins,orða,2_16,N;DEF;GEN;SG,2_2,N;INDF;ACC;PL
bárust,báruð,3_14,V;IND;PST;2;SG,3_2,?
hvers,hverri,3_7,?,3_1,V;SBJV;PRS;1;SG
fátæka,fátæki,0_5,V;NFIN,0_11,V;SBJV;PST;1;SG
allan,alls,0_2,V;SBJV;PST;1;PL,0_14,?
aukast,auki,1_19,?,1_16,V;SBJV;PRS;3;PL
eiga,eigist,1_9,V;IND;PRS;3;PL,1_11,V;IND;PRS;2;PL
sebedeusi,sebedeusar,4_14,V;SBJV;PRS;3;SG,4_8,N;INDF;NOM;PL
örugga,öruggt,0_5,V;NFIN,0_12,?
liðið,liðin,2_0,N;DEF;NOM;SG,2_14,N;DEF;ACC;PL
steinum,steina,2_3,?,2_2,N;INDF;ACC;PL
ríkir,ríku,1_4,V;SBJV;PRS;2;SG,1_10,?
prédikið,prédikum,1_12,V;IMP;2;PL,1_13,V;SBJV;PRS;1;PL
deyðast,deyðið,1_19,?,1_12,V;IMP;2;PL
hina,hins,0_5,V;NFIN,0_14,?
völdu,völdunum,4_7,?,4_13,N;DEF;DAT;PL
mælt,mæli,1_8,V.CVB,1_16,V;SBJV;PRS;3;PL
ástundum,ástundar,0_6,V;IND;PRS;1;PL,0_10,V.PTCP;PRS
fyrirgefast,fyrirgefin,1_19,?,1_7,?
ritum,ritar,1_13,V;SBJV;PRS;1;PL,1_17,V;IND;PRS;2;SG
sjóferðir,sjóferðin,3_4,?,3_10,?
líkin,lík,1_7,?,1_18,V;IMP;2;SG
samboðinn,samboðna,4_15,?,4_6,?
raun,raunum,0_13,V;IND;PST;3;SG,0_6,V;IND;PRS;1;PL
sálu,sálir,4_7,?,4_12,?
vottar,votta,4_8,N;INDF;NOM;PL,4_2,N;INDF;GEN;PL
helgidóminn,helgidómurinn,2_11,N;DEF;ACC;SG,2_4,?
raun,raunir,0_13,V;IND;PST;3;SG,0_4,V;SBJV;PST;2;SG
bráða,bráður,0_5,V;NFIN,0_3,V;IND;PRS;3;SG
komi,komið,1_16,V;SBJV;PRS;3;PL,1_12,V;IMP;2;PL
skýi,skýið,1_16,V;SBJV;PRS;3;PL,1_12,V;IMP;2;PL
höfða,höfði,4_2,N;INDF;GEN;PL,4_14,V;SBJV;PRS;3;SG
heitið,heiti,1_12,V;IMP;2;PL,1_16,V;SBJV;PRS;3;PL
rannsaka,rannsaki,1_9,V;IND;PRS;3;PL,1_16,V;SBJV;PRS;3;PL
sálar,sálu,4_8,N;INDF;NOM;PL,4_7,?
svara,svarað,1_9,V;IND;PRS;3;PL,1_0,?
heilagar,heilagur,0_10,V.PTCP;PRS,0_3,V;IND;PRS;3;SG
verða,verðið,2_2,N;INDF;ACC;PL,2_0,N;DEF;NOM;SG
vitnisburð,vitnisburði,2_7,N;INDF;ACC;SG,2_15,N;INDF;DAT;SG
lýst,lýsir,1_8,V.CVB,1_4,V;SBJV;PRS;2;SG
söfnuðinn,söfnuði,4_15,?,4_14,V;SBJV;PRS;3;SG
skækjum,skækjur,0_6,V;IND;PRS;1;PL,0_3,V;IND;PRS;3;SG
klæddan,klædduð,0_2,V;SBJV;PST;1;PL,0_1,V;IND;PST;2;PL
haft,hafi,3_12,?,3_0,V;IND;PRS;1;SG
leggst,leggir,1_15,?,1_4,V;SBJV;PRS;2;SG
spámannsins,spámanns,2_16,N;DEF;GEN;SG,2_10,N;INDF;GEN;SG
kærleika,kærleikurinn,2_2,N;INDF;ACC;PL,2_4,?
öldungunum,öldungur,4_13,N;DEF;DAT;PL,4_4,?
fátækir,fátækra,0_4,V;SBJV;PST;2;SG,0_8,?
plantaði,plantar,3_11,V;IND;PST;1;SG,3_4,?
afkvæmið,afkvæmi,1_12,V;IMP;2;PL,1_16,V;SBJV;PRS;3;PL
hestanna,hestar,4_3,N;DEF;GEN;PL,4_8,N;INDF;NOM;PL
auðmýkja,auðmýkið,1_2,?,1_12,V;IMP;2;PL
brauðunum,brauðsins,2_6,?,2_16,N;DEF;GEN;SG
raustu,raustina,4_7,?,4_9,?
freistist,freisti,1_11,V;IND;PRS;2;PL,1_16,V;SBJV;PRS;3;PL
pundin,pundum,4_11,N;DEF;NOM;PL,4_5,N;INDF;DAT;PL
stundin,stundi,4_11,N;DEF;NOM;PL,4_14,V;SBJV;PRS;3;SG
lastmælin,lastmælt,1_7,?,1_8,V.CVB
verki,verka,2_15,N;INDF;DAT;SG,2_2,N;INDF;ACC;PL
gjörið,gjört,1_12,V;IMP;2;PL,1_8,V.CVB
vekið,vekja,1_12,V;IMP;2;PL,1_2,?
lag,laga,1_18,V;IMP;2;SG,1_9,V;IND;PRS;3;PL
gerið,gerast,1_12,V;IMP;2;PL,1_19,?
færið,færir,1_12,V;IMP;2;PL,1_4,V;SBJV;PRS;2;SG
arfi,arfurinn,2_15,N;INDF;DAT;SG,2_4,?
blindu,blindur,0_9,V;IND;PST;3;PL,0_3,V;IND;PRS;3;SG
æsa,æsast,1_9,V;IND;PRS;3;PL,1_19,?
hugsar,hugsast,1_17,V;IND;PRS;2;SG,1_19,?
lærið,læri,1_12,V;IMP;2;PL,1_16,V;SBJV;PRS;3;PL
sælla,sæll,1_9,V;IND;PRS;3;PL,1_18,V;IMP;2;SG
helga,helgum,1_9,V;IND;PRS;3;PL,1_13,V;SBJV;PRS;1;PL
reynist,reynt,1_11,V;IND;PRS;2;PL,1_8,V.CVB
galatalandi,galataland,2_15,N;INDF;DAT;SG,2_7,N;INDF;ACC;SG
fiska,fiskunum,4_2,N;INDF;GEN;PL,4_13,N;DEF;DAT;PL
líkur,lík,1_6,?,1_18,V;IMP;2;SG
elskum,elskar,1_13,V;SBJV;PRS;1;PL,1_17,V;IND;PRS;2;SG
spádómsgáfu,spádómsgáfa,0_9,V;IND;PST;3;PL,0_5,V;NFIN
langar,langað,1_17,V;IND;PRS;2;SG,1_0,?
færði,færður,0_11,V;SBJV;PST;1;SG,0_3,V;IND;PRS;3;SG
feng,fengið,1_18,V;IMP;2;SG,1_12,V;IMP;2;PL
smiðinn,smiðurinn,2_11,N;DEF;ACC;SG,2_4,?
freistið,freistum,1_12,V;IMP;2;PL,1_13,V;SBJV;PRS;1;PL
veldi,veldur,0_11,V;SBJV;PST;1;SG,0_3,V;IND;PRS;3;SG
freisti,freistið,1_16,V;SBJV;PRS;3;PL,1_12,V;IMP;2;PL
tíðum,tíðin,4_5,N;INDF;DAT;PL,4_11,N;DEF;NOM;PL
hórkarl,hórkarla,4_10,N;INDF;NOM;SG,4_2,N;INDF;GEN;PL
fávísir,fávíslega,0_4,V;SBJV;PST;2;SG,0_7,?
fullra,full,0_8,?,0_13,V;IND;PST;3;SG
stíg,stígi,1_18,V;IMP;2;SG,1_16,V;SBJV;PRS;3;PL
ríki,ríkið,1_16,V;SBJV;PRS;3;PL,1_12,V;IMP;2;PL
greinum,greina,4_5,N;INDF;DAT;PL,4_2,N;INDF;GEN;PL
þrætum,þrætu,0_6,V;IND;PRS;1;PL,0_9,V;IND;PST;3;PL
hestur,hestar,4_4,?,4_8,N;INDF;NOM;PL
þunguð,þungir,0_1,V;IND;PST;2;PL,0_4,V;SBJV;PST;2;SG
líflátið,lífláta,2_0,N;DEF;NOM;SG,2_2,N;INDF;ACC;PL
átuð,át,0_1,V;IND;PST;2;PL,0_13,V;IND;PST;3;SG
mæli,mæla,1_16,V;SBJV;PRS;3;PL,1_9,V;IND;PRS;3;PL
lim,limir,0_13,V;IND;PST;3;SG,0_4,V;SBJV;PST;2;SG
land,lands,2_7,N;INDF;ACC;SG,2_10,N;INDF;GEN;SG
verðið,verðinu,2_0,N;DEF;NOM;SG,2_12,N;DEF;DAT;SG
lögmálsins,lögmáli,2_16,N;DEF;GEN;SG,2_15,N;INDF;DAT;SG
bátur,báta,2_9,?,2_2,N;INDF;ACC;PL
kominn,komum,1_14,?,1_13,V;SBJV;PRS;1;PL
forgengilegu,forgengilegum,0_9,V;IND;PST;3;PL,0_6,V;IND;PRS;1;PL
selt,selja,1_8,V.CVB,1_2,?
mælir,mælist,1_4,V;SBJV;PRS;2;SG,1_11,V;IND;PRS;2;PL
vissum,vissa,0_6,V;IND;PRS;1;PL,0_5,V;NFIN
lesinn,lesin,1_14,?,1_7,?
klædd,klæddan,0_13,V;IND;PST;3;SG,0_2,V;SBJV;PST;1;PL
þigg,þiggur,1_18,V;IMP;2;SG,1_6,?
auðugir,auðugi,0_4,V;SBJV;PST;2;SG,0_11,V;SBJV;PST;1;SG
ósýnilegum,ósýnilega,0_6,V;IND;PRS;1;PL,0_5,V;NFIN
seld,selduð,0_13,V;IND;PST;3;SG,0_1,V;IND;PST;2;PL
hengdan,hengduð,0_2,V;SBJV;PST;1;PL,0_1,V;IND;PST;2;PL
staði,staða,4_14,V;SBJV;PRS;3;SG,4_2,N;INDF;GEN;PL
bréf,bréfin,2_7,N;INDF;ACC;SG,2_14,N;DEF;ACC;PL
brauði,brauðum,2_15,N;INDF;DAT;SG,2_3,?
kært,kærir,0_12,?,0_4,V;SBJV;PST;2;SG
ættar,ætt,0_10,V.PTCP;PRS,0_13,V;IND;PST;3;SG
laugst,laugaði,1_15,?,1_3,V;SBJV;PST;3;SG
syndug,syndugu,0_13,V;IND;PST;3;SG,0_9,V;IND;PST;3;PL
syrgið,syrgja,1_12,V;IMP;2;PL,1_2,?
eilífri,eilífu,0_0,?,0_9,V;IND;PST;3;PL
vildir,vilduð,0_4,V;SBJV;PST;2;SG,0_1,V;IND;PST;2;PL
brotist,brotið,1_11,V;IND;PRS;2;PL,1_12,V;IMP;2;PL
hliðar,hlið,4_8,N;INDF;NOM;PL,4_10,N;INDF;NOM;SG
báðu,báða,0_9,V;IND;PST;3;PL,0_5,V;NFIN
fiskinn,fiski,4_15,?,4_14,V;SBJV;PRS;3;SG
helgast,helgið,1_19,?,1_12,V;IMP;2;PL
berast,ber,1_19,?,1_18,V;IMP;2;SG
lentu,lenti,0_9,V;IND;PST;3;PL,0_11,V;SBJV;PST;1;SG
góðum,góðir,0_6,V;IND;PRS;1;PL,0_4,V;SBJV;PST;2;SG
vinir,vinur,0_4,V;SBJV;PST;2;SG,0_3,V;IND;PRS;3;SG
vegu,vegar,4_7,?,4_8,N;INDF;NOM;PL
snertu,snerist,1_5,V;SBJV;PST;3;PL,1_11,V;IND;PRS;2;PL
bili,bil,1_16,V;SBJV;PRS;3;PL,1_18,V;IMP;2;SG
lýðum,lýði,2_3,?,2_15,N;INDF;DAT;SG
skipin,skipanna,2_14,N;DEF;ACC;PL,2_1,?
staðfastur,staðfastlega,0_3,V;IND;PRS;3;SG,0_7,?
góðs,góðar,0_14,?,0_10,V.PTCP;PRS
uppfyllt,uppfylla,1_8,V.CVB,1_9,V;IND;PRS;3;PL
kröftugt,kröftuglega,0_12,?,0_7,?
mæla,mælir,1_9,V;IND;PRS;3;PL,1_4,V;SBJV;PRS;2;SG
dragast,drag,1_19,?,1_18,V;IMP;2;SG
komu,koma,1_10,?,1_9,V;IND;PRS;3;PL
þorpanna,þorps,2_1,?,2_10,N;INDF;GEN;SG
leitið,leitist,1_12,V;IMP;2;PL,1_11,V;IND;PRS;2;PL
styrkst,styrk,1_15,?,1_18,V;IMP;2;SG
sælda,sæld,0_5,V;NFIN,0_13,V;IND;PST;3;SG
helgu,helgar,1_10,?,1_17,V;IND;PRS;2;SG
þolduð,þoldu,0_1,V;IND;PST;2;PL,0_9,V;IND;PST;3;PL
þung,þungt,0_13,V;IND;PST;3;SG,0_12,?
skreytið,skreyttu,1_12,V;IMP;2;PL,1_5,V;SBJV;PST;3;PL
blindum,blinda,0_6,V;IND;PRS;1;PL,0_5,V;NFIN
halda,haldið,1_9,V;IND;PRS;3;PL,1_12,V;IMP;2;PL
voni,vonum,4_14,V;SBJV;PRS;3;SG,4_5,N;INDF;DAT;PL
komast,komu,1_19,?,1_10,?
sýndist,sýnduð,1_11,V;IND;PRS;2;PL,1_1,?
höggormar,höggormsins,2_13,?,2_16,N;DEF;GEN;SG
afneita,afneiti,1_9,V;IND;PRS;3;PL,1_16,V;SBJV;PRS;3;PL
engum,enga,1_13,V;SBJV;PRS;1;PL,1_9,V;IND;PRS;3;PL
skyldum,skyldir,0_6,V;IND;PRS;1;PL,0_4,V;SBJV;PST;2;SG
vænta,væntið,1_9,V;IND;PRS;3;PL,1_12,V;IMP;2;PL
spákona,spákonu,0_5,V;NFIN,0_9,V;IND;PST;3;PL
óhóf,óhófi,2_7,N;INDF;ACC;SG,2_15,N;INDF;DAT;SG
vatnanna,vatna,2_1,?,2_2,N;INDF;ACC;PL
heiðra,heiðri,3_9,?,3_1,V;SBJV;PRS;1;SG
gjörast,gjöra,1_19,?,1_9,V;IND;PRS;3;PL
fáum,fáir,1_13,V;SBJV;PRS;1;PL,1_4,V;SBJV;PRS;2;SG
völl,völlunum,4_10,N;INDF;NOM;SG,4_13,N;DEF;DAT;PL
dýr,dýri,2_7,N;INDF;ACC;SG,2_15,N;INDF;DAT;SG
læknaði,læknað,1_3,V;SBJV;PST;3;SG,1_0,?
þegja,þegir,1_2,?,1_4,V;SBJV;PRS;2;SG
visnar,visnað,1_17,V;IND;PRS;2;SG,1_0,?
afsökunar,afsökun,4_8,N;INDF;NOM;PL,4_10,N;INDF;NOM;SG
þeirrar,þeirra,1_17,V;IND;PRS;2;SG,1_9,V;IND;PRS;3;PL
gefinn,gefa,1_14,?,1_9,V;IND;PRS;3;PL
helga,helgi,1_9,V;IND;PRS;3;PL,1_16,V;SBJV;PRS;3;PL
vísaði,vísa,1_3,V;SBJV;PST;3;SG,1_9,V;IND;PRS;3;PL
heilu,heilir,0_9,V;IND;PST;3;PL,0_4,V;SBJV;PST;2;SG
vegi,vegið,4_14,V;SBJV;PRS;3;SG,4_0,V;SBJV;PRS;2;PL
sýndist,sýndi,1_11,V;IND;PRS;2;PL,1_16,V;SBJV;PRS;3;PL
stórra,stór,0_8,?,0_13,V;IND;PST;3;SG
hreinsi,hreinsaði,1_16,V;SBJV;PRS;3;PL,1_3,V;SBJV;PST;3;SG
boði,boðaði,1_16,V;SBJV;PRS;3;PL,1_3,V;SBJV;PST;3;SG
álít,álíta,1_18,V;IMP;2;SG,1_9,V;IND;PRS;3;PL
blindur,blindu,0_3,V;IND;PRS;3;SG,0_9,V;IND;PST;3;PL
leiðtogum,leiðtogi,1_13,V;SBJV;PRS;1;PL,1_16,V;SBJV;PRS;3;PL
helgar,helga,1_17,V;IND;PRS;2;SG,1_9,V;IND;PRS;3;PL
feðranna,feðra,4_3,N;DEF;GEN;PL,4_2,N;INDF;GEN;PL
gæta,gæti,1_9,V;IND;PRS;3;PL,1_16,V;SBJV;PRS;3;PL
dauðum,dauðir,0_6,V;IND;PRS;1;PL,0_4,V;SBJV;PST;2;SG
geymir,geyma,1_4,V;SBJV;PRS;2;SG,1_9,V;IND;PRS;3;PL
sjúkur,sjúku,0_3,V;IND;PRS;3;SG,0_9,V;IND;PST;3;PL
gramir,gramur,0_4,V;SBJV;PST;2;SG,0_3,V;IND;PRS;3;SG
þekkt,þekkist,1_8,V.CVB,1_11,V;IND;PRS;2;PL
eins,einum,0_14,?,0_6,V;IND;PRS;1;PL
þungir,þungt,0_4,V;SBJV;PST;2;SG,0_12,?
veiku,veikur,0_9,V;IND;PST;3;PL,0_3,V;IND;PRS;3;SG
greinum,greinar,4_5,N;INDF;DAT;PL,4_8,N;INDF;NOM;PL
ættfeðurnir,ættfeðurna,0_4,V;SBJV;PST;2;SG,0_5,V;NFIN
segist,segja,1_11,V;IND;PRS;2;PL,1_2,?
pyngju,pyngjur,3_0,V;IND;PRS;1;SG,3_4,?
göfugur,göfugt,0_3,V;IND;PRS;3;SG,0_12,?
dómstóla,dómstóli,2_2,N;INDF;ACC;PL,2_15,N;INDF;DAT;SG
metið,metur,1_12,V;IMP;2;PL,1_6,?
ísrael,ísraels,3_0,V;IND;PRS;1;SG,3_7,?
ammínadab,ammínadabs,3_0,V;IND;PRS;1;SG,3_7,?
mæður,mæðist,1_6,?,1_11,V;IND;PRS;2;PL
felst,felið,1_15,?,1_12,V;IMP;2;PL
fljótir,fljótanna,4_12,?,4_3,N;DEF;GEN;PL
mannfjölda,mannfjöldi,2_2,N;INDF;ACC;PL,2_15,N;INDF;DAT;SG
bréfin,bréf,2_14,N;DEF;ACC;PL,2_7,N;INDF;ACC;SG
huggað,huggaði,1_0,?,1_3,V;SBJV;PST;3;SG
selt,sela,1_8,V.CVB,1_9,V;IND;PRS;3;PL
öndunum,öndum,4_13,N;DEF;DAT;PL,4_5,N;INDF;DAT;PL
daginn,dagurinn,2_11,N;DEF;ACC;SG,2_4,?
þrengingunum,þrengingin,4_13,N;DEF;DAT;PL,4_11,N;DEF;NOM;PL
hjörtu,hjörtun,3_0,V;IND;PRS;1;SG,3_10,?
væri,væruð,0_11,V;SBJV;PST;1;SG,0_1,V;IND;PST;2;PL
brúður,brúðar,4_4,?,4_8,N;INDF;NOM;PL
góðan,góði,0_2,V;SBJV;PST;1;PL,0_11,V;SBJV;PST;1;SG
skalt,skaltu,1_8,V.CVB,1_5,V;SBJV;PST;3;PL
fái,fáist,1_16,V;SBJV;PRS;3;PL,1_11,V;IND;PRS;2;PL
forgengilega,forgengilegan,0_5,V;NFIN,0_2,V;SBJV;PST;1;PL
dúki,dúk,0_11,V;SBJV;PST;1;SG,0_13,V;IND;PST;3;SG
glaðan,glaðir,0_2,V;SBJV;PST;1;PL,0_4,V;SBJV;PST;2;SG
prestum,prestur,2_3,?,2_9,?
skapi,skapa,1_16,V;SBJV;PRS;3;PL,1_9,V;IND;PRS;3;PL
safna,safnaði,1_9,V;IND;PRS;3;PL,1_3,V;SBJV;PST;3;SG
hefðarsætin,hefðarsæti,3_10,?,3_0,V;IND;PRS;1;SG
þyrsti,þyrstan,0_11,V;SBJV;PST;1;SG,0_2,V;SBJV;PST;1;PL
ásjónur,ásjóna,0_3,V;IND;PRS;3;SG,0_5,V;NFIN
mínir,mínar,0_4,V;SBJV;PST;2;SG,0_10,V.PTCP;PRS
hundunum,hundar,4_13,N;DEF;DAT;PL,4_8,N;INDF;NOM;PL
heiðingjunum,heiðingjanna,4_13,N;DEF;DAT;PL,4_3,N;DEF;GEN;PL
skínið,skín,1_12,V;IMP;2;PL,1_18,V;IMP;2;SG
lærisveininn,lærisveinum,2_11,N;DEF;ACC;SG,2_3,?
réttlátan,réttlát,0_2,V;SBJV;PST;1;PL,0_13,V;IND;PST;3;SG
hjálpræðis,hjálpræðið,3_7,?,3_2,?
eilífar,eilífan,0_10,V.PTCP;PRS,0_2,V;SBJV;PST;1;PL
biðjast,biðjið,1_19,?,1_12,V;IMP;2;PL
krossfestu,krossfest,0_9,V;IND;PST;3;PL,0_13,V;IND;PST;3;SG
veika,veikt,0_5,V;NFIN,0_12,?
gróðursett,gróðursettu,0_13,V;IND;PST;3;SG,0_9,V;IND;PST;3;PL
básúnunum,básúnu,4_13,N;DEF;DAT;PL,4_7,?
leyfið,leyfi,1_12,V;IMP;2;PL,1_16,V;SBJV;PRS;3;PL
stundina,stundið,4_9,?,4_0,V;SBJV;PRS;2;PL
opnað,opnaði,1_0,?,1_3,V;SBJV;PST;3;SG
þrengja,þrengir,1_2,?,1_4,V;SBJV;PRS;2;SG
veita,veitt,1_9,V;IND;PRS;3;PL,1_8,V.CVB
ríkið,ríki,1_12,V;IMP;2;PL,1_16,V;SBJV;PRS;3;PL
sjálfs,sjálfa,0_14,?,0_5,V;NFIN
andlegi,andlegum,0_11,V;SBJV;PST;1;SG,0_6,V;IND;PRS;1;PL
leifum,leifunum,4_5,N;INDF;DAT;PL,4_13,N;DEF;DAT;PL
nautin,nauta,4_11,N;DEF;NOM;PL,4_2,N;INDF;GEN;PL
vanheilagur,vanheilagan,0_3,V;IND;PRS;3;SG,0_2,V;SBJV;PST;1;PL
gengið,gengist,1_12,V;IMP;2;PL,1_11,V;IND;PRS;2;PL
leitum,leit,1_13,V;SBJV;PRS;1;PL,1_18,V;IMP;2;SG
trúa,trúum,1_9,V;IND;PRS;3;PL,1_13,V;SBJV;PRS;1;PL
ungar,unga,0_10,V.PTCP;PRS,0_5,V;NFIN
líkaði,líkið,1_3,V;SBJV;PST;3;SG,1_12,V;IMP;2;PL
hinar,hinum,0_10,V.PTCP;PRS,0_6,V;IND;PRS;1;PL
þröngt,þrönga,0_12,?,0_5,V;NFIN
óhreini,óhreinu,0_11,V;SBJV;PST;1;SG,0_9,V;IND;PST;3;PL
vondum,vondir,0_6,V;IND;PRS;1;PL,0_4,V;SBJV;PST;2;SG
sjúku,sjúkan,0_9,V;IND;PST;3;PL,0_2,V;SBJV;PST;1;PL
neyttu,neytt,1_5,V;SBJV;PST;3;PL,1_8,V.CVB
andi,andinn,2_15,N;INDF;DAT;SG,2_11,N;DEF;ACC;SG
horfir,horfin,1_4,V;SBJV;PRS;2;SG,1_7,?
hesta,hestum,4_2,N;INDF;GEN;PL,4_5,N;INDF;DAT;PL
blessum,blessaði,1_13,V;SBJV;PRS;1;PL,1_3,V;SBJV;PST;3;SG
hestum,hesta,4_5,N;INDF;DAT;PL,4_2,N;INDF;GEN;PL
raustu,raust,4_7,?,4_10,N;INDF;NOM;SG
hégómamáls,hégómamál,3_7,?,3_0,V;IND;PRS;1;SG
sakfelli,sakfella,1_16,V;SBJV;PRS;3;PL,1_9,V;IND;PRS;3;PL
lok,lokið,1_18,V;IMP;2;SG,1_12,V;IMP;2;PL
slíkur,slíkum,0_3,V;IND;PRS;3;SG,0_6,V;IND;PRS;1;PL
láttu,láti,1_5,V;SBJV;PST;3;PL,1_16,V;SBJV;PRS;3;PL
heilir,heilum,0_4,V;SBJV;PST;2;SG,0_6,V;IND;PRS;1;PL
blindu,blindi,0_9,V;IND;PST;3;PL,0_11,V;SBJV;PST;1;SG
snúi,snúið,1_16,V;SBJV;PRS;3;PL,1_12,V;IMP;2;PL
spottaði,spotta,1_3,V;SBJV;PST;3;SG,1_9,V;IND;PRS;3;PL
myrkri,myrkrið,2_15,N;INDF;DAT;SG,2_0,N;DEF;NOM;SG
prestanna,prests,2_1,?,2_10,N;INDF;GEN;SG
gæta,gætt,1_9,V;IND;PRS;3;PL,1_8,V.CVB
leyndardóma,leyndardóminn,2_2,N;INDF;ACC;PL,2_11,N;DEF;ACC;SG
fóta,fótunum,4_2,N;INDF;GEN;PL,4_13,N;DEF;DAT;PL
slíkri,slíku,0_0,?,0_9,V;IND;PST;3;PL
stráðir,stráðu,0_4,V;SBJV;PST;2;SG,0_9,V;IND;PST;3;PL
ætt,ættuð,0_13,V;IND;PST;3;SG,0_1,V;IND;PST;2;PL
hve,hver,3_0,V;IND;PRS;1;SG,3_4,?
sái,sá,3_0,V;IND;PRS;1;SG,3_0,V;IND;PRS;1;SG
hata,hatað,1_9,V;IND;PRS;3;PL,1_0,?
saurlifnaður,saurlifnaði,2_9,?,2_15,N;INDF;DAT;SG
sakargiftir,sakargift,0_4,V;SBJV;PST;2;SG,0_13,V;IND;PST;3;SG
klædd,klædda,0_13,V;IND;PST;3;SG,0_5,V;NFIN
hásæti,hásætinu,2_15,N;INDF;DAT;SG,2_12,N;DEF;DAT;SG
vit,vita,1_18,V;IMP;2;SG,1_9,V;IND;PRS;3;PL
torgin,torgið,2_14,N;DEF;ACC;PL,2_0,N;DEF;NOM;SG
fengum,fengið,1_13,V;SBJV;PRS;1;PL,1_12,V;IMP;2;PL
reynist,reynir,1_11,V;IND;PRS;2;PL,1_4,V;SBJV;PRS;2;SG
grýta,grýtir,1_9,V;IND;PRS;3;PL,1_4,V;SBJV;PRS;2;SG
þagna,þagði,3_6,?,3_11,V;IND;PST;1;SG
krafturinn,krafta,2_4,?,2_2,N;INDF;ACC;PL
miskunnaði,miskunnað,1_3,V;SBJV;PST;3;SG,1_0,?
hatar,hati,1_17,V;IND;PRS;2;SG,1_16,V;SBJV;PRS;3;PL
betla,betlaði,3_0,V;IND;PRS;1;SG,3_11,V;IND;PST;1;SG
þungur,þungt,0_3,V;IND;PRS;3;SG,0_12,?
faríseinn,farísear,4_15,?,4_8,N;INDF;NOM;PL
bein,beina,1_18,V;IMP;2;SG,1_9,V;IND;PRS;3;PL
öld,öldum,4_10,N;INDF;NOM;SG,4_5,N;INDF;DAT;PL
síið,sín,3_3,?,3_10,?
tönnum,tönn,4_5,N;INDF;DAT;PL,4_10,N;INDF;NOM;SG
reifað,reif,1_0,?,1_18,V;IMP;2;SG
vorar,vor,0_10,V.PTCP;PRS,0_13,V;IND;PST;3;SG
varðveitt,varðveitist,1_8,V.CVB,1_11,V;IND;PRS;2;PL
hvíldardag,hvíldardags,2_7,N;INDF;ACC;SG,2_10,N;INDF;GEN;SG
þóknanlega,þóknanlegir,0_5,V;NFIN,0_4,V;SBJV;PST;2;SG
skrifar,skrifi,1_17,V;IND;PRS;2;SG,1_16,V;SBJV;PRS;3;PL
helgur,helgu,1_6,?,1_10,?
postuladóm,postuladómi,2_7,N;INDF;ACC;SG,2_15,N;INDF;DAT;SG
lostinn,lostið,1_14,?,1_12,V;IMP;2;PL
drekk,drekka,1_18,V;IMP;2;SG,1_9,V;IND;PRS;3;PL
vitru,vitrað,1_10,?,1_0,?
safnað,safnaði,1_0,?,1_3,V;SBJV;PST;3;SG
festa,festar,1_9,V;IND;PRS;3;PL,1_17,V;IND;PRS;2;SG
fjötrað,fjötrum,1_0,?,1_13,V;SBJV;PRS;1;PL
grátur,gráta,1_6,?,1_9,V;IND;PRS;3;PL
skíra,skírt,1_9,V;IND;PRS;3;PL,1_8,V.CVB
fullan,fulls,0_2,V;SBJV;PST;1;PL,0_14,?
verks,verkum,2_10,N;INDF;GEN;SG,2_3,?
gjört,gjörast,1_8,V.CVB,1_19,?
miklum,miklað,1_13,V;SBJV;PRS;1;PL,1_0,?
fólks,fólki,2_10,N;INDF;GEN;SG,2_15,N;INDF;DAT;SG
dóms,dómi,2_10,N;INDF;GEN;SG,2_15,N;INDF;DAT;SG
láta,láttu,1_9,V;IND;PRS;3;PL,1_5,V;SBJV;PST;3;PL
nálægur,nálægir,1_6,?,1_4,V;SBJV;PRS;2;SG
fæðst,fæði,1_15,?,1_16,V;SBJV;PRS;3;PL
mannlegur,mannlegum,0_3,V;IND;PRS;3;SG,0_6,V;IND;PRS;1;PL
framar,fram,1_17,V;IND;PRS;2;SG,1_18,V;IMP;2;SG
óhreinu,óhreinan,0_9,V;IND;PST;3;PL,0_2,V;SBJV;PST;1;PL
greini,greinar,4_14,V;SBJV;PRS;3;SG,4_8,N;INDF;NOM;PL
opinber,opinberir,1_18,V;IMP;2;SG,1_4,V;SBJV;PRS;2;SG
musterinu,musterum,2_12,N;DEF;DAT;SG,2_3,?
heilla,heill,1_9,V;IND;PRS;3;PL,1_18,V;IMP;2;SG
opinberaði,opinbert,1_3,V;SBJV;PST;3;SG,1_8,V.CVB
verður,verðs,2_9,?,2_10,N;INDF;GEN;SG
aukast,aukist,1_19,?,1_11,V;IND;PRS;2;PL
sannleikurinn,sannleika,2_4,?,2_2,N;INDF;ACC;PL
etið,etur,1_12,V;IMP;2;PL,1_6,?
fylgið,fylgt,1_12,V;IMP;2;PL,1_8,V.CVB
birtum,birtur,1_13,V;SBJV;PRS;1;PL,1_6,?
nýs,nýr,3_7,?,3_4,?
talinn,talin,1_14,?,1_7,?
reka,reki,1_9,V;IND;PRS;3;PL,1_16,V;SBJV;PRS;3;PL
hvítum,hvítur,0_6,V;IND;PRS;1;PL,0_3,V;IND;PRS;3;SG
andlegan,andlegar,0_2,V;SBJV;PST;1;PL,0_10,V.PTCP;PRS
metast,met,1_19,?,1_18,V;IMP;2;SG
englum,englunum,4_5,N;INDF;DAT;PL,4_13,N;DEF;DAT;PL
festa,festi,1_9,V;IND;PRS;3;PL,1_16,V;SBJV;PRS;3;PL
klæddar,klædduð,0_10,V.PTCP;PRS,0_1,V;IND;PST;2;PL
fasta,fastar,1_9,V;IND;PRS;3;PL,1_17,V;IND;PRS;2;SG
þyngsli,þyngsla,1_16,V;SBJV;PRS;3;PL,1_9,V;IND;PRS;3;PL
standi,standa,1_16,V;SBJV;PRS;3;PL,1_9,V;IND;PRS;3;PL
munaðarlausra,munaðarlaus,0_8,?,0_13,V;IND;PST;3;SG
fregnir,fregn,4_12,?,4_10,N;INDF;NOM;SG
trúum,trúað,1_13,V;SBJV;PRS;1;PL,1_0,?
óvinurinn,óvina,4_1,?,4_2,N;INDF;GEN;PL
sinnar,sinntu,1_17,V;IND;PRS;2;SG,1_5,V;SBJV;PST;3;PL
dýrsins,dýra,2_16,N;DEF;GEN;SG,2_2,N;INDF;ACC;PL
bindur,bindi,1_6,?,1_16,V;SBJV;PRS;3;PL
stráðu,stráðir,0_9,V;IND;PST;3;PL,0_4,V;SBJV;PST;2;SG
sekar,sekir,0_10,V.PTCP;PRS,0_4,V;SBJV;PST;2;SG
hreinum,hreina,0_6,V;IND;PRS;1;PL,0_5,V;NFIN
gáfum,gáfuð,0_6,V;IND;PRS;1;PL,0_1,V;IND;PST;2;PL
fólkinu,fólksins,2_12,N;DEF;DAT;SG,2_16,N;DEF;GEN;SG
reiðu,reiðin,4_7,?,4_11,N;DEF;NOM;PL
prestanna,prestum,2_1,?,2_3,?
heilags,heilagar,0_14,?,0_10,V.PTCP;PRS
makleg,maklegt,0_13,V;IND;PST;3;SG,0_12,?
himneskra,himneskur,0_8,?,0_3,V;IND;PRS;3;SG
boðað,boði,1_0,?,1_16,V;SBJV;PRS;3;PL
ætli,ætlað,1_16,V;SBJV;PRS;3;PL,1_0,?
vilt,vil,1_8,V.CVB,1_18,V;IMP;2;SG
refsað,refsi,1_0,?,1_16,V;SBJV;PRS;3;PL
míns,mínu,0_14,?,0_9,V;IND;PST;3;PL
fengi,fengum,1_16,V;SBJV;PRS;3;PL,1_13,V;SBJV;PRS;1;PL
auður,auð,2_9,?,2_7,N;INDF;ACC;SG
fæðir,fæðast,1_4,V;SBJV;PRS;2;SG,1_19,?
jesús,jesú,3_7,?,3_0,V;IND;PRS;1;SG
þakkaði,þakka,1_3,V;SBJV;PST;3;SG,1_9,V;IND;PRS;3;PL
uppskeru,uppskera,0_9,V;IND;PST;3;PL,0_5,V;NFIN
höggvinn,höggvin,1_14,?,1_7,?
varpi,varp,1_16,V;SBJV;PRS;3;PL,1_18,V;IMP;2;SG
hví,hvít,1_18,V;IMP;2;SG,1_8,V.CVB
lægði,lægri,3_11,V;IND;PST;1;SG,3_1,V;SBJV;PRS;1;SG
heródíasar,heródías,4_8,N;INDF;NOM;PL,4_10,N;INDF;NOM;SG
þorpanna,þorpsins,2_1,?,2_16,N;DEF;GEN;SG
brennt,brennur,0_12,?,0_3,V;IND;PRS;3;SG
glatar,glatast,1_17,V;IND;PRS;2;SG,1_19,?
daga,dags,2_2,N;INDF;ACC;PL,2_10,N;INDF;GEN;SG
heil,heilir,0_13,V;IND;PST;3;SG,0_4,V;SBJV;PST;2;SG
byggið,byggja,1_12,V;IMP;2;PL,1_2,?
leyndu,leynda,0_9,V;IND;PST;3;PL,0_5,V;NFIN
fyrirmynduð,fyrirmynd,1_1,?,1_18,V;IMP;2;SG
lastmæla,lastmælin,1_9,V;IND;PRS;3;PL,1_7,?
kröftuglega,kröftugi,0_7,?,0_11,V;SBJV;PST;1;SG
fæddan,fæddur,0_2,V;SBJV;PST;1;PL,0_3,V;IND;PRS;3;SG
illan,illur,0_2,V;SBJV;PST;1;PL,0_3,V;IND;PRS;3;SG
bera,bert,1_9,V;IND;PRS;3;PL,1_8,V.CVB
örlát,örlátlega,0_13,V;IND;PST;3;SG,0_7,?
orðsins,orðið,2_16,N;DEF;GEN;SG,2_0,N;DEF;NOM;SG
frelsa,frelsist,1_9,V;IND;PRS;3;PL,1_11,V;IND;PRS;2;PL
kalli,kallað,1_16,V;SBJV;PRS;3;PL,1_0,?
tungu,tungan,0_9,V;IND;PST;3;PL,0_2,V;SBJV;PST;1;PL
sviplega,svipu,0_7,?,0_9,V;IND;PST;3;PL
deilu,deila,0_9,V;IND;PST;3;PL,0_5,V;NFIN
hvílist,hvíl,1_11,V;IND;PRS;2;PL,1_18,V;IMP;2;SG
sonum,sonar,4_5,N;INDF;DAT;PL,4_8,N;INDF;NOM;PL
haldist,halda,1_11,V;IND;PRS;2;PL,1_9,V;IND;PRS;3;PL
finni,finn,1_16,V;SBJV;PRS;3;PL,1_18,V;IMP;2;SG
augljós,augljósar,1_18,V;IMP;2;SG,1_17,V;IND;PRS;2;SG
sálu,sálar,4_7,?,4_8,N;INDF;NOM;PL
láttu,látið,1_5,V;SBJV;PST;3;PL,1_12,V;IMP;2;PL
réttlát,réttlátt,0_13,V;IND;PST;3;SG,0_12,?
órétt,óréttinn,2_7,N;INDF;ACC;SG,2_11,N;DEF;ACC;SG
vanheilagt,vanheilagur,0_12,?,0_3,V;IND;PRS;3;SG
fánýt,fánýtri,0_13,V;IND;PST;3;SG,0_0,?
leitar,leitaði,1_17,V;IND;PRS;2;SG,1_3,V;SBJV;PST;3;SG
heitir,heiti,1_4,V;SBJV;PRS;2;SG,1_16,V;SBJV;PRS;3;PL
hvítasunnudag,hvítasunnudagur,0_13,V;IND;PST;3;SG,0_3,V;IND;PRS;3;SG
reglu,regla,0_9,V;IND;PST;3;PL,0_5,V;NFIN
fylli,fyllist,1_16,V;SBJV;PRS;3;PL,1_11,V;IND;PRS;2;PL
sannur,sanni,1_6,?,1_16,V;SBJV;PRS;3;PL
vegina,vegið,4_9,?,4_0,V;SBJV;PRS;2;PL
blessaði,blessað,1_3,V;SBJV;PST;3;SG,1_0,?
hvíl,hvílist,1_18,V;IMP;2;SG,1_11,V;IND;PRS;2;PL
styrkst,styrkist,1_15,?,1_11,V;IND;PRS;2;PL
vinir,vin,0_4,V;SBJV;PST;2;SG,0_13,V;IND;PST;3;SG
staðinn,staði,4_15,?,4_14,V;SBJV;PRS;3;SG
helgidóminn,helgidóm,2_11,N;DEF;ACC;SG,2_7,N;INDF;ACC;SG
ættu,ætti,0_9,V;IND;PST;3;PL,0_11,V;SBJV;PST;1;SG
kosti,kostar,1_16,V;SBJV;PRS;3;PL,1_17,V;IND;PRS;2;SG
hrósaði,hrósar,1_3,V;SBJV;PST;3;SG,1_17,V;IND;PRS;2;SG
veitum,veitast,1_13,V;SBJV;PRS;1;PL,1_19,?
grikkja,grikki,1_2,?,1_16,V;SBJV;PRS;3;PL
sýnast,sýna,1_19,?,1_9,V;IND;PRS;3;PL
spyrð,spyrja,3_2,?,3_8,?
vona,voni,4_2,N;INDF;GEN;PL,4_14,V;SBJV;PRS;3;SG
góði,góðar,0_11,V;SBJV;PST;1;SG,0_10,V.PTCP;PRS
reiðina,reiði,4_9,?,4_14,V;SBJV;PRS;3;SG
stríðsins,stríði,2_16,N;DEF;GEN;SG,2_15,N;INDF;DAT;SG
þjónunum,þjón,2_6,?,2_7,N;INDF;ACC;SG
voruð,vor,0_1,V;IND;PST;2;PL,0_13,V;IND;PST;3;SG
öruggu,örugga,0_9,V;IND;PST;3;PL,0_5,V;NFIN
dýrinu,dýrið,2_12,N;DEF;DAT;SG,2_0,N;DEF;NOM;SG
sverð,sverðs,2_7,N;INDF;ACC;SG,2_10,N;INDF;GEN;SG
ljósinu,ljós,2_12,N;DEF;DAT;SG,2_7,N;INDF;ACC;SG
brúðkaupið,brúðkaupsins,2_0,N;DEF;NOM;SG,2_16,N;DEF;GEN;SG
sá,sár,3_0,V;IND;PRS;1;SG,3_4,?
trega,tregir,0_5,V;NFIN,0_4,V;SBJV;PST;2;SG
bersyndugum,bersyndugir,0_6,V;IND;PRS;1;PL,0_4,V;SBJV;PST;2;SG
leyndardómi,leyndardómum,2_15,N;INDF;DAT;SG,2_3,?
komist,komst,1_11,V;IND;PRS;2;PL,1_15,?
gengið,genginn,1_12,V;IMP;2;PL,1_14,?
eigir,eigum,1_4,V;SBJV;PRS;2;SG,1_13,V;SBJV;PRS;1;PL
sæti,sætt,0_11,V;SBJV;PST;1;SG,0_12,?
fötum,föt,4_5,N;INDF;DAT;PL,4_10,N;INDF;NOM;SG
snúa,snúi,1_9,V;IND;PRS;3;PL,1_16,V;SBJV;PRS;3;PL
grafið,grafinn,1_12,V;IMP;2;PL,1_14,?
vegar,vegur,4_8,N;INDF;NOM;PL,4_4,?
krossfesti,krossfesta,0_11,V;SBJV;PST;1;SG,0_5,V;NFIN
innri,innir,0_0,?,0_4,V;SBJV;PST;2;SG
umskorna,umskornu,0_5,V;NFIN,0_9,V;IND;PST;3;PL
komuð,komum,1_1,?,1_13,V;SBJV;PRS;1;PL
dýrðina,dýrðar,4_9,?,4_8,N;INDF;NOM;PL
héldu,héldum,0_9,V;IND;PST;3;PL,0_6,V;IND;PRS;1;PL
eigur,eigir,1_6,?,1_4,V;SBJV;PRS;2;SG
krafturinn,krafti,2_4,?,2_15,N;INDF;DAT;SG
loka,lokuð,1_9,V;IND;PRS;3;PL,1_1,?
hangir,hanga,0_4,V;SBJV;PST;2;SG,0_5,V;NFIN
sólar,sólu,4_8,N;INDF;NOM;PL,4_7,?
prestar,prestsins,2_13,?,2_16,N;DEF;GEN;SG
fréttu,fréttist,1_10,?,1_11,V;IND;PRS;2;PL
inna,inn,0_5,V;NFIN,0_13,V;IND;PST;3;SG
verks,verkanna,2_10,N;INDF;GEN;SG,2_1,?
tíðindum,tíðindi,4_5,N;INDF;DAT;PL,4_14,V;SBJV;PRS;3;SG
auðugir,auðug,0_4,V;SBJV;PST;2;SG,0_13,V;IND;PST;3;SG
tunglsins,tungls,2_16,N;DEF;GEN;SG,2_10,N;INDF;GEN;SG
fullþroskað,fullþroska,1_0,?,1_9,V;IND;PRS;3;PL
ljúga,ljúgum,1_9,V;IND;PRS;3;PL,1_13,V;SBJV;PRS;1;PL
krafti,krafta,2_15,N;INDF;DAT;SG,2_2,N;INDF;ACC;PL
þyrsta,þyrstir,0_5,V;NFIN,0_4,V;SBJV;PST;2;SG
tunglsjúkur,tunglsjúka,0_3,V;IND;PRS;3;SG,0_5,V;NFIN
kyrrt,kyrrir,0_12,?,0_4,V;SBJV;PST;2;SG
hæsti,hæstum,1_16,V;SBJV;PRS;3;PL,1_13,V;SBJV;PRS;1;PL
opinberir,opinberuð,1_4,V;SBJV;PRS;2;SG,1_1,?
hvers,hvert,3_7,?,3_12,?
helgu,helgað,1_10,?,1_0,?
flytja,flytur,3_8,?,3_5,?
átta,áttum,1_9,V;IND;PRS;3;PL,1_13,V;SBJV;PRS;1;PL
píslir,písl,0_4,V;SBJV;PST;2;SG,0_13,V;IND;PST;3;SG
ávarpaði,ávarpa,1_3,V;SBJV;PST;3;SG,1_9,V;IND;PRS;3;PL
þernur,þerna,0_3,V;IND;PRS;3;SG,0_5,V;NFIN
drekki,drekkum,1_16,V;SBJV;PRS;3;PL,1_13,V;SBJV;PRS;1;PL
ilmjurtunum,ilmjurtir,4_13,N;DEF;DAT;PL,4_12,?
bréfunum,bréfa,2_6,?,2_2,N;INDF;ACC;PL
laun,launin,4_10,N;INDF;NOM;SG,4_11,N;DEF;NOM;PL
grundvallaði,grundvallaðir,0_11,V;SBJV;PST;1;SG,0_4,V;SBJV;PST;2;SG
virtuð,virtir,1_1,?,1_4,V;SBJV;PRS;2;SG
húss,húsinu,2_10,N;INDF;GEN;SG,2_12,N;DEF;DAT;SG
vélabrögðum,vélabrögð,4_5,N;INDF;DAT;PL,4_10,N;INDF;NOM;SG
borgir,borgum,4_12,?,4_5,N;INDF;DAT;PL
læst,læsir,1_8,V.CVB,1_4,V;SBJV;PRS;2;SG
mannlegur,mannlegan,0_3,V;IND;PRS;3;SG,0_2,V;SBJV;PST;1;PL
samboðna,samboðið,4_6,?,4_0,V;SBJV;PRS;2;PL
þráið,þráum,1_12,V;IMP;2;PL,1_13,V;SBJV;PRS;1;PL
fyllist,fyllt,1_11,V;IND;PRS;2;PL,1_8,V.CVB
notað,nota,1_0,?,1_9,V;IND;PRS;3;PL
höfnin,höfn,4_11,N;DEF;NOM;PL,4_10,N;INDF;NOM;SG
lifnað,lifnaði,0_13,V;IND;PST;3;SG,0_11,V;SBJV;PST;1;SG
þyrstur,þyrstir,0_3,V;IND;PRS;3;SG,0_4,V;SBJV;PST;2;SG
kauptu,kaupa,1_5,V;SBJV;PST;3;PL,1_9,V;IND;PRS;3;PL
hvílíkur,hvílík,0_3,V;IND;PRS;3;SG,0_13,V;IND;PST;3;SG
eilífs,eilífum,0_14,?,0_6,V;IND;PRS;1;PL
heilsu,heilsaði,1_10,?,1_3,V;SBJV;PST;3;SG
uppfylltu,uppfylla,1_5,V;SBJV;PST;3;PL,1_9,V;IND;PRS;3;PL
útlista,útlistum,1_9,V;IND;PRS;3;PL,1_13,V;SBJV;PRS;1;PL
komast,komist,1_19,?,1_11,V;IND;PRS;2;PL
varðveit,varðveitir,1_18,V;IMP;2;SG,1_4,V;SBJV;PRS;2;SG
seif,seifs,3_0,V;IND;PRS;1;SG,3_7,?
settir,settum,1_4,V;SBJV;PRS;2;SG,1_13,V;SBJV;PRS;1;PL
kvelja,kvel,3_8,?,3_0,V;IND;PRS;1;SG
minnsta,minnsti,0_5,V;NFIN,0_11,V;SBJV;PST;1;SG
þessir,þessi,0_4,V;SBJV;PST;2;SG,0_11,V;SBJV;PST;1;SG
loft,lofi,1_8,V.CVB,1_16,V;SBJV;PRS;3;PL
villa,villast,1_9,V;IND;PRS;3;PL,1_19,?
stóðu,stóðuð,0_9,V;IND;PST;3;PL,0_1,V;IND;PST;2;PL
engilsins,engilinn,2_16,N;DEF;GEN;SG,2_11,N;DEF;ACC;SG
skírt,skírir,1_8,V.CVB,1_4,V;SBJV;PRS;2;SG
gáfur,gáfu,0_3,V;IND;PRS;3;SG,0_9,V;IND;PST;3;PL
byggið,byggir,1_12,V;IMP;2;PL,1_4,V;SBJV;PRS;2;SG
meiri,meira,0_11,V;SBJV;PST;1;SG,0_5,V;NFIN
stundar,stundi,4_8,N;INDF;NOM;PL,4_14,V;SBJV;PRS;3;SG
boðuð,boðaði,1_1,?,1_3,V;SBJV;PST;3;SG
vegir,vegur,4_12,?,4_4,?
holdi,holdsins,2_15,N;INDF;DAT;SG,2_16,N;DEF;GEN;SG
lærisveins,lærisveinanna,2_10,N;INDF;GEN;SG,2_1,?
þröngu,þrönga,0_9,V;IND;PST;3;PL,0_5,V;NFIN
yrðum,yrði,0_6,V;IND;PRS;1;PL,0_11,V;SBJV;PST;1;SG
merki,merkt,1_16,V;SBJV;PRS;3;PL,1_8,V.CVB
staða,staðar,4_2,N;INDF;GEN;PL,4_8,N;INDF;NOM;PL
falli,fallin,2_15,N;INDF;DAT;SG,2_14,N;DEF;ACC;PL
öldunga,öldunganna,4_2,N;INDF;GEN;PL,4_3,N;DEF;GEN;PL
syndugur,syndug,0_3,V;IND;PRS;3;SG,0_13,V;IND;PST;3;SG
hebrei,hebrear,4_14,V;SBJV;PRS;3;SG,4_8,N;INDF;NOM;PL
athugi,athugað,1_16,V;SBJV;PRS;3;PL,1_0,?
stund,stundu,4_10,N;INDF;NOM;SG,4_7,?
grein,greinunum,4_10,N;INDF;NOM;SG,4_13,N;DEF;DAT;PL
viðbúnir,viðbúna,1_4,V;SBJV;PRS;2;SG,1_9,V;IND;PRS;3;PL
standið,standa,1_12,V;IMP;2;PL,1_9,V;IND;PRS;3;PL
þakkið,þakkir,1_12,V;IMP;2;PL,1_4,V;SBJV;PRS;2;SG
góðan,góða,0_2,V;SBJV;PST;1;PL,0_5,V;NFIN
fjalls,fjallið,2_10,N;INDF;GEN;SG,2_0,N;DEF;NOM;SG
breytist,breyta,1_11,V;IND;PRS;2;PL,1_9,V;IND;PRS;3;PL
berið,berum,1_12,V;IMP;2;PL,1_13,V;SBJV;PRS;1;PL
eina,eins,0_5,V;NFIN,0_14,?
hryggist,hryggi,1_11,V;IND;PRS;2;PL,1_16,V;SBJV;PRS;3;PL
mattías,mattíasar,4_10,N;INDF;NOM;SG,4_8,N;INDF;NOM;PL
gjaldið,gjaldi,1_12,V;IMP;2;PL,1_16,V;SBJV;PRS;3;PL
sést,séð,3_14,V;IND;PST;2;SG,3_2,?
fundin,fundinn,4_11,N;DEF;NOM;PL,4_15,?
fjalla,fjallinu,2_2,N;INDF;ACC;PL,2_12,N;DEF;DAT;SG
snúið,snúa,1_12,V;IMP;2;PL,1_9,V;IND;PRS;3;PL
veika,veikum,0_5,V;NFIN,0_6,V;IND;PRS;1;PL
sætt,sæti,0_12,?,0_11,V;SBJV;PST;1;SG
þjóðir,þjóðar,4_12,?,4_8,N;INDF;NOM;PL
handa,handan,3_0,V;IND;PRS;1;SG,3_10,?
hugga,huggaði,1_9,V;IND;PRS;3;PL,1_3,V;SBJV;PST;3;SG
þriðja,þriðji,0_5,V;NFIN,0_11,V;SBJV;PST;1;SG
setið,sets,3_3,?,3_7,?
mettir,metta,1_4,V;SBJV;PRS;2;SG,1_9,V;IND;PRS;3;PL
reykur,reyk,2_9,?,2_7,N;INDF;ACC;SG
eyði,eyri,3_11,V;IND;PST;1;SG,3_1,V;SBJV;PRS;1;SG
halt,hala,1_8,V.CVB,1_9,V;IND;PRS;3;PL
breytið,breytist,1_12,V;IMP;2;PL,1_11,V;IND;PRS;2;PL
marks,markinu,2_10,N;INDF;GEN;SG,2_12,N;DEF;DAT;SG
andlegar,andlegri,0_10,V.PTCP;PRS,0_0,?
sigra,sigur,3_9,?,3_5,?
áttir,átta,1_4,V;SBJV;PRS;2;SG,1_9,V;IND;PRS;3;PL
konungur,konunglega,2_9,?,2_5,?
sýnið,sýni,1_12,V;IMP;2;PL,1_16,V;SBJV;PRS;3;PL
ríkir,ríkt,1_4,V;SBJV;PRS;2;SG,1_8,V.CVB
fórna,fórn,3_6,?,3_10,?
fengi,fenginn,1_16,V;SBJV;PRS;3;PL,1_14,?
getinn,geta,1_14,?,1_9,V;IND;PRS;3;PL
vildi,vildu,0_11,V;SBJV;PST;1;SG,0_9,V;IND;PST;3;PL
faríseanna,farísear,4_3,N;DEF;GEN;PL,4_8,N;INDF;NOM;PL
mæl,mæli,1_18,V;IMP;2;SG,1_16,V;SBJV;PRS;3;PL
ávöxtinn,ávöxtum,4_15,?,4_5,N;INDF;DAT;PL
bætist,bæta,1_11,V;IND;PRS;2;PL,1_9,V;IND;PRS;3;PL
heilagan,heilaga,0_2,V;SBJV;PST;1;PL,0_5,V;NFIN
drykk,drykkur,0_13,V;IND;PST;3;SG,0_3,V;IND;PRS;3;SG
ranglátir,rangláta,0_4,V;SBJV;PST;2;SG,0_5,V;NFIN
gjöra,gjörið,1_9,V;IND;PRS;3;PL,1_12,V;IMP;2;PL
afneitar,afneita,1_17,V;IND;PRS;2;SG,1_9,V;IND;PRS;3;PL
genginn,gengum,1_14,?,1_13,V;SBJV;PRS;1;PL
tvennt,tvennum,0_12,?,0_6,V;IND;PRS;1;PL
langaði,langur,1_3,V;SBJV;PST;3;SG,1_6,?
nauð,nain,1_1,?,1_7,?
staður,staðin,4_4,?,4_11,N;DEF;NOM;PL
vitnisburði,vitnisburðurinn,2_15,N;INDF;DAT;SG,2_4,?
ritningum,ritningunum,4_5,N;INDF;DAT;PL,4_13,N;DEF;DAT;PL
tíða,tíðum,4_2,N;INDF;GEN;PL,4_5,N;INDF;DAT;PL
sitja,situr,1_2,?,1_6,?
feðranna,feðrum,4_3,N;DEF;GEN;PL,4_5,N;INDF;DAT;PL
himneskra,himneska,0_8,?,0_5,V;NFIN
mann,man,3_10,?,3_0,V;IND;PRS;1;SG
staður,staða,4_4,?,4_2,N;INDF;GEN;PL
syndugs,syndugra,0_14,?,0_8,?
trúin,trú,1_7,?,1_18,V;IMP;2;SG
hvíldardaga,hvíldardagur,2_2,N;INDF;ACC;PL,2_9,?
misst,missi,1_8,V.CVB,1_16,V;SBJV;PRS;3;PL
flýði,flýja,3_11,V;IND;PST;1;SG,3_8,?
leggst,legg,1_15,?,1_18,V;IMP;2;SG
hæfileikum,hæfileika,1_13,V;SBJV;PRS;1;PL,1_9,V;IND;PRS;3;PL
traust,trausti,0_13,V;IND;PST;3;SG,0_11,V;SBJV;PST;1;SG
gætum,gætur,1_13,V;SBJV;PRS;1;PL,1_6,?
vanheilagan,vanheilagur,0_2,V;SBJV;PST;1;PL,0_3,V;IND;PRS;3;SG
heilagan,heilagir,0_2,V;SBJV;PST;1;PL,0_4,V;SBJV;PST;2;SG
einan,eins,0_2,V;SBJV;PST;1;PL,0_14,?
styrku,styrk,1_10,?,1_18,V;IMP;2;SG
líkar,líkin,1_17,V;IND;PRS;2;SG,1_7,?
samt,sama,0_12,?,0_5,V;NFIN
harma,harmur,0_5,V;NFIN,0_3,V;IND;PRS;3;SG
illum,illra,0_6,V;IND;PRS;1;PL,0_8,?
kynkvíslum,kynkvíslir,0_6,V;IND;PRS;1;PL,0_4,V;SBJV;PST;2;SG
illur,illt,0_3,V;IND;PRS;3;SG,0_12,?
ferð,fer,3_2,?,3_0,V;IND;PRS;1;SG
fregn,fregnir,4_10,N;INDF;NOM;SG,4_12,?
aukist,aukið,1_11,V;IND;PRS;2;PL,1_12,V;IMP;2;PL
réttlátu,réttlátir,0_9,V;IND;PST;3;PL,0_4,V;SBJV;PST;2;SG
vindurinn,vindar,4_1,?,4_8,N;INDF;NOM;PL
varðveit,varðveitt,1_18,V;IMP;2;SG,1_8,V.CVB
hvílíkar,hvílíkum,0_10,V.PTCP;PRS,0_6,V;IND;PRS;1;PL
birtast,birti,1_19,?,1_16,V;SBJV;PRS;3;PL
sjúkleik,sjúkleiki,2_7,N;INDF;ACC;SG,2_15,N;INDF;DAT;SG
léti,létuð,0_11,V;SBJV;PST;1;SG,0_1,V;IND;PST;2;PL
kom,komu,1_18,V;IMP;2;SG,1_10,?
gætir,gætum,1_4,V;SBJV;PRS;2;SG,1_13,V;SBJV;PRS;1;PL
lofið,lofa,1_12,V;IMP;2;PL,1_9,V;IND;PRS;3;PL
vínviður,vínviði,2_9,?,2_15,N;INDF;DAT;SG
sérhvers,sérhvern,3_7,?,3_10,?
munir,munaði,1_4,V;SBJV;PRS;2;SG,1_3,V;SBJV;PST;3;SG
bandingi,bandingja,1_16,V;SBJV;PRS;3;PL,1_2,?
svínin,svína,4_11,N;DEF;NOM;PL,4_2,N;INDF;GEN;PL
sáu,sást,3_13,?,3_14,V;IND;PST;2;SG
öldungaráðið,öldungaráð,1_12,V;IMP;2;PL,1_18,V;IMP;2;SG
andlegi,andleg,0_11,V;SBJV;PST;1;SG,0_13,V;IND;PST;3;SG
fávíslega,fávísa,0_7,?,0_5,V;NFIN
hryggið,hryggt,1_12,V;IMP;2;PL,1_8,V.CVB
ölmusu,ölmusa,0_9,V;IND;PST;3;PL,0_5,V;NFIN
dýrkið,dýrkaði,1_12,V;IMP;2;PL,1_3,V;SBJV;PST;3;SG
limir,limum,0_4,V;SBJV;PST;2;SG,0_6,V;IND;PRS;1;PL
leyfi,leyft,1_16,V;SBJV;PRS;3;PL,1_8,V.CVB
ótrúu,ótrú,0_9,V;IND;PST;3;PL,0_13,V;IND;PST;3;SG
lýg,lýgur,0_13,V;IND;PST;3;SG,0_3,V;IND;PRS;3;SG
sár,sái,3_4,?,3_0,V;IND;PRS;1;SG
réttlátt,réttlátum,0_12,?,0_6,V;IND;PRS;1;PL
komast,koma,1_19,?,1_9,V;IND;PRS;3;PL
glerhaf,glerhafið,1_18,V;IMP;2;SG,1_12,V;IMP;2;PL
báðir,báðu,0_4,V;SBJV;PST;2;SG,0_9,V;IND;PST;3;PL
þola,þolið,1_9,V;IND;PRS;3;PL,1_12,V;IMP;2;PL
töfra,töfrum,1_9,V;IND;PRS;3;PL,1_13,V;SBJV;PRS;1;PL
leggið,leggja,1_12,V;IMP;2;PL,1_2,?
höggorminn,höggorma,2_11,N;DEF;ACC;SG,2_2,N;INDF;ACC;PL
útlendinga,útlendingum,0_5,V;NFIN,0_6,V;IND;PRS;1;PL
hreinir,hreina,0_4,V;SBJV;PST;2;SG,0_5,V;NFIN
málið,málinu,2_0,N;DEF;NOM;SG,2_12,N;DEF;DAT;SG
kefas,kefasi,4_10,N;INDF;NOM;SG,4_14,V;SBJV;PRS;3;SG
þjón,þjóns,2_7,N;INDF;ACC;SG,2_10,N;INDF;GEN;SG
safna,safnar,1_9,V;IND;PRS;3;PL,1_17,V;IND;PRS;2;SG
meinaði,meinað,1_3,V;SBJV;PST;3;SG,1_0,?
dýrkum,dýrkar,1_13,V;SBJV;PRS;1;PL,1_17,V;IND;PRS;2;SG
líflátið,líflát,2_0,N;DEF;NOM;SG,2_7,N;INDF;ACC;SG
syndanna,synda,4_3,N;DEF;GEN;PL,4_2,N;INDF;GEN;PL
stattu,statt,0_9,V;IND;PST;3;PL,0_13,V;IND;PST;3;SG
framkvæma,framkvæmir,1_9,V;IND;PRS;3;PL,1_4,V;SBJV;PRS;2;SG
fenginn,fengin,1_14,?,1_7,?
klædda,klædduð,0_5,V;NFIN,0_1,V;IND;PST;2;PL
beinir,beint,1_4,V;SBJV;PRS;2;SG,1_8,V.CVB
reyndar,reyndir,0_10,V.PTCP;PRS,0_4,V;SBJV;PST;2;SG
pretta,pretti,1_9,V;IND;PRS;3;PL,1_16,V;SBJV;PRS;3;PL
eignarlýður,eignarlýð,0_3,V;IND;PRS;3;SG,0_13,V;IND;PST;3;SG
lima,limum,0_5,V;NFIN,0_6,V;IND;PRS;1;PL
syndgað,syndgum,1_0,?,1_13,V;SBJV;PRS;1;PL
leyndi,leyndu,0_11,V;SBJV;PST;1;SG,0_9,V;IND;PST;3;PL
fiskinn,fisk,4_15,?,4_10,N;INDF;NOM;SG
synduga,syndugu,0_5,V;NFIN,0_9,V;IND;PST;3;PL
krafin,krafa,1_7,?,1_9,V;IND;PRS;3;PL
markinu,marki,2_12,N;DEF;DAT;SG,2_15,N;INDF;DAT;SG
skorta,skortir,1_9,V;IND;PRS;3;PL,1_4,V;SBJV;PRS;2;SG
helga,helgaði,1_9,V;IND;PRS;3;PL,1_3,V;SBJV;PST;3;SG
gyðings,gyðinginn,2_10,N;INDF;GEN;SG,2_11,N;DEF;ACC;SG
andlegan,andlegir,0_2,V;SBJV;PST;1;PL,0_4,V;SBJV;PST;2;SG
hrygg,hryggir,1_18,V;IMP;2;SG,1_4,V;SBJV;PRS;2;SG
réttur,rétt,1_6,?,1_18,V;IMP;2;SG
höggorma,höggormar,2_2,N;INDF;ACC;PL,2_13,?
alkunn,alkunnur,0_13,V;IND;PST;3;SG,0_3,V;IND;PRS;3;SG
fyllið,fylli,1_12,V;IMP;2;PL,1_16,V;SBJV;PRS;3;PL
dýrlegur,dýrlegum,0_3,V;IND;PRS;3;SG,0_6,V;IND;PRS;1;PL
birta,birtum,1_9,V;IND;PRS;3;PL,1_13,V;SBJV;PRS;1;PL
gestir,gestunum,4_12,?,4_13,N;DEF;DAT;PL
pílatus,pílatusar,4_10,N;INDF;NOM;SG,4_8,N;INDF;NOM;PL
öldungurinn,öldungunum,4_1,?,4_13,N;DEF;DAT;PL
sætum,sæti,0_6,V;IND;PRS;1;PL,0_11,V;SBJV;PST;1;SG
óstyrkar,óstyrka,0_10,V.PTCP;PRS,0_5,V;NFIN
heimtar,heimtað,1_17,V;IND;PRS;2;SG,1_0,?
sannleiks,sannleika,2_10,N;INDF;GEN;SG,2_2,N;INDF;ACC;PL
auðæfa,auðæfum,4_2,N;INDF;GEN;PL,4_5,N;INDF;DAT;PL
miðnætti,miðnættis,3_0,V;IND;PRS;1;SG,3_7,?
kærleik,kærleika,2_7,N;INDF;ACC;SG,2_2,N;INDF;ACC;PL
tímar,tími,4_8,N;INDF;NOM;PL,4_14,V;SBJV;PRS;3;SG
ríka,ríkir,1_9,V;IND;PRS;3;PL,1_4,V;SBJV;PRS;2;SG
ofsóttu,ofsótt,0_9,V;IND;PST;3;PL,0_13,V;IND;PST;3;SG
dómar,dómur,2_13,?,2_9,?
orðinn,orð,2_11,N;DEF;ACC;SG,2_7,N;INDF;ACC;SG
skilur,skilið,1_6,?,1_12,V;IMP;2;PL
helgidóminn,helgidómsins,2_11,N;DEF;ACC;SG,2_16,N;DEF;GEN;SG
greiða,greiðir,1_9,V;IND;PRS;3;PL,1_4,V;SBJV;PRS;2;SG
andleg,andlegar,0_13,V;IND;PST;3;SG,0_10,V.PTCP;PRS
hvern,hvers,3_10,?,3_7,?
vekur,veki,1_6,?,1_16,V;SBJV;PRS;3;PL
munur,munir,1_6,?,1_4,V;SBJV;PRS;2;SG
rómversk,rómverska,0_13,V;IND;PST;3;SG,0_5,V;NFIN
hljóti,hljótið,1_16,V;SBJV;PRS;3;PL,1_12,V;IMP;2;PL
safnaða,safnaðar,4_2,N;INDF;GEN;PL,4_8,N;INDF;NOM;PL
veittu,veitist,1_5,V;SBJV;PST;3;PL,1_11,V;IND;PRS;2;PL
kálfa,kálf,4_2,N;INDF;GEN;PL,4_10,N;INDF;NOM;SG
símeons,símeon,3_7,?,3_0,V;IND;PRS;1;SG
duldist,duldar,1_11,V;IND;PRS;2;PL,1_17,V;IND;PRS;2;SG
heiti,heit,1_16,V;SBJV;PRS;3;PL,1_18,V;IMP;2;SG
postulum,postula,4_5,N;INDF;DAT;PL,4_2,N;INDF;GEN;PL
fóturinn,fótur,4_1,?,4_4,?
grein,greinar,4_10,N;INDF;NOM;SG,4_8,N;INDF;NOM;PL
búi,búist,1_16,V;SBJV;PRS;3;PL,1_11,V;IND;PRS;2;PL
sumar,sum,0_10,V.PTCP;PRS,0_13,V;IND;PST;3;SG
vísu,vísaði,1_10,?,1_3,V;SBJV;PST;3;SG
opinbera,opinberað,1_9,V;IND;PRS;3;PL,1_0,?
knýja,kný,3_8,?,3_0,V;IND;PRS;1;SG
langaði,langað,1_3,V;SBJV;PST;3;SG,1_0,?
fagnar,fagna,1_17,V;IND;PRS;2;SG,1_9,V;IND;PRS;3;PL
sveig,sveigði,3_0,V;IND;PRS;1;SG,3_11,V;IND;PST;1;SG
ættum,ætt,0_6,V;IND;PRS;1;PL,0_13,V;IND;PST;3;SG
flokkinn,flokkum,4_15,?,4_5,N;INDF;DAT;PL
lærisveina,lærisveinn,2_2,N;INDF;ACC;PL,2_8,V;SBJV;PST;2;PL
skurðgoðin,skurðgoðunum,4_11,N;DEF;NOM;PL,4_13,N;DEF;DAT;PL
miðnættis,miðnætti,3_7,?,3_0,V;IND;PRS;1;SG
átta,áttað,1_9,V;IND;PRS;3;PL,1_0,?
orðinn,orðsins,2_11,N;DEF;ACC;SG,2_16,N;DEF;GEN;SG
skipanna,skipinu,2_1,?,2_12,N;DEF;DAT;SG
þorpið,þorpin,2_0,N;DEF;NOM;SG,2_14,N;DEF;ACC;PL
hleypa,hleyptu,1_9,V;IND;PRS;3;PL,1_5,V;SBJV;PST;3;PL
blöð,blöðin,4_10,N;INDF;NOM;SG,4_11,N;DEF;NOM;PL
réttláts,réttlátir,0_14,?,0_4,V;SBJV;PST;2;SG
réttlátu,réttláti,0_9,V;IND;PST;3;PL,0_11,V;SBJV;PST;1;SG
lesa,lesið,1_9,V;IND;PRS;3;PL,1_12,V;IMP;2;PL
boða,boðum,1_9,V;IND;PRS;3;PL,1_13,V;SBJV;PRS;1;PL
frjálsir,frjálst,0_4,V;SBJV;PST;2;SG,0_12,?
bræði,bræðra,0_11,V;SBJV;PST;1;SG,0_8,?
sælan,sæla,0_2,V;SBJV;PST;1;PL,0_5,V;NFIN
dregur,dregst,1_6,?,1_15,?
komi,komast,1_16,V;SBJV;PRS;3;PL,1_19,?
vorri,voruð,0_0,?,0_1,V;IND;PST;2;PL
vatnsins,vatnið,2_16,N;DEF;GEN;SG,2_0,N;DEF;NOM;SG
lambinu,lamba,2_12,N;DEF;DAT;SG,2_2,N;INDF;ACC;PL
horfum,horfið,1_13,V;SBJV;PRS;1;PL,1_12,V;IMP;2;PL
hvílíka,hvílíkt,0_5,V;NFIN,0_12,?
skaltu,skalt,1_5,V;SBJV;PST;3;PL,1_8,V.CVB
presti,prests,2_15,N;INDF;DAT;SG,2_10,N;INDF;GEN;SG
kvölum,kvöl,4_5,N;INDF;DAT;PL,4_10,N;INDF;NOM;SG
send,sendum,0_13,V;IND;PST;3;SG,0_6,V;IND;PRS;1;PL
stóru,stóra,0_9,V;IND;PST;3;PL,0_5,V;NFIN
útlendinga,útlendingur,0_5,V;NFIN,0_3,V;IND;PRS;3;SG
skikkjur,skikkjum,4_4,?,4_5,N;INDF;DAT;PL
faraó,faraós,3_0,V;IND;PRS;1;SG,3_7,?
fingri,fingrum,1_16,V;SBJV;PRS;3;PL,1_13,V;SBJV;PRS;1;PL
akri,akra,1_16,V;SBJV;PRS;3;PL,1_9,V;IND;PRS;3;PL
blindur,blindan,0_3,V;IND;PRS;3;SG,0_2,V;SBJV;PST;1;PL
misgjörðin,misgjörðir,4_11,N;DEF;NOM;PL,4_12,?
þrá,þrái,1_18,V;IMP;2;SG,1_16,V;SBJV;PRS;3;PL
hygg,hyggi,1_18,V;IMP;2;SG,1_16,V;SBJV;PRS;3;PL
hvíldu,hvíld,1_10,?,1_18,V;IMP;2;SG
ónýta,ónýt,1_9,V;IND;PRS;3;PL,1_18,V;IMP;2;SG
báturinn,bát,2_4,?,2_7,N;INDF;ACC;SG
smiður,smiðurinn,2_9,?,2_4,?
meta,metast,1_9,V;IND;PRS;3;PL,1_19,?
ungar,ungi,0_10,V.PTCP;PRS,0_11,V;SBJV;PST;1;SG
frjálst,frjálsum,0_12,?,0_6,V;IND;PRS;1;PL
vatninu,vatnsins,2_12,N;DEF;DAT;SG,2_16,N;DEF;GEN;SG
skipið,skipanna,2_0,N;DEF;NOM;SG,2_1,?
drekka,drekkur,1_9,V;IND;PRS;3;PL,1_6,?
frjálsum,frjáls,0_6,V;IND;PRS;1;PL,0_13,V;IND;PST;3;SG
hugsast,hugsað,1_19,?,1_0,?
smiðurinn,smiðsins,2_4,?,2_16,N;DEF;GEN;SG
hrasi,hrasa,1_16,V;SBJV;PRS;3;PL,1_9,V;IND;PRS;3;PL
sveina,sveinn,4_9,?,4_15,?
snúast,snú,1_19,?,1_18,V;IMP;2;SG
þorpum,þorpsins,2_3,?,2_16,N;DEF;GEN;SG
heilagur,heilagar,0_3,V;IND;PRS;3;SG,0_10,V.PTCP;PRS
uppsker,uppskeran,0_13,V;IND;PST;3;SG,0_2,V;SBJV;PST;1;PL
afneita,afneitum,1_9,V;IND;PRS;3;PL,1_13,V;SBJV;PRS;1;PL
dauði,dauðu,0_11,V;SBJV;PST;1;SG,0_9,V;IND;PST;3;PL
lífláts,lífláti,2_10,N;INDF;GEN;SG,2_15,N;INDF;DAT;SG
stærum,stærir,0_6,V;IND;PRS;1;PL,0_4,V;SBJV;PST;2;SG
fallið,fallin,2_0,N;DEF;NOM;SG,2_14,N;DEF;ACC;PL
síðar,síðri,0_10,V.PTCP;PRS,0_0,?
sigri,sigra,3_1,V;SBJV;PRS;1;SG,3_9,?
vissir,vissu,0_4,V;SBJV;PST;2;SG,0_9,V;IND;PST;3;PL
andlegir,andlegu,0_4,V;SBJV;PST;2;SG,0_9,V;IND;PST;3;PL
sendiboða,sendiboði,1_9,V;IND;PRS;3;PL,1_16,V;SBJV;PRS;3;PL
klæðist,klæðum,1_11,V;IND;PRS;2;PL,1_13,V;SBJV;PRS;1;PL
ónýta,ónýtt,1_9,V;IND;PRS;3;PL,1_8,V.CVB
umskornu,umskornir,0_9,V;IND;PST;3;PL,0_4,V;SBJV;PST;2;SG
samkundustjóra,samkundustjórinn,4_2,N;INDF;GEN;PL,4_15,?
fánýtt,fánýta,0_12,?,0_5,V;NFIN
guðrækinn,guðrækin,4_15,?,4_11,N;DEF;NOM;PL
einhvers,einhvern,3_7,?,3_10,?
uns,uni,3_7,?,3_0,V;IND;PRS;1;SG
fólkinu,fólks,2_12,N;DEF;DAT;SG,2_10,N;INDF;GEN;SG
fenguð,fengum,1_1,?,1_13,V;SBJV;PRS;1;PL
kostið,kostað,1_12,V;IMP;2;PL,1_0,?
get,getum,1_18,V;IMP;2;SG,1_13,V;SBJV;PRS;1;PL
vissa,vissi,0_5,V;NFIN,0_11,V;SBJV;PST;1;SG
sætum,sæta,0_6,V;IND;PRS;1;PL,0_5,V;NFIN
vissum,vissu,0_6,V;IND;PRS;1;PL,0_9,V;IND;PST;3;PL
farísei,farísear,4_14,V;SBJV;PRS;3;SG,4_8,N;INDF;NOM;PL
hlaðinn,hlaðið,1_14,?,1_12,V;IMP;2;PL
illan,illra,0_2,V;SBJV;PST;1;PL,0_8,?
lærisveina,lærisveini,2_2,N;INDF;ACC;PL,2_15,N;INDF;DAT;SG
atburði,atburðum,0_11,V;SBJV;PST;1;SG,0_6,V;IND;PRS;1;PL
gæfum,gæfur,0_6,V;IND;PRS;1;PL,0_3,V;IND;PRS;3;SG
mannfjöldinn,mannfjöldi,2_11,N;DEF;ACC;SG,2_15,N;INDF;DAT;SG
samkunda,samkundum,4_2,N;INDF;GEN;PL,4_5,N;INDF;DAT;PL
aldar,alda,0_10,V.PTCP;PRS,0_5,V;NFIN
vegu,vega,4_7,?,4_2,N;INDF;GEN;PL
landstjórn,landstjórar,2_8,V;SBJV;PST;2;PL,2_13,?
tortímt,tortíma,1_8,V.CVB,1_9,V;IND;PRS;3;PL
kynslóð,kynslóðir,0_13,V;IND;PST;3;SG,0_4,V;SBJV;PST;2;SG
dreif,dreifst,3_0,V;IND;PRS;1;SG,3_14,V;IND;PST;2;SG
glati,glatist,1_16,V;SBJV;PRS;3;PL,1_11,V;IND;PRS;2;PL
orðs,orðunum,2_10,N;INDF;GEN;SG,2_6,?
klæðum,klæða,1_13,V;SBJV;PRS;1;PL,1_9,V;IND;PRS;3;PL
lastmælir,lastmælin,1_4,V;SBJV;PRS;2;SG,1_7,?
bátunum,báti,2_6,?,2_15,N;INDF;DAT;SG
tamar,tamist,1_17,V;IND;PRS;2;SG,1_11,V;IND;PRS;2;PL
opinberaði,opinberir,1_3,V;SBJV;PST;3;SG,1_4,V;SBJV;PRS;2;SG
blóðið,blóði,2_0,N;DEF;NOM;SG,2_15,N;INDF;DAT;SG
ræða,ræðið,1_9,V;IND;PRS;3;PL,1_12,V;IMP;2;PL
höggorminn,höggorm,2_11,N;DEF;ACC;SG,2_7,N;INDF;ACC;SG
samskota,samskotum,4_2,N;INDF;GEN;PL,4_5,N;INDF;DAT;PL
blindan,blinda,0_2,V;SBJV;PST;1;PL,0_5,V;NFIN
lagðir,lagðan,0_4,V;SBJV;PST;2;SG,0_2,V;SBJV;PST;1;PL
stórra,stóru,0_8,?,0_9,V;IND;PST;3;PL
söfnuðum,söfnuður,4_5,N;INDF;DAT;PL,4_4,?
kæru,kærlega,0_9,V;IND;PST;3;PL,0_7,?
óforgengilegum,óforgengilegir,0_6,V;IND;PRS;1;PL,0_4,V;SBJV;PST;2;SG
haldast,haldinn,1_19,?,1_14,?
sneiða,sneið,1_9,V;IND;PRS;3;PL,1_18,V;IMP;2;SG
byrjað,byrjaði,1_0,?,1_3,V;SBJV;PST;3;SG
komast,komin,1_19,?,1_7,?
brauðsins,brauðið,2_16,N;DEF;GEN;SG,2_0,N;DEF;NOM;SG
helgaði,helgist,1_3,V;SBJV;PST;3;SG,1_11,V;IND;PRS;2;PL
hluti,hluta,4_14,V;SBJV;PRS;3;SG,4_2,N;INDF;GEN;PL
tár,tára,4_10,N;INDF;NOM;SG,4_2,N;INDF;GEN;PL
tilreiknuð,tilreiknað,1_1,?,1_0,?
mettur,metta,1_6,?,1_9,V;IND;PRS;3;PL
hrósað,hrósar,1_0,?,1_17,V;IND;PRS;2;SG
þessa,þess,0_5,V;NFIN,0_13,V;IND;PST;3;SG
fávísar,fávísi,0_10,V.PTCP;PRS,0_11,V;SBJV;PST;1;SG
rangt,rangan,0_12,?,0_2,V;SBJV;PST;1;PL
ljúga,ljúgið,1_9,V;IND;PRS;3;PL,1_12,V;IMP;2;PL
flestir,flesta,0_4,V;SBJV;PST;2;SG,0_5,V;NFIN
heimtar,heimtuð,1_17,V;IND;PRS;2;SG,1_1,?
stjórnar,stjórna,1_17,V;IND;PRS;2;SG,1_9,V;IND;PRS;3;PL
ákafur,ákaflega,0_3,V;IND;PRS;3;SG,0_7,?
gangi,ganga,1_16,V;SBJV;PRS;3;PL,1_9,V;IND;PRS;3;PL
ætlaði,ætlið,1_3,V;SBJV;PST;3;SG,1_12,V;IMP;2;PL
þurfum,þurft,1_13,V;SBJV;PRS;1;PL,1_8,V.CVB
vegsamast,vegsamist,1_19,?,1_11,V;IND;PRS;2;PL
fengist,fengin,1_11,V;IND;PRS;2;PL,1_7,?
dómurinn,dóminn,2_4,?,2_11,N;DEF;ACC;SG
sverði,sverðið,2_15,N;INDF;DAT;SG,2_0,N;DEF;NOM;SG
lið,liðinn,2_7,N;INDF;ACC;SG,2_11,N;DEF;ACC;SG
ríkt,ríkir,1_8,V.CVB,1_4,V;SBJV;PRS;2;SG
réttum,réttur,1_13,V;SBJV;PRS;1;PL,1_6,?
mal,mals,2_7,N;INDF;ACC;SG,2_10,N;INDF;GEN;SG
vinir,vinum,0_4,V;SBJV;PST;2;SG,0_6,V;IND;PRS;1;PL
slíkt,slíkra,0_12,?,0_8,?
þakkar,þakkaði,1_17,V;IND;PRS;2;SG,1_3,V;SBJV;PST;3;SG
smiðum,smiðurinn,2_3,?,2_4,?
allsnægtum,allsnægtir,0_6,V;IND;PRS;1;PL,0_4,V;SBJV;PST;2;SG
finna,finnið,1_9,V;IND;PRS;3;PL,1_12,V;IMP;2;PL
dauða,dauð,0_5,V;NFIN,0_13,V;IND;PST;3;SG
gefi,gefur,1_16,V;SBJV;PRS;3;PL,1_6,?
ætlið,ætli,1_12,V;IMP;2;PL,1_16,V;SBJV;PRS;3;PL
flærð,flærðar,4_10,N;INDF;NOM;SG,4_8,N;INDF;NOM;PL
glatar,glataði,1_17,V;IND;PRS;2;SG,1_3,V;SBJV;PST;3;SG
kynslóða,kynslóðir,0_5,V;NFIN,0_4,V;SBJV;PST;2;SG
hvíldi,hvíldist,1_16,V;SBJV;PRS;3;PL,1_11,V;IND;PRS;2;PL
róað,róið,1_0,?,1_12,V;IMP;2;PL
hegðar,hegða,1_17,V;IND;PRS;2;SG,1_9,V;IND;PRS;3;PL
drápuð,drápu,3_2,?,3_0,V;IND;PRS;1;SG
talinn,tal,1_14,?,1_18,V;IMP;2;SG
snú,snúast,1_18,V;IMP;2;SG,1_19,?
brenna,brennt,0_5,V;NFIN,0_12,?
heilagan,heilagt,0_2,V;SBJV;PST;1;PL,0_12,?
málið,máls,2_0,N;DEF;NOM;SG,2_10,N;INDF;GEN;SG
vissu,vissir,0_9,V;IND;PST;3;PL,0_4,V;SBJV;PST;2;SG
bókunum,bókina,4_13,N;DEF;DAT;PL,4_9,?
heitt,heitar,1_8,V.CVB,1_17,V;IND;PRS;2;SG
flestum,flesta,0_6,V;IND;PRS;1;PL,0_5,V;NFIN
helgar,helgað,1_17,V;IND;PRS;2;SG,1_0,?
réttlátan,réttlátur,0_2,V;SBJV;PST;1;PL,0_3,V;IND;PRS;3;SG
nafninu,nafni,2_12,N;DEF;DAT;SG,2_15,N;INDF;DAT;SG
festar,festist,1_17,V;IND;PRS;2;SG,1_11,V;IND;PRS;2;PL
vorar,vorum,0_10,V.PTCP;PRS,0_6,V;IND;PRS;1;PL
opinberuð,opinberaði,1_1,?,1_3,V;SBJV;PST;3;SG
glatt,glatast,1_8,V.CVB,1_19,?
ráðum,ráða,1_13,V;SBJV;PRS;1;PL,1_9,V;IND;PRS;3;PL
heilagra,heilagri,0_8,?,0_0,?
grundvölluð,grundvöllur,1_1,?,1_6,?
slægum,slægur,0_6,V;IND;PRS;1;PL,0_3,V;IND;PRS;3;SG
sætta,sætti,1_9,V;IND;PRS;3;PL,1_16,V;SBJV;PRS;3;PL
ein,einu,0_13,V;IND;PST;3;SG,0_9,V;IND;PST;3;PL
konungsins,konunga,2_16,N;DEF;GEN;SG,2_2,N;INDF;ACC;PL
torgi,torgum,2_15,N;INDF;DAT;SG,2_3,?
keppir,keppum,1_4,V;SBJV;PRS;2;SG,1_13,V;SBJV;PRS;1;PL
þrumum,þruma,0_6,V;IND;PRS;1;PL,0_5,V;NFIN
afrekum,afrekar,4_5,N;INDF;DAT;PL,4_8,N;INDF;NOM;PL
rótfestir,rótfestu,0_4,V;SBJV;PST;2;SG,0_9,V;IND;PST;3;PL
berið,berst,1_12,V;IMP;2;PL,1_15,?
sjálf,sjálfu,0_13,V;IND;PST;3;SG,0_9,V;IND;PST;3;PL
engla,englum,4_2,N;INDF;GEN;PL,4_5,N;INDF;DAT;PL
þoli,þolað,1_16,V;SBJV;PRS;3;PL,1_0,?
komist,komu,1_11,V;IND;PRS;2;PL,1_10,?
hræddar,hræddir,0_10,V.PTCP;PRS,0_4,V;SBJV;PST;2;SG
plágum,plágur,4_5,N;INDF;DAT;PL,4_4,?
veika,veiku,0_5,V;NFIN,0_9,V;IND;PST;3;PL
leitist,leitt,1_11,V;IND;PRS;2;PL,1_8,V.CVB
eilíflega,eilífur,0_7,?,0_3,V;IND;PRS;3;SG
þjóðanna,þjóðunum,4_3,N;DEF;GEN;PL,4_13,N;DEF;DAT;PL
agi,aga,1_16,V;SBJV;PRS;3;PL,1_9,V;IND;PRS;3;PL
samverji,samverjar,1_16,V;SBJV;PRS;3;PL,1_17,V;IND;PRS;2;SG
játaði,játa,1_3,V;SBJV;PST;3;SG,1_9,V;IND;PRS;3;PL
leit,leitar,1_18,V;IMP;2;SG,1_17,V;IND;PRS;2;SG
elska,elskar,1_9,V;IND;PRS;3;PL,1_17,V;IND;PRS;2;SG
skammar,skamma,1_17,V;IND;PRS;2;SG,1_9,V;IND;PRS;3;PL
biskup,biskupum,4_10,N;INDF;NOM;SG,4_5,N;INDF;DAT;PL
aukið,aukast,1_12,V;IMP;2;PL,1_19,?
vissir,vissum,0_4,V;SBJV;PST;2;SG,0_6,V;IND;PRS;1;PL
noti,notað,1_16,V;SBJV;PRS;3;PL,1_0,?
dýr,dýrið,2_7,N;INDF;ACC;SG,2_0,N;DEF;NOM;SG
fjöllum,fjöll,4_5,N;INDF;DAT;PL,4_10,N;INDF;NOM;SG
athugi,athugið,1_16,V;SBJV;PRS;3;PL,1_12,V;IMP;2;PL
fyrirgefið,fyrirgefum,1_12,V;IMP;2;PL,1_13,V;SBJV;PRS;1;PL
vera,vei,3_9,?,3_0,V;IND;PRS;1;SG
bærum,bærar,4_5,N;INDF;DAT;PL,4_8,N;INDF;NOM;PL
skrýddur,skrýdda,0_3,V;IND;PRS;3;SG,0_5,V;NFIN
máli,málinu,2_15,N;INDF;DAT;SG,2_12,N;DEF;DAT;SG
hæði,hæða,0_11,V;SBJV;PST;1;SG,0_5,V;NFIN
prest,prestum,2_7,N;INDF;ACC;SG,2_3,?
prédikið,prédiki,1_12,V;IMP;2;PL,1_16,V;SBJV;PRS;3;PL
eigi,eigum,1_16,V;SBJV;PRS;3;PL,1_13,V;SBJV;PRS;1;PL
sýndu,sýndi,1_10,?,1_16,V;SBJV;PRS;3;PL
réttu,rétti,1_10,?,1_16,V;SBJV;PRS;3;PL
stigum,stigu,4_5,N;INDF;DAT;PL,4_7,?
dauða,dauðir,0_5,V;NFIN,0_4,V;SBJV;PST;2;SG
sannað,sannir,1_0,?,1_4,V;SBJV;PRS;2;SG
vita,viti,1_9,V;IND;PRS;3;PL,1_16,V;SBJV;PRS;3;PL
abraham,abrahams,3_0,V;IND;PRS;1;SG,3_7,?
jafnir,jafnar,1_4,V;SBJV;PRS;2;SG,1_17,V;IND;PRS;2;SG
agi,agar,1_16,V;SBJV;PRS;3;PL,1_17,V;IND;PRS;2;SG
aldur,alda,0_3,V;IND;PRS;3;SG,0_5,V;NFIN
vaxið,vaxi,1_12,V;IMP;2;PL,1_16,V;SBJV;PRS;3;PL
játar,játað,1_17,V;IND;PRS;2;SG,1_0,?
borgarhliðanna,borgarhliðunum,4_3,N;DEF;GEN;PL,4_13,N;DEF;DAT;PL
hvílast,hvíl,1_19,?,1_18,V;IMP;2;SG
huggaði,huggað,1_3,V;SBJV;PST;3;SG,1_0,?
fyrirboðar,fyrirboði,1_17,V;IND;PRS;2;SG,1_16,V;SBJV;PRS;3;PL
vors,vorra,0_14,?,0_8,?
vind,vindar,4_10,N;INDF;NOM;SG,4_8,N;INDF;NOM;PL
látin,látinn,1_7,?,1_14,?
lífið,lífs,2_0,N;DEF;NOM;SG,2_10,N;INDF;GEN;SG
viti,vita,1_16,V;SBJV;PRS;3;PL,1_9,V;IND;PRS;3;PL
stóð,stóðuð,0_13,V;IND;PST;3;SG,0_1,V;IND;PST;2;PL
