Bächen	Bächen
Empörung	Empörung
kaufet	kaufet
lobe	lobe
Ströme	Ströme
Büsche	Büsche
Kristalle	Kristalle
irgendein	irgendein
Gebt	Gebt
Solcher	Solcher
diese	diese
greifet	greifet
fluchten	fluchten
schreckt	schreckt
liegen	liegen
Frösche	Frösche
erweckt	erweckt
Äste	Äste
Sekte	Sekte
gibst	gibst
aßest	aßest
Christ	Christ
Monden	Monden
Falle	Falle
Wehret	Wehret
harrte	harrte
Stricken	Stricken
Gesetzen	Gesetzen
gießet	gießet
aufrichte	aufrichte
helft	helft
eingehst	eingehst
rufst	rufst
Tritte	Tritte
gleiche	gleiche
vertilgt	vertilgt
rühmst	rühmst
Satzungen	Satzungen
besuchen	besuchen
dürft	dürft
Wachen	Wachen
messet	messet
deinen	deinen
stärken	stärken
wurdest	wurdest
kriegen	kriegen
Hauen	Hauen
Halle	Halle
halt	halt
Mensch	Mensch
älteste	älteste
wollte	wollte
Höret	Höret
neige	neige
ein	ein
Sage	Sage
bist	bist
Heuschrecke	Heuschrecke
Folget	Folget
Lob	Lob
Pflanzungen	Pflanzungen
besitzt	besitzt
Denn	Denn
zerstörst	zerstörst
gelang	gelang
Fels	Fels
stäupten	stäupten
hättet	hättet
bang	bang
Schwellen	Schwellen
vermahnten	vermahnten
trotzest	trotzest
schwimmst	schwimmst
bricht	bricht
unser	unser
schreie	schreie
weichest	weichest
Gedanke	Gedanke
schöpfen	schöpfen
malen	malen
vertilgest	vertilgest
hadere	hadere
vertraute	vertraute
Gebeinen	Gebeinen
ihn	ihn
Zäume	Zäume
leer	leer
ehret	ehret
würden	würden
schwimmen	schwimmen
Steiget	Steiget
messe	messe
Hunde	Hunde
binden	binden
achten	achten
gedenkest	gedenkest
gebührt	gebührt
meine	meine
Friede	Friede
fraget	fraget
würdest	würdest
anrührte	anrührte
aufwachte	aufwachte
backt	backt
schwebte	schwebte
vereinigte	vereinigte
Tat	Tat
trübe	trübe
Bäume	Bäume
Höhe	Höhe
heißt	heißt
bekannten	bekannten
vierten	vierten
erbaust	erbaust
gebäret	gebäret
Hie	Hie
gehört	gehört
Sagte	Sagte
könnten	könnten
fastetest	fastetest
stirbt	stirbt
Kommet	Kommet
betrübt	betrübt
fließen	fließen
Lobe	Lobe
hüten	hüten
lebte	lebte
durchläutert	durchläutert
losen	losen
befestigten	befestigten
sagest	sagest
nahest	nahest
Quelle	Quelle
könnet	könnet
stellst	stellst
fette	fette
Sabbatjahr	Sabbatjahr
gebet	gebet
Fette	Fette
reizt	reizt
reiche	reiche
Weh	Weh
bemüht	bemüht
oben	oben
hoffte	hoffte
erbaut	erbaut
verschont	verschont
habest	habest
wurdet	wurdet
bedürft	bedürft
male	male
säet	säet
offenbart	offenbart
Kommst	Kommst
Türmen	Türmen
plagte	plagte
Ringe	Ringe
erkennet	erkennet
Schauet	Schauet
wert	wert
Elle	Elle
zuhöret	zuhöret
Herr	Herr
solle	solle
verbirgt	verbirgt
Drache	Drache
Bürde	Bürde
zeigte	zeigte
Wisset	Wisset
sichten	sichten
feierten	feierten
Feste	Feste
Weinbergen	Weinbergen
verunreinigt	verunreinigt
Reich	Reich
bedürfet	bedürfet
taufen	taufen
pflanzest	pflanzest
Anklagen	Anklagen
Worte	Worte
begehre	begehre
Räte	Räte
ehrst	ehrst
führte	führte
Haben	Haben
weisen	weisen
täuschet	täuschet
steinigst	steinigst
weh	weh
weite	weite
messen	messen
erfüllt	erfüllt
ausfuhren	ausfuhren
Geschäften	Geschäften
Könnt	Könnt
gebraucht	gebraucht
Kannst	Kannst
möget	möget
Hecken	Hecken
sieht	sieht
erlassen	erlassen
morden	morden
Königreichen	Königreichen
Kein	Kein
linken	linken
gehörte	gehörte
ausfuhr	ausfuhr
reizte	reizte
dienst	dienst
Winden	Winden
gedachten	gedachten
Leiche	Leiche
Grab	Grab
umkäme	umkäme
ob	ob
zürnest	zürnest
Gibt	Gibt
Leisten	Leisten
rechten	rechten
geraten	geraten
Ratet	Ratet
nachwandelst	nachwandelst
Perlen	Perlen
prediget	prediget
Wogen	Wogen
graben	graben
abweichet	abweichet
flucht	flucht
wärmet	wärmet
aufheben	aufheben
zweifeln	zweifeln
austilgen	austilgen
umkehrte	umkehrte
decke	decke
Palästen	Palästen
Wolle	Wolle
Dann	Dann
Weine	Weine
Monde	Monde
verziehe	verziehe
gereichte	gereichte
sei	sei
lebet	lebet
dritte	dritte
verlähmte	verlähmte
mühe	mühe
befragte	befragte
macht	macht
schnell	schnell
schnitt	schnitt
zerbricht	zerbricht
Königreiche	Königreiche
zeugen	zeugen
sündigt	sündigt
Stücken	Stücken
umkämen	umkämen
Weiche	Weiche
schlaft	schlaft
verbannt	verbannt
Lehre	Lehre
Dich	Dich
stärkte	stärkte
Weihen	Weihen
weichet	weichet
Eine	Eine
Seile	Seile
Frieden	Frieden
Gesellen	Gesellen
murmeln	murmeln
Bahn	Bahn
versagen	versagen
besser	besser
hell	hell
zerstreut	zerstreut
frage	frage
Sprüche	Sprüche
preist	preist
Hirschen	Hirschen
Berge	Berge
inneren	inneren
folge	folge
verständige	verständige
heilte	heilte
arme	arme
weiden	weiden
vertilgen	vertilgen
Raben	Raben
Basilisken	Basilisken
Staub	Staub
liegst	liegst
stäupen	stäupen
eilte	eilte
Essen	Essen
Schaffe	Schaffe
schneiden	schneiden
Stämme	Stämme
mögt	mögt
tragest	tragest
umbringet	umbringet
Meinet	Meinet
Würze	Würze
fällt	fällt
träumen	träumen
Stäbe	Stäbe
Wollte	Wollte
kämpfte	kämpfte
laut	laut
Gewürzen	Gewürzen
Worten	Worten
Willst	Willst
rüstetet	rüstetet
Ach	Ach
streuen	streuen
versöhnt	versöhnt
bekehret	bekehret
schläfst	schläfst
verkündigten	verkündigten
klagte	klagte
Städte	Städte
Danket	Danket
Säcke	Säcke
anzeigen	anzeigen
holst	holst
ehren	ehren
könnt	könnt
habt	habt
faule	faule
besät	besät
löset	löset
verkündigte	verkündigte
werdet	werdet
banden	banden
bezahlst	bezahlst
redete	redete
fragst	fragst
verzweifelten	verzweifelten
dein	dein
gereicht	gereicht
zwölften	zwölften
erforschet	erforschet
zählte	zählte
Nehmt	Nehmt
stürzest	stürzest
anzeigest	anzeigest
Fülle	Fülle
rühmet	rühmet
Linken	Linken
allen	allen
Gefängnisse	Gefängnisse
solche	solche
Kühen	Kühen
eilet	eilet
Kannen	Kannen
decken	decken
entgegenkamen	entgegenkamen
elfte	elfte
auflöste	auflöste
Spießen	Spießen
scheide	scheide
verliert	verliert
steckst	steckst
falle	falle
Ältesten	Ältesten
herrschet	herrschet
verstehst	verstehst
durchbohrte	durchbohrte
Tore	Tore
weiche	weiche
bedeckst	bedeckst
helfest	helfest
brenne	brenne
Tausend	Tausend
Edelsteinen	Edelsteinen
trotze	trotze
Orte	Orte
bestellten	bestellten
Alte	Alte
Seht	Seht
löste	löste
aber	aber
schwelle	schwelle
wahre	wahre
fertig	fertig
wechselte	wechselte
schickte	schickte
Trinken	Trinken
Christen	Christen
murmelte	murmelte
bekehrten	bekehrten
Seiten	Seiten
Stimme	Stimme
Stufe	Stufe
Sprüchen	Sprüchen
Jungen	Jungen
Gäste	Gäste
Gelobet	Gelobet
begehrst	begehrst
erschrecket	erschrecket
Sollte	Sollte
ehe	ehe
welchen	welchen
pflanzt	pflanzt
würde	würde
steigest	steigest
aufrichtest	aufrichtest
Fäusten	Fäusten
aufstehst	aufstehst
kaufe	kaufe
schenket	schenket
Welchen	Welchen
eurem	eurem
welche	welche
Bleibe	Bleibe
ausrichtest	ausrichtest
Diesen	Diesen
übte	übte
wärmte	wärmte
Entsetzt	Entsetzt
leere	leere
bleiben	bleiben
Ecke	Ecke
erzeigten	erzeigten
Solch	Solch
Jahre	Jahre
Eingeweide	Eingeweide
Rudern	Rudern
schämte	schämte
handhaben	handhaben
werden	werden
erhörst	erhörst
sitzen	sitzen
einführte	einführte
Feind	Feind
Macht	Macht
Zäunen	Zäunen
erhöht	erhöht
verdammten	verdammten
verständig	verständig
pflege	pflege
wechseln	wechseln
Leiden	Leiden
strafe	strafe
schmierte	schmierte
liege	liege
webet	webet
erlöst	erlöst
gehorchte	gehorchte
Stricke	Stricke
stärket	stärket
höhnte	höhnte
irrte	irrte
hattet	hattet
solchem	solchem
ziert	ziert
erkanntet	erkanntet
Heere	Heere
braust	braust
gebrauchte	gebrauchte
Tiefe	Tiefe
Banden	Banden
schreiben	schreiben
hinausgeht	hinausgeht
urteile	urteile
ihrem	ihrem
versuche	versuche
Buchstabe	Buchstabe
Mein	Mein
tote	tote
Höfen	Höfen
Fittiche	Fittiche
Tut	Tut
kehrst	kehrst
gehörten	gehörten
Aas	Aas
beschuldigt	beschuldigt
Gängen	Gängen
unsre	unsre
setzt	setzt
bestellt	bestellt
umkommt	umkommt
flehte	flehte
Herde	Herde
danket	danket
Schilden	Schilden
anrufe	anrufe
Stufen	Stufen
Entsetzen	Entsetzen
Bitte	Bitte
Habt	Habt
Sei	Sei
rufest	rufest
fliege	fliege
Töpfe	Töpfe
hauen	hauen
würzen	würzen
säumet	säumet
Wüsten	Wüsten
wach	wach
höret	höret
ausrottet	ausrottet
geratest	geratest
Hunden	Hunden
Kriegsknechten	Kriegsknechten
Hirt	Hirt
greifen	greifen
schöpfest	schöpfest
Vorhäute	Vorhäute
Felle	Felle
beschädigt	beschädigt
Speeren	Speeren
andere	andere
Götze	Götze
Tun	Tun
schenken	schenken
schlag	schlag
hebräischen	hebräischen
Perle	Perle
Hirten	Hirten
verkehrten	verkehrten
Deutungen	Deutungen
tat	tat
Kleinode	Kleinode
Werden	Werden
Schau	Schau
Forsche	Forsche
stille	stille
grüßet	grüßet
dichten	dichten
stärke	stärke
verlaßt	verlaßt
Tischen	Tischen
Weinen	Weinen
strecken	strecken
heilet	heilet
erforschest	erforschest
bleibet	bleibet
Basilisk	Basilisk
stiftete	stiftete
bekannte	bekannte
Zeugen	Zeugen
aufstehet	aufstehet
wünsche	wünsche
Meere	Meere
ihnen	ihnen
aufhebest	aufhebest
Gehilfe	Gehilfe
saht	saht
springst	springst
Tyrann	Tyrann
Kriegsknechte	Kriegsknechte
Morden	Morden
frisch	frisch
aufkommen	aufkommen
lesen	lesen
Trübsal	Trübsal
Gevierte	Gevierte
Pferde	Pferde
vierte	vierte
verzieh	verzieh
Strömen	Strömen
aufwacht	aufwacht
keinen	keinen
konntest	konntest
Ihren	Ihren
vertilgten	vertilgten
wallet	wallet
sagte	sagte
verklärest	verklärest
reizen	reizen
erst	erst
begrabest	begrabest
feierte	feierte
deines	deines
erdachten	erdachten
weinst	weinst
Träumen	Träumen
Gründe	Gründe
Decken	Decken
begehrte	begehrte
Gesetze	Gesetze
vergebet	vergebet
Gründen	Gründen
kämpfet	kämpfet
Stärke	Stärke
verkauften	verkauften
schaffte	schaffte
seinen	seinen
gebühren	gebühren
schaffe	schaffe
ladest	ladest
nehmt	nehmt
gleich	gleich
abweichest	abweichest
gefällst	gefällst
Majestäten	Majestäten
schwebe	schwebe
verführe	verführe
Dank	Dank
heile	heile
unterrichtet	unterrichtet
wer	wer
erhalte	erhalte
weinen	weinen
Schiffe	Schiffe
heißet	heißet
saget	saget
Kehret	Kehret
Heben	Heben
Sagen	Sagen
wälzet	wälzet
Hin	Hin
Schaffet	Schaffet
schaute	schaute
Schlägst	Schlägst
bat	bat
erbte	erbte
kennst	kennst
Brote	Brote
verderbest	verderbest
Zäune	Zäune
mahle	mahle
dienet	dienet
Sucht	Sucht
verkündigst	verkündigst
ausführte	ausführte
Ordnungen	Ordnungen
ratschlagten	ratschlagten
ab	ab
Türme	Türme
Stühle	Stühle
lehret	lehret
rittest	rittest
Juden	Juden
Gläubigen	Gläubigen
bringest	bringest
Sehe	Sehe
Mäusen	Mäusen
liebet	liebet
Schar	Schar
bestimmt	bestimmt
Fittichen	Fittichen
ruhe	ruhe
Acht	Acht
Orten	Orten
ermahnet	ermahnet
erlasset	erlasset
stellet	stellet
schreiet	schreiet
Empörungen	Empörungen
verlasse	verlasse
Füllen	Füllen
schon	schon
Zerstreut	Zerstreut
dingten	dingten
Pauken	Pauken
mußte	mußte
ausgehst	ausgehst
lobte	lobte
Scharen	Scharen
borgst	borgst
Knaben	Knaben
nahte	nahte
stoße	stoße
jemanden	jemanden
speisen	speisen
Decke	Decke
verlähmt	verlähmt
zerstreuet	zerstreuet
gehören	gehören
Büschen	Büschen
Rühmet	Rühmet
Gemeinden	Gemeinden
Fällt	Fällt
Aase	Aase
fünften	fünften
erschrickst	erschrickst
verführt	verführt
vergleichen	vergleichen
verstehet	verstehet
zwölfte	zwölfte
gebären	gebären
lassest	lassest
Same	Same
weichen	weichen
ehrte	ehrte
seines	seines
frommen	frommen
Gebärden	Gebärden
schlaf	schlaf
erzeigen	erzeigen
Frommen	Frommen
ratschlaget	ratschlaget
wisset	wisset
Maultier	Maultier
leget	leget
Ratsherren	Ratsherren
klagen	klagen
lehre	lehre
blitzte	blitzte
übet	übet
Wärt	Wärt
Alle	Alle
Gerät	Gerät
verlobt	verlobt
ach	ach
pflanzen	pflanzen
gebot	gebot
beschwöre	beschwöre
wehen	wehen
Regent	Regent
eile	eile
gelobst	gelobst
streckst	streckst
beweist	beweist
schätzen	schätzen
gehorchest	gehorchest
meines	meines
griechischen	griechischen
ernte	ernte
logen	logen
trügen	trügen
bekennt	bekennt
jauchzt	jauchzt
Meinem	Meinem
verbergest	verbergest
verkaufte	verkaufte
anhangen	anhangen
Götzen	Götzen
warte	warte
bleibest	bleibest
unseren	unseren
heiße	heiße
erfahrt	erfahrt
ringet	ringet
seist	seist
Steinen	Steinen
wälzte	wälzte
Fröschen	Fröschen
Schmiede	Schmiede
stimmte	stimmte
Tiere	Tiere
gefällt	gefällt
anderen	anderen
Wirst	Wirst
Merke	Merke
Röhre	Röhre
kehrte	kehrte
versuchst	versuchst
befehlt	befehlt
Schleife	Schleife
hauest	hauest
tatet	tatet
wärst	wärst
auflegte	auflegte
sehest	sehest
er	er
reichet	reichet
prüfest	prüfest
Säue	Säue
Rehe	Rehe
versöhnet	versöhnet
fragte	fragte
wärt	wärt
demütig	demütig
Regenten	Regenten
steigen	steigen
verkriechst	verkriechst
bedenken	bedenken
Joche	Joche
Wesen	Wesen
Aussätzigen	Aussätzigen
merkte	merkte
Gläubige	Gläubige
pflegst	pflegst
wehrte	wehrte
Eilet	Eilet
müßten	müßten
wachsen	wachsen
opfern	opfern
Regiert	Regiert
jedem	jedem
urteilte	urteilte
Erden	Erden
schreist	schreist
Weichet	Weichet
sitzt	sitzt
Bist	Bist
würze	würze
maß	maß
tragen	tragen
lest	lest
eingehet	eingehet
verkürzt	verkürzt
Kreise	Kreise
verwahrt	verwahrt
Höhen	Höhen
Kohlen	Kohlen
nimmst	nimmst
erbet	erbet
Sorgen	Sorgen
spalten	spalten
alle	alle
fehlet	fehlet
verziehst	verziehst
reichen	reichen
Tannen	Tannen
umkommst	umkommst
backe	backe
ärger	ärger
vermöge	vermöge
grüße	grüße
erhöhst	erhöhst
ältesten	ältesten
Hebe	Hebe
teilen	teilen
haue	haue
überführen	überführen
vor	vor
ausführt	ausführt
wachet	wachet
anzeigt	anzeigt
Sollst	Sollst
widerstanden	widerstanden
fahrest	fahrest
ärgere	ärgere
spracht	spracht
hattest	hattest
decket	decket
schmiert	schmiert
Schauen	Schauen
Recht	Recht
versucht	versucht
ausführe	ausführe
weise	weise
lieget	lieget
Briefe	Briefe
verzweifelt	verzweifelt
Buben	Buben
Gästen	Gästen
lachen	lachen
spannen	spannen
wacht	wacht
Füßen	Füßen
Sieb	Sieb
Beinen	Beinen
wehe	wehe
beißet	beißet
Gehorcht	Gehorcht
Linke	Linke
schnelle	schnelle
schmücket	schmücket
Türkis	Türkis
schöpfte	schöpfte
Feiertagen	Feiertagen
Ebene	Ebene
steinigest	steinigest
schätzte	schätzte
wollt	wollt
geselle	geselle
Teppichen	Teppichen
aufhört	aufhört
schämst	schämst
grüßen	grüßen
Pfeilen	Pfeilen
Hast	Hast
Bären	Bären
Stücke	Stücke
fassest	fassest
fehlte	fehlte
beweisen	beweisen
Knechte	Knechte
ermahnt	ermahnt
wild	wild
Zerstreuten	Zerstreuten
Rühmst	Rühmst
ihres	ihres
ratschlagt	ratschlagt
gern	gern
warten	warten
fremden	fremden
Klagen	Klagen
griff	griff
gerne	gerne
versteckt	versteckt
umbringt	umbringt
knüpfte	knüpfte
vermagst	vermagst
zweiten	zweiten
griechisch	griechisch
Eile	Eile
ausgeht	ausgeht
seien	seien
Anschlägen	Anschlägen
anhanget	anhanget
einen	einen
säte	säte
schließe	schließe
anrufen	anrufen
verziehen	verziehen
Anklage	Anklage
überführt	überführt
Schwelle	Schwelle
Fahret	Fahret
vergesset	vergesset
all	all
schweigen	schweigen
Jünglingen	Jünglingen
eins	eins
bewahrst	bewahrst
Flöte	Flöte
Leide	Leide
kaufest	kaufest
laufe	laufe
kommet	kommet
versöhnst	versöhnst
trüb	trüb
einernten	einernten
Äxte	Äxte
trage	trage
Brüsten	Brüsten
betrügen	betrügen
kaufte	kaufte
Wäre	Wäre
webte	webte
machst	machst
schauen	schauen
Schlangen	Schlangen
Helden	Helden
Sinnen	Sinnen
Bete	Bete
warnst	warnst
bewahrest	bewahrest
arbeiten	arbeiten
hinaufgeht	hinaufgeht
Heiden	Heiden
behalte	behalte
schämet	schämet
Zähnen	Zähnen
pflegte	pflegte
reich	reich
fehlen	fehlen
leihst	leihst
Funke	Funke
sprechet	sprechet
Speisen	Speisen
Schade	Schade
denket	denket
Bäche	Bäche
tragt	tragt
einführen	einführen
Kristallen	Kristallen
Hörst	Hörst
kämpfen	kämpfen
beschädigte	beschädigte
ausrottest	ausrottest
Städten	Städten
bauten	bauten
Griechen	Griechen
folgen	folgen
weiten	weiten
Zeugnissen	Zeugnissen
Schwänze	Schwänze
bebte	bebte
niemand	niemand
verwahrst	verwahrst
Keine	Keine
hineingeht	hineingeht
wiederkamt	wiederkamt
hätte	hätte
spaltete	spaltete
schrecken	schrecken
untergeht	untergeht
Stolz	Stolz
werdest	werdest
Erstlinge	Erstlinge
zeugst	zeugst
behaltest	behaltest
Bürden	Bürden
Röcke	Röcke
hasset	hasset
Löwen	Löwen
müssest	müssest
Bleche	Bleche
sündiget	sündiget
bezahlest	bezahlest
wahr	wahr
Köpfe	Köpfe
Freunde	Freunde
Wege	Wege
seufzte	seufzte
drängst	drängst
Leuchten	Leuchten
Alten	Alten
steige	steige
Kriegen	Kriegen
Werde	Werde
prüfet	prüfet
hieb	hieb
hoffet	hoffet
warst	warst
Maultieren	Maultieren
Befehle	Befehle
umkehrt	umkehrt
war	war
besitzet	besitzet
reif	reif
erdacht	erdacht
gewöhnte	gewöhnte
vertrauet	vertrauet
küsse	küsse
trinken	trinken
gedenket	gedenket
Pauke	Pauke
Fallt	Fallt
Herz	Herz
Äxten	Äxten
Zöpfen	Zöpfen
ernten	ernten
Verheißung	Verheißung
Erstlingen	Erstlingen
wegführe	wegführe
wilde	wilde
Trübsale	Trübsale
konntet	konntet
erben	erben
lachet	lachet
verstecke	verstecke
rühmte	rühmte
beschwert	beschwert
beißt	beißt
beweisest	beweisest
Lehne	Lehne
regte	regte
zuteilte	zuteilte
Stühlen	Stühlen
Einer	Einer
Feinde	Feinde
gewinnet	gewinnet
glänzt	glänzt
wissest	wissest
gedenkst	gedenkst
lüge	lüge
siegte	siegte
Maßen	Maßen
jeder	jeder
Monaten	Monaten
Halte	Halte
zerstreust	zerstreust
taufet	taufet
ersten	ersten
reifen	reifen
drücken	drücken
verkündige	verkündige
Lobgesängen	Lobgesängen
redetest	redetest
springen	springen
Spitzen	Spitzen
Steine	Steine
aufstanden	aufstanden
Solchen	Solchen
Ränke	Ränke
speisest	speisest
Ängste	Ängste
Briefen	Briefen
halte	halte
untertreten	untertreten
Menschen	Menschen
gebt	gebt
Solches	Solches
besucht	besucht
hättest	hättest
ritt	ritt
Halt	Halt
Band	Band
Schenken	Schenken
Enden	Enden
Schale	Schale
Sinne	Sinne
dritten	dritten
wehklage	wehklage
Augen	Augen
Ruder	Ruder
lügst	lügst
Meeren	Meeren
ausrichtet	ausrichtet
hassest	hassest
sprichst	sprichst
strafen	strafen
Flöten	Flöten
Diebe	Diebe
erlaubt	erlaubt
hineingehst	hineingehst
Schätzen	Schätzen
laute	laute
Gefängnissen	Gefängnissen
Schreien	Schreien
frevles	frevles
keiner	keiner
Werdet	Werdet
erwürget	erwürget
Ehren	Ehren
wehret	wehret
besitzest	besitzest
Westen	Westen
spielte	spielte
Tier	Tier
nötigte	nötigte
verbergt	verbergt
taufte	taufte
vertrage	vertrage
mögest	mögest
Gehilfen	Gehilfen
erfahrest	erfahrest
glaubest	glaubest
ungefälschter	ungefälschter
hingehst	hingehst
lauf	lauf
besorgte	besorgte
Schneiden	Schneiden
griffen	griffen
streiten	streiten
betrübet	betrübet
Buchen	Buchen
Gar	Gar
mehret	mehret
bekennst	bekennst
vergießt	vergießt
hörest	hörest
wegen	wegen
bewährt	bewährt
wiederkamen	wiederkamen
Bis	Bis
Skorpione	Skorpione
stellen	stellen
recke	recke
Abhängen	Abhängen
heiligten	heiligten
gehorchet	gehorchet
gebietet	gebietet
Tausenden	Tausenden
liebte	liebte
lernet	lernet
teil	teil
wurde	wurde
grünen	grünen
dienest	dienest
Gerichten	Gerichten
ungehorsame	ungehorsame
schießen	schießen
suchet	suchet
demütigte	demütigte
leiden	leiden
lebst	lebst
dürfest	dürfest
befragt	befragt
Als	Als
lache	lache
Gedanken	Gedanken
demütige	demütige
einer	einer
wundere	wundere
brennen	brennen
gebiete	gebiete
stirbst	stirbst
hüte	hüte
Wehr	Wehr
schenke	schenke
stürzt	stürzt
raubte	raubte
zerstreute	zerstreute
Blitzen	Blitzen
verschonet	verschonet
Füllet	Füllet
schenkest	schenkest
glauben	glauben
denkst	denkst
wallte	wallte
Ei	Ei
Fetten	Fetten
mahlen	mahlen
triebe	triebe
fehle	fehle
Gras	Gras
Reizen	Reizen
Felsen	Felsen
pflanzte	pflanzte
Deinem	Deinem
denn	denn
Plagen	Plagen
kennest	kennest
Sehnen	Sehnen
zuhörte	zuhörte
Bleibet	Bleibet
verdammte	verdammte
Türkise	Türkise
Rufet	Rufet
Monate	Monate
beugte	beugte
Trage	Trage
grüßte	grüßte
nötige	nötige
Lobet	Lobet
ausbreitete	ausbreitete
auflegst	auflegst
hörst	hörst
gewinnen	gewinnen
jeden	jeden
verwirft	verwirft
weisest	weisest
eng	eng
forschet	forschet
Anschläge	Anschläge
wehre	wehre
gibt	gibt
fressen	fressen
ungeistlich	ungeistlich
Schuhe	Schuhe
Machet	Machet
Sabbaten	Sabbaten
stürze	stürze
sprecht	sprecht
wohnest	wohnest
hausen	hausen
Gebärde	Gebärde
nimmt	nimmt
tobte	tobte
Predigten	Predigten
Schild	Schild
plagest	plagest
Boten	Boten
Heuschrecken	Heuschrecken
lehrest	lehrest
besäet	besäet
Biene	Biene
zeuget	zeuget
wolle	wolle
eurer	eurer
Weinberge	Weinberge
wälzt	wälzt
zählst	zählst
Elf	Elf
halbe	halbe
Lichte	Lichte
verstehest	verstehest
liebst	liebst
seufzt	seufzt
gute	gute
Schwänzen	Schwänzen
sollten	sollten
haderte	haderte
keine	keine
speist	speist
Pfeifen	Pfeifen
Fallet	Fallet
einführt	einführt
beider	beider
Hallen	Hallen
Ratsherr	Ratsherr
absagt	absagt
Grenze	Grenze
Rechten	Rechten
Quellen	Quellen
Erben	Erben
stillest	stillest
demütigst	demütigst
Altären	Altären
Deutung	Deutung
bekehrt	bekehrt
arm	arm
ausgereckten	ausgereckten
den	den
Woge	Woge
fluche	fluche
traut	traut
Unrechten	Unrechten
aufrichten	aufrichten
bauet	bauet
meinst	meinst
Stolze	Stolze
werft	werft
drängte	drängte
zerschlaget	zerschlaget
meinte	meinte
unseres	unseres
gebest	gebest
taufe	taufe
legest	legest
zanket	zanket
fremde	fremde
gelangte	gelangte
baust	baust
träumte	träumte
Unrecht	Unrecht
Sollten	Sollten
Schmieden	Schmieden
möchten	möchten
verdeckst	verdeckst
kommst	kommst
Kriege	Kriege
träge	träge
Speere	Speere
manche	manche
Rehen	Rehen
Reif	Reif
zerrütteten	zerrütteten
Ängsten	Ängsten
Werte	Werte
erfüllet	erfüllet
Gibst	Gibst
nehmet	nehmet
vergessest	vergessest
Skorpionen	Skorpionen
Lehnen	Lehnen
Früchte	Früchte
am	am
Zähne	Zähne
irren	irren
knüpfst	knüpfst
Lesen	Lesen
ratschlagen	ratschlagen
wärme	wärme
zuschließt	zuschließt
breche	breche
Geliebte	Geliebte
Dienet	Dienet
Seilen	Seilen
Laien	Laien
setzte	setzte
schlaget	schlaget
Narren	Narren
Anfechtungen	Anfechtungen
schreibst	schreibst
Fallen	Fallen
hebst	hebst
stahl	stahl
erhaltet	erhaltet
fallt	fallt
erzeigte	erzeigte
strafst	strafst
spiele	spiele
wehren	wehren
Nehmet	Nehmet
räumen	räumen
bessere	bessere
bewahret	bewahret
Schleifen	Schleifen
trinkst	trinkst
gründe	gründe
gesellt	gesellt
Träume	Träume
jammerte	jammerte
bracht	bracht
aufhörte	aufhörte
Laufet	Laufet
halten	halten
Gefangenen	Gefangenen
handhabt	handhabt
Teilen	Teilen
Beten	Beten
widerstand	widerstand
möchtet	möchtet
lebest	lebest
Glaubst	Glaubst
Jahren	Jahren
Lüsten	Lüsten
kriegte	kriegte
Würzen	Würzen
brauchst	brauchst
Hundert	Hundert
Seinen	Seinen
diesen	diesen
zieren	zieren
Wache	Wache
gewinne	gewinne
Unserer	Unserer
Eiche	Eiche
Beine	Beine
verzehrst	verzehrst
füllen	füllen
Fellen	Fellen
rechte	rechte
sprachen	sprachen
Grase	Grase
Leichen	Leichen
Rubinen	Rubinen
verkauft	verkauft
schließen	schließen
Geräte	Geräte
Leset	Leset
erfreuest	erfreuest
wart	wart
Werke	Werke
Geliebten	Geliebten
Herren	Herren
wache	wache
stehest	stehest
glaubte	glaubte
Rufe	Rufe
Fett	Fett
Kühe	Kühe
Spaltung	Spaltung
könne	könne
erwürgt	erwürgt
verstörten	verstörten
eine	eine
setzest	setzest
Abtrünnigen	Abtrünnigen
Unsere	Unsere
Reiche	Reiche
raubet	raubet
forschte	forschte
geboten	geboten
anrichtet	anrichtet
begehrt	begehrt
sonderte	sonderte
erkennst	erkennst
Dingen	Dingen
verbot	verbot
speise	speise
erschrickt	erschrickt
junge	junge
verkündigest	verkündigest
beides	beides
Erde	Erde
elften	elften
erbauet	erbauet
All	All
arbeit	arbeit
löst	löst
Grabe	Grabe
Regieren	Regieren
anbetet	anbetet
aßet	aßet
Zäumen	Zäumen
abtrünnigen	abtrünnigen
Sekten	Sekten
verdeckte	verdeckte
Amt	Amt
unterrichten	unterrichten
selbst	selbst
rotten	rotten
Fromme	Fromme
Eure	Eure
Alles	Alles
sagst	sagst
baue	baue
heftete	heftete
verzieht	verzieht
jungen	jungen
Freunden	Freunden
hurst	hurst
maßen	maßen
forschen	forschen
Zeugnisse	Zeugnisse
mußten	mußten
schau	schau
esse	esse
warnte	warnte
Graben	Graben
meinen	meinen
freute	freute
mangelte	mangelte
Werkzeugen	Werkzeugen
rächest	rächest
Hunderten	Hunderten
heiligem	heiligem
hinaufgehst	hinaufgehst
Weinet	Weinet
Gebirgen	Gebirgen
fasset	fasset
enge	enge
eure	eure
werde	werde
hilfst	hilfst
pflüget	pflüget
offenbar	offenbar
kühle	kühle
leite	leite
hure	hure
Flamme	Flamme
Eingeweiden	Eingeweiden
koche	koche
Urteile	Urteile
verwirrt	verwirrt
gießt	gießt
Pferden	Pferden
niemanden	niemanden
sondern	sondern
Euren	Euren
Pfeife	Pfeife
seinem	seinem
Fäuste	Fäuste
einsammelte	einsammelte
dürfte	dürfte
Sabbate	Sabbate
spanne	spanne
dingt	dingt
verfolgst	verfolgst
bereitet	bereitet
wirket	wirket
müsset	müsset
verlaß	verlaß
Bahnen	Bahnen
Märkten	Märkten
konnten	konnten
erzeigest	erzeigest
hebet	hebet
erhebst	erhebst
Köpfen	Köpfen
Letzten	Letzten
scheinen	scheinen
drängest	drängest
schauest	schauest
Fahrt	Fahrt
rufet	rufet
achte	achte
berufe	berufe
Gänge	Gänge
Tieren	Tieren
Narr	Narr
Eins	Eins
leihet	leihet
machet	machet
ausgereckte	ausgereckte
kämpfe	kämpfe
Schiffen	Schiffen
wachset	wachset
schlafet	schlafet
verbannet	verbannet
glühende	glühende
heiß	heiß
suchst	suchst
Söhnen	Söhnen
fließt	fließt
Stärket	Stärket
Glaubet	Glaubet
zierte	zierte
Töpfen	Töpfen
deckte	deckte
Taten	Taten
euren	euren
kurze	kurze
durchläuterte	durchläuterte
merken	merken
liebest	liebest
Suche	Suche
kennet	kennet
solches	solches
Ring	Ring
Höhle	Höhle
fallest	fallest
Bette	Bette
heißest	heißest
fastete	fastete
schießt	schießt
fällte	fällte
verstanden	verstanden
rufen	rufen
Zeuge	Zeuge
predigst	predigst
gehest	gehest
versuchen	versuchen
stoßet	stoßet
laden	laden
Grüßet	Grüßet
Riesen	Riesen
Tragt	Tragt
Zeug	Zeug
Denen	Denen
Bitten	Bitten
laufet	laufet
erhöhest	erhöhest
Gebet	Gebet
gelobt	gelobt
begrabet	begrabet
müßt	müßt
machte	machte
bitte	bitte
gelobet	gelobet
möchte	möchte
gelobte	gelobte
Sorge	Sorge
Schuhen	Schuhen
ratet	ratet
herrschte	herrschte
schwellen	schwellen
Last	Last
krieget	krieget
versteckst	versteckst
bestimmte	bestimmte
Setzt	Setzt
wachte	wachte
hebräische	hebräische
Seil	Seil
Warte	Warte
Neumonde	Neumonde
spielen	spielen
Weiß	Weiß
Ärgernissen	Ärgernissen
rote	rote
täuschte	täuschte
Deine	Deine
Kräfte	Kräfte
zerreißt	zerreißt
rauben	rauben
Einheimische	Einheimische
Dans	Dans
unehrt	unehrt
reife	reife
erniedrigst	erniedrigst
zuhört	zuhört
Laie	Laie
gebäre	gebäre
lösest	lösest
lehren	lehren
Wir	Wir
ruhest	ruhest
fliegen	fliegen
entsündigen	entsündigen
brichst	brichst
borgte	borgte
zweifelte	zweifelte
verklärt	verklärt
redetet	redetet
soll	soll
haltest	haltest
vergießest	vergießest
baute	baute
schaffest	schaffest
Wirte	Wirte
erhebet	erhebet
zeugest	zeugest
Suchet	Suchet
abziehen	abziehen
jaget	jaget
Ecken	Ecken
verkündigt	verkündigt
kostet	kostet
vielen	vielen
Glauben	Glauben
langte	langte
jedes	jedes
hebe	hebe
wilden	wilden
Auge	Auge
Armen	Armen
fromme	fromme
gießest	gießest
weinest	weinest
suchest	suchest
Raube	Raube
Weißt	Weißt
wogen	wogen
Schenke	Schenke
rührst	rührst
kranken	kranken
Händen	Händen
sitzet	sitzet
nächsten	nächsten
haben	haben
Meinen	Meinen
Testamenten	Testamenten
stoßest	stoßest
berühret	berühret
Haue	Haue
konnte	konnte
Ochs	Ochs
Reichen	Reichen
Steige	Steige
vertilgst	vertilgst
fließe	fließe
weinte	weinte
heben	heben
Bärte	Bärte
Licht	Licht
Knechten	Knechten
brach	brach
jagte	jagte
Elfen	Elfen
Maße	Maße
kehret	kehret
wirst	wirst
Schilde	Schilde
band	band
zerstückte	zerstückte
Paläste	Paläste
Buchstaben	Buchstaben
weich	weich
Jünglinge	Jünglinge
schonte	schonte
keines	keines
schläft	schläft
erzürnst	erzürnst
leid	leid
handhabest	handhabest
Weinstöcken	Weinstöcken
Zweige	Zweige
beiden	beiden
fülle	fülle
Gebeten	Gebeten
liebe	liebe
brecht	brecht
scheu	scheu
deine	deine
Ebenen	Ebenen
Eichen	Eichen
Teil	Teil
kochte	kochte
krähte	krähte
stehet	stehet
Obrigkeiten	Obrigkeiten
aufhoben	aufhoben
vertraget	vertraget
Maß	Maß
Entsetzet	Entsetzet
vertraut	vertraut
einnehmet	einnehmet
Aufsätzen	Aufsätzen
Waren	Waren
wisse	wisse
stellte	stellte
Sehne	Sehne
unterrichte	unterrichte
zerbrechest	zerbrechest
erfahret	erfahret
regierest	regierest
ziere	ziere
Grüße	Grüße
sehet	sehet
streite	streite
neigest	neigest
jagst	jagst
Leichnamen	Leichnamen
Werkzeuge	Werkzeuge
Wachet	Wachet
erforscht	erforscht
pflanzet	pflanzet
gelangt	gelangt
dürfe	dürfe
angehöret	angehöret
sollte	sollte
Meinst	Meinst
verlasset	verlasset
außen	außen
tretet	tretet
linke	linke
weist	weist
freuet	freuet
jemand	jemand
verzehre	verzehre
setzet	setzet
Reizt	Reizt
Gut	Gut
zerstückt	zerstückt
fresse	fresse
ringst	ringst
pflügte	pflügte
Herden	Herden
grabe	grabe
brechen	brechen
Seit	Seit
Hirte	Hirte
nützt	nützt
Stäben	Stäben
empfange	empfange
verbirgst	verbirgst
Schläge	Schläge
verlobte	verlobte
schreien	schreien
vermögen	vermögen
regiere	regiere
Jüngern	Jüngern
Ochsen	Ochsen
Geschäfte	Geschäfte
sündigten	sündigten
Tagen	Tagen
gehorcht	gehorcht
Krieg	Krieg
bange	bange
eures	eures
Warten	Warten
drängten	drängten
hängte	hängte
Weinstöcke	Weinstöcke
Flammen	Flammen
lange	lange
Prophet	Prophet
strafet	strafet
befestigt	befestigt
salzen	salzen
Werken	Werken
Spannt	Spannt
mangeln	mangeln
Weile	Weile
rauschen	rauschen
bestanden	bestanden
bekehrte	bekehrte
folget	folget
beweise	beweise
Heeren	Heeren
Kreisen	Kreisen
Gefangene	Gefangene
haust	haust
stahlen	stahlen
Geboten	Geboten
umkehret	umkehret
Pfunde	Pfunde
befehlen	befehlen
Geviert	Geviert
Hälse	Hälse
erkannte	erkannte
Führe	Führe
erschreckten	erschreckten
faul	faul
verwahret	verwahret
Weil	Weil
blende	blende
anbetest	anbetest
übrigbleibet	übrigbleibet
keinem	keinem
nachwandelt	nachwandelt
Streite	Streite
schöpfe	schöpfe
zerrüttet	zerrüttet
Fliege	Fliege
vergleiche	vergleiche
heulte	heulte
freiwillige	freiwillige
Gebote	Gebote
habet	habet
Höhlen	Höhlen
bestand	bestand
Wehre	Wehre
verliere	verliere
Vorstädte	Vorstädte
helfet	helfet
wollten	wollten
begrabt	begrabt
tretest	tretest
schlafest	schlafest
betrübst	betrübst
Lasten	Lasten
werte	werte
backen	backen
Kreuz	Kreuz
War	War
unsrer	unsrer
Schätze	Schätze
sagen	sagen
treibst	treibst
Sternen	Sternen
erwerbe	erwerbe
mein	mein
zeuge	zeuge
wachen	wachen
Teppiche	Teppiche
Wehe	Wehe
schaffet	schaffet
jauchzte	jauchzte
manchen	manchen
leuchten	leuchten
räumet	räumet
nächste	nächste
übest	übest
haltet	haltet
untertretet	untertretet
beschwerst	beschwerst
ansehet	ansehet
habe	habe
legte	legte
verboten	verboten
Jude	Jude
leset	leset
wachse	wachse
durfte	durfte
Maultiere	Maultiere
währte	währte
frevle	frevle
plagen	plagen
Pfeile	Pfeile
erschreckte	erschreckte
ausgereckt	ausgereckt
tobst	tobst
Schulden	Schulden
wurden	wurden
verkehrt	verkehrt
feiert	feiert
absagen	absagen
Fische	Fische
beben	beben
Toren	Toren
ihr	ihr
tuest	tuest
deinem	deinem
ausführen	ausführen
trägst	trägst
binde	binde
erweckst	erweckst
leide	leide
verstopften	verstopften
Meine	Meine
Binde	Binde
Leid	Leid
Kosten	Kosten
Predigt	Predigt
sorgte	sorgte
fünfte	fünfte
wenden	wenden
aufkommt	aufkommt
mehrte	mehrte
drücke	drücke
Ärgernisse	Ärgernisse
ander	ander
Taube	Taube
sich	sich
berührt	berührt
vertrauten	vertrauten
Staube	Staube
blitzen	blitzen
ansehen	ansehen
Held	Held
aufnahmt	aufnahmt
trieben	trieben
Wehklage	Wehklage
Wollt	Wollt
Hecke	Hecke
Rufen	Rufen
Bär	Bär
halben	halben
Dein	Dein
Vorhäuten	Vorhäuten
hänge	hänge
verwirren	verwirren
ausrufest	ausrufest
heil	heil
angehören	angehören
sitze	sitze
standet	standet
siehst	siehst
einsammelst	einsammelst
Heißt	Heißt
Samen	Samen
Ärzten	Ärzten
Ärzte	Ärzte
weichst	weichst
mal	mal
besitze	besitze
Gefäße	Gefäße
Fischen	Fischen
empörten	empörten
Säuen	Säuen
Habe	Habe
stand	stand
Sorget	Sorget
regiert	regiert
Pfunden	Pfunden
Gemeinde	Gemeinde
Riese	Riese
fluchte	fluchte
mehr	mehr
verlieren	verlieren
Werk	Werk
sterbet	sterbet
trefft	trefft
Schneide	Schneide
Schlange	Schlange
betrüge	betrüge
schicke	schicke
anfinge	anfinge
innere	innere
säume	säume
Gesell	Gesell
treibest	treibest
grüne	grüne
Den	Den
merket	merket
ausgerecktem	ausgerecktem
blenden	blenden
Tust	Tust
lehrte	lehrte
Ställen	Ställen
Reife	Reife
brause	brause
scheue	scheue
diente	diente
Fällen	Fällen
nehmest	nehmest
toten	toten
glaube	glaube
schenkst	schenkst
sitzest	sitzest
rächte	rächte
fallen	fallen
Arm	Arm
entsündigten	entsündigten
Tyrannen	Tyrannen
Helmen	Helmen
Wären	Wären
Löwe	Löwe
Plage	Plage
Wert	Wert
taten	taten
nachwandeln	nachwandeln
folgte	folgte
brachen	brachen
Wehklagen	Wehklagen
tief	tief
steinigte	steinigte
bete	bete
ziehst	ziehst
nahe	nahe
Funken	Funken
lernte	lernte
verdammt	verdammt
krank	krank
einst	einst
bringet	bringet
leider	leider
Ränken	Ränken
Blechen	Blechen
werten	werten
Gefilden	Gefilden
helle	helle
Wegen	Wegen
Frage	Frage
müßte	müßte
kurz	kurz
einerntest	einerntest
Lüste	Lüste
hieltet	hieltet
Broten	Broten
scheinet	scheinet
Tiefen	Tiefen
stoßt	stoßt
weinet	weinet
Raten	Raten
führen	führen
blaset	blaset
glaubst	glaubst
auflegt	auflegt
irre	irre
wirft	wirft
unsere	unsere
strafte	strafte
hieben	hieben
Schaden	Schaden
entsetzten	entsetzten
Erste	Erste
blasen	blasen
Ihre	Ihre
batet	batet
Fliegen	Fliegen
stolze	stolze
Loben	Loben
Schuld	Schuld
blast	blast
fallet	fallet
einnehmest	einnehmest
Spanne	Spanne
erbest	erbest
Dichten	Dichten
rate	rate
erwerben	erwerben
Saget	Saget
empört	empört
heiligest	heiligest
bezahlt	bezahlt
Sehet	Sehet
Gewürze	Gewürze
Leichname	Leichname
Obrigkeit	Obrigkeit
Heiße	Heiße
brauchte	brauchte
Jochen	Jochen
auszieht	auszieht
Betten	Betten
streckte	streckte
begehrten	begehrten
erhöhet	erhöhet
demütiget	demütiget
erzürnet	erzürnet
Ellen	Ellen
schrecke	schrecke
fetten	fetten
ruhte	ruhte
besehet	besehet
Ochse	Ochse
Füchsen	Füchsen
nachwandelte	nachwandelte
lade	lade
Schalen	Schalen
Kost	Kost
holet	holet
besuche	besuche
Stimmen	Stimmen
spricht	spricht
gebieten	gebieten
ihre	ihre
freiwilligen	freiwilligen
sterbest	sterbest
machest	machest
Kaufleuten	Kaufleuten
unsres	unsres
ratschlagte	ratschlagte
essen	essen
Laufen	Laufen
Binden	Binden
Gehörst	Gehörst
erlösen	erlösen
Wille	Wille
wende	wende
Reihe	Reihe
stolz	stolz
wiederkommt	wiederkommt
schlagt	schlagt
beseht	beseht
bauest	bauest
Stämmen	Stämmen
rauschte	rauschte
Gefilde	Gefilde
suchten	suchten
vermag	vermag
stillte	stillte
Solche	Solche
Kehre	Kehre
Tische	Tische
ungehorsam	ungehorsam
grüßt	grüßt
Anfechtung	Anfechtung
drückte	drückte
Spaltungen	Spaltungen
Reihen	Reihen
trägt	trägt
schlafe	schlafe
schmelzen	schmelzen
gehorchst	gehorchst
erlöse	erlöse
übrigbleiben	übrigbleiben
Klaue	Klaue
frische	frische
Mache	Mache
Esset	Esset
eher	eher
Ende	Ende
Sägen	Sägen
zeugte	zeugte
Haut	Haut
abtrünnige	abtrünnige
Setzet	Setzet
glühenden	glühenden
lobet	lobet
Ding	Ding
steiget	steiget
wohnte	wohnte
zürnet	zürnet
essest	essest
raubest	raubest
befestigte	befestigte
fastetet	fastetet
viele	viele
erhebest	erhebest
zerstört	zerstört
Sieben	Sieben
lasset	lasset
versagt	versagt
wehklagen	wehklagen
zürnst	zürnst
trotzt	trotzt
zuschließet	zuschließet
Huren	Huren
vertrieb	vertrieb
Wissen	Wissen
ehrest	ehrest
hebräisch	hebräisch
zerbrichst	zerbrichst
Name	Name
umbrächte	umbrächte
loben	loben
aufkämen	aufkämen
ausrufen	ausrufen
aufstand	aufstand
verstört	verstört
schmückst	schmückst
hängen	hängen
laben	laben
labe	labe
regen	regen
lehnen	lehnen
tiefe	tiefe
suchen	suchen
haut	haut
würdet	würdet
verkaufe	verkaufe
predigt	predigt
Rubine	Rubine
lachte	lachte
hörte	hörte
Älteste	Älteste
gehst	gehst
lernst	lernst
verderbet	verderbet
bereite	bereite
sahet	sahet
erweckest	erweckest
brausen	brausen
Strafen	Strafen
bedeckest	bedeckest
Kräften	Kräften
batest	batest
Verwundeten	Verwundeten
scheute	scheute
kehre	kehre
gelobten	gelobten
austilge	austilge
seht	seht
reizet	reizet
tut	tut
sollst	sollst
Helme	Helme
kommest	kommest
teilet	teilet
eigene	eigene
Grieche	Grieche
Könige	Könige
durchbohrt	durchbohrt
Zöpfe	Zöpfe
fragest	fragest
ziehest	ziehest
Gehör	Gehör
berufen	berufen
beschwören	beschwören
küssen	küssen
Unglaube	Unglaube
Eines	Eines
teilte	teilte
klage	klage
mühte	mühte
anruft	anruft
Für	Für
ferne	ferne
Schlägen	Schlägen
Jahr	Jahr
erlösest	erlösest
fasse	fasse
verunreinigst	verunreinigst
Klauen	Klauen
Morde	Morde
hingeht	hingeht
Feinden	Feinden
Abtrünnige	Abtrünnige
lauft	lauft
blase	blase
Gefäßen	Gefäßen
Testamente	Testamente
zerstreuest	zerstreuest
Willen	Willen
frevler	frevler
wirkte	wirkte
ausbreitet	ausbreitet
Leuchte	Leuchte
strecke	strecke
Einen	Einen
erschreckt	erschreckt
beschuldiget	beschuldiget
entsündigte	entsündigte
Aufsätze	Aufsätze
erkannten	erkannten
griffe	griffe
teile	teile
werfet	werfet
wirkst	wirkst
erzürnt	erzürnt
Kreuze	Kreuze
gehorchten	gehorchten
Hebet	Hebet
Schafen	Schafen
Sabbatjahre	Sabbatjahre
füllte	füllte
hinausgehst	hinausgehst
grün	grün
hause	hause
naht	naht
Trübsalen	Trübsalen
reckte	reckte
fertige	fertige
Spitze	Spitze
Söhne	Söhne
meinet	meinet
könnest	könnest
erfüllst	erfüllst
stäupt	stäupt
Gebeine	Gebeine
Propheten	Propheten
wir	wir
erniedrigt	erniedrigt
säst	säst
Edelsteine	Edelsteine
bestimmten	bestimmten
herrschest	herrschest
weine	weine
Königen	Königen
sucht	sucht
unserer	unserer
mache	mache
stäupte	stäupte
entsetzt	entsetzt
empfanget	empfanget
vereinigt	vereinigt
fresset	fresset
schenkte	schenkte
solcher	solcher
eingeht	eingeht
höhnest	höhnest
verdeckt	verdeckt
nähre	nähre
Arme	Arme
glänzte	glänzte
Unglauben	Unglauben
durften	durften
erzeigt	erzeigt
Bund	Bund
Mäuse	Mäuse
vier	vier
beharret	beharret
brauste	brauste
ziehet	ziehet
verkaufst	verkaufst
außer	außer
Merket	Merket
bemühst	bemühst
zweite	zweite
beweiset	beweiset
traget	traget
Verheißungen	Verheißungen
Hirsche	Hirsche
auszogst	auszogst
bitten	bitten
Kaufleute	Kaufleute
hasse	hasse
zeiget	zeiget
bekennet	bekennet
schweigst	schweigst
Röhren	Röhren
rede	rede
leben	leben
wollest	wollest
wäre	wäre
untergehst	untergehst
armen	armen
Herrn	Herrn
danke	danke
selber	selber
Herzen	Herzen
hingehet	hingehet
Streiten	Streiten
Bote	Bote
führet	führet
Lehren	Lehren
flehst	flehst
gehet	gehet
gedacht	gedacht
nötig	nötig
Winde	Winde
Strafe	Strafe
fahret	fahret
bedenket	bedenket
Neumonden	Neumonden
Trinkgefäßen	Trinkgefäßen
Zehen	Zehen
Decket	Decket
Bube	Bube
beschädigten	beschädigten
Hat	Hat
Seines	Seines
fertigte	fertigte
Rauben	Rauben
fällst	fällst
Male	Male
hieltest	hieltest
alles	alles
auszogen	auszogen
anrichte	anrichte
Tritt	Tritt
Ordnung	Ordnung
gehörst	gehörst
Tage	Tage
wünschte	wünschte
speiet	speiet
währet	währet
fällen	fällen
nährte	nährte
Fremden	Fremden
trotzet	trotzet
legst	legst
beugst	beugst
Wände	Wände
Führet	Führet
Soll	Soll
sage	sage
huren	huren
hätten	hätten
zerbrecht	zerbrecht
Wehen	Wehen
bewahrt	bewahrt
Wüste	Wüste
müsse	müsse
Keile	Keile
schätzt	schätzt
verhalte	verhalte
suchte	suchte
bestellte	bestellte
spannt	spannt
Spieße	Spieße
Rechte	Rechte
betrübte	betrübte
fange	fange
besorgt	besorgt
verhalten	verhalten
behaltet	behaltet
dankte	dankte
Klage	Klage
scheiden	scheiden
erntete	erntete
anfingst	anfingst
opferte	opferte
Fürst	Fürst
Deinen	Deinen
ungeistlichen	ungeistlichen
steig	steig
regieret	regieret
allem	allem
eines	eines
hatte	hatte
schaffst	schaffst
Aussätzige	Aussätzige
reichte	reichte
grünte	grünte
preiset	preiset
Letzte	Letzte
glaubet	glaubet
Welche	Welche
verdeckten	verdeckten
Ställe	Ställe
ringen	ringen
aufmacht	aufmacht
predigte	predigte
vorn	vorn
schnitten	schnitten
vertrieben	vertrieben
seit	seit
Ihr	Ihr
weg	weg
fangt	fangt
Majestät	Majestät
feiern	feiern
verderben	verderben
vermöget	vermöget
säumen	säumen
vergibst	vergibst
bereits	bereits
Festen	Festen
besäest	besäest
stiften	stiften
stelle	stelle
Pflanzung	Pflanzung
suche	suche
Kleinoden	Kleinoden
speiest	speiest
begehret	begehret
kehren	kehren
Gehorchet	Gehorchet
befehle	befehle
Gebot	Gebot
bringst	bringst
unschuldige	unschuldige
Wunde	Wunde
beten	beten
anrührt	anrührt
Zehe	Zehe
Dienst	Dienst
pflanze	pflanze
wehte	wehte
heilige	heilige
tust	tust
Tauben	Tauben
Bande	Bande
verkürzest	verkürzest
hänget	hänget
heulet	heulet
Mal	Mal
Fragen	Fragen
raten	raten
zürnte	zürnte
wünschet	wünschet
lang	lang
sorget	sorget
Klüften	Klüften
verstörte	verstörte
lieb	lieb
regieren	regieren
Blitze	Blitze
Einem	Einem
verkehrte	verkehrte
Feiertage	Feiertage
schlage	schlage
Höfe	Höfe
Forschet	Forschet
Trinket	Trinket
streute	streute
Bäumen	Bäumen
amen	amen
sorge	sorge
empörte	empörte
Knabe	Knabe
kühlen	kühlen
Gebirge	Gebirge
verkehre	verkehre
lieben	lieben
taufst	taufst
Taufe	Taufe
Schafe	Schafe
wären	wären
Hälsen	Hälsen
schätze	schätze
koste	koste
stimmen	stimmen
ihren	ihren
erlaubte	erlaubte
wiederkommst	wiederkommst
schlagest	schlagest
Trinkgefäße	Trinkgefäße
merke	merke
Wänden	Wänden
sollt	sollt
Satzung	Satzung
klaget	klaget
Gelobt	Gelobt
trinkest	trinkest
nähret	nähret
pflügen	pflügen
zudeckte	zudeckte
eigenen	eigenen
holte	holte
kein	kein
Schreiet	Schreiet
Ästen	Ästen
aufwachst	aufwachst
unehret	unehret
Urteil	Urteil
aller	aller
beharrt	beharrt
wunderte	wunderte
Räten	Räten
Kohle	Kohle
rufe	rufe
log	log
trinket	trinket
bekehrst	bekehrst
Bunde	Bunde
eingehest	eingehest
prüfst	prüfst
Ha	Ha
erlöset	erlöset
erhört	erhört
Vorstädten	Vorstädten
anzeige	anzeige
gründen	gründen
ritten	ritten
Einheimischen	Einheimischen
stehst	stehst
zeigst	zeigst
Gerichte	Gerichte
Ersten	Ersten
erkennest	erkennest
Ehre	Ehre
schneide	schneide
Füchse	Füchse
predigten	predigten
lügen	lügen
los	los
verführen	verführen
schließt	schließt
Kleinod	Kleinod
angehört	angehört
führst	führst
stürzen	stürzen
zudeckt	zudeckt
Amen	Amen
kühl	kühl
fluchet	fluchet
wegführen	wegführen
siegen	siegen
Lobgesänge	Lobgesänge
zählet	zählet
kosten	kosten
könnte	könnte
bewähret	bewähret
entsetzen	entsetzen
Bergen	Bergen
ausziehst	ausziehst
kaufst	kaufst
lauten	lauten
rührte	rührte
heiligte	heiligte
leiten	leiten
fälle	fälle
gut	gut
Weihe	Weihe
harret	harret
verstecken	verstecken
Junge	Junge
Hände	Hände
zerrüttete	zerrüttete
hilft	hilft
jede	jede
erste	erste
Abhänge	Abhänge
aufsteht	aufsteht
irgendeine	irgendeine
solchen	solchen
Drachen	Drachen
Befehlen	Befehlen
scheinest	scheinest
Dieben	Dieben
schauet	schauet
stiegen	stiegen
Meines	Meines
preise	preise
führest	führest
betrübten	betrübten
offenbare	offenbare
Keilen	Keilen
Speise	Speise
fern	fern
beide	beide
vergibt	vergibt
verwirfst	verwirfst
Taufen	Taufen
preisen	preisen
Garten	Garten
lose	lose
zuteil	zuteil
zerstreuten	zerstreuten
vergebt	vergebt
waren	waren
esset	esset
hatten	hatten
aufnahmen	aufnahmen
links	links
trüge	trüge
einem	einem
meinem	meinem
deckst	deckst
verstand	verstand
verkündiget	verkündiget
heftetest	heftetest
schmückte	schmückte
aufhebt	aufhebt
Gute	Gute
urteilen	urteilen
aufhobt	aufhobt
anhangt	anhangt
Malen	Malen
Könnet	Könnet
brechet	brechet
bleibe	bleibe
Säcken	Säcken
Klüfte	Klüfte
Aller	Aller
bleibst	bleibst
austilgest	austilgest
wünschen	wünschen
treffen	treffen
denen	denen
möge	möge
gehöre	gehöre
Altäre	Altäre
Wer	Wer
umbrächten	umbrächten
gelangen	gelangen
fragen	fragen
entgegenkamst	entgegenkamst
Sterne	Sterne
Diese	Diese
Am	Am
Brüste	Brüste
auflöst	auflöst
entsetzte	entsetzte
greife	greife
erhörest	erhörest
salz	salz
seine	seine
verstopft	verstopft
lehnte	lehnte
wog	wog
ungefälschtem	ungefälschtem
gewöhnt	gewöhnt
mußt	mußt
zankte	zankte
Röcken	Röcken
Seine	Seine
Füße	Füße
versuchet	versuchet
brauche	brauche
trauten	trauten
nütze	nütze
Hure	Hure
Rabe	Rabe
aufkäme	aufkäme
Tanne	Tanne
schaffen	schaffen
jammern	jammern
Buche	Buche
Dinge	Dinge
Märkte	Märkte
Erbe	Erbe
rühmest	rühmest
wirfst	wirfst
neigte	neigte
abzieht	abzieht
zerreißest	zerreißest
Bienen	Bienen
unschuldigen	unschuldigen
Namen	Namen
seufzest	seufzest
stürzte	stürzte
verkriechet	verkriechet
Wunden	Wunden
stiege	stiege
verfolgt	verfolgt
möchtest	möchtest
füllst	füllst
bis	bis
wohnet	wohnet
morde	morde
trieb	trieb
Buch	Buch
bekannt	bekannt
anzeigte	anzeigte
wohnst	wohnst
Teile	Teile
vermahnen	vermahnen
sterbt	sterbt
Grenzen	Grenzen
Leiste	Leiste
krähen	krähen
reizest	reizest
erfreut	erfreut
solch	solch
anders	anders
fahrt	fahrt
ehre	ehre
Säge	Säge
rüstete	rüstete
blitzt	blitzt
Weg	Weg
bestimmst	bestimmst
Früchten	Früchten
Fremde	Fremde
zweifel	zweifel
befragten	befragten
Steigen	Steigen
Gebete	Gebete
reden	reden
aufrichtet	aufrichtet
verdammst	verdammst
verzehrt	verzehrt
bedeckt	bedeckt
spielet	spielet
zerschlagt	zerschlagt
leuchtete	leuchtete
still	still
lehrst	lehrst
baten	baten
Verwundete	Verwundete
Ein	Ein
schweiget	schweiget
schmelzt	schmelzt
entsetzet	entsetzet
aufmachte	aufmachte
sorgen	sorgen
dich	dich
ringe	ringe
unserem	unserem
Ringen	Ringen
Jünger	Jünger
Folge	Folge
spannte	spannte
steckte	steckte
führe	führe
vermahnet	vermahnet
Zweigen	Zweigen
anrichten	anrichten
weide	weide
Heide	Heide
