gættu	gættu
leiðslu	leiðslu
skottulæknirinn	skottulæknirinn
værum	værum
eigin	eigin
pennavinurinn	pennavinurinn
borðaðir	borðaðir
gæra	gæra
snúið	snúið
fimbulvetur	fimbulvetur
byggða	byggða
undir	undir
hvæstu	hvæstu
labba	labba
þrengingu	þrengingu
annan	annan
vonin	vonin
bliku	bliku
hagann	hagann
heyrðum	heyrðum
drepa	drepa
hlátrinum	hlátrinum
kjörfurstar	kjörfurstar
óhamingju	óhamingju
ali	ali
höndlað	höndlað
blikum	blikum
byggði	byggði
hóll	hóll
tunglsjúkur	tunglsjúkur
legkaka	legkaka
æfingu	æfingu
skinum	skinum
spila	spila
raulaði	raulaði
rusls	rusls
minnst	minnst
aukafalla	aukafalla
sýndu	sýndu
leiðir	leiðir
Send	Send
plasta	plasta
félagum	félagum
jörðina	jörðina
arga	arga
metast	metast
óskuðu	óskuðu
flokkarnir	flokkarnir
fjóra	fjóra
ást	ást
skjótt	skjótt
herpti	herpti
kalksteinn	kalksteinn
keypti	keypti
kysstuð	kysstuð
Skyldum	Skyldum
greinisins	greinisins
settur	settur
glatt	glatt
byggjum	byggjum
brúðkaupsgestir	brúðkaupsgestir
nafla	nafla
treysta	treysta
rymdi	rymdi
sjálfsmorðs	sjálfsmorðs
kommúnistinn	kommúnistinn
æðstu	æðstu
gætt	gætt
gjörði	gjörði
hötuðum	hötuðum
brekkusnigla	brekkusnigla
vitrunum	vitrunum
stundum	stundum
hvíl	hvíl
teiknaðir	teiknaðir
fram	fram
næsta	næsta
rósemi	rósemi
umkringdum	umkringdum
varna	varna
spikum	spikum
ríktu	ríktu
handrit	handrit
siðaði	siðaði
velji	velji
skýr	skýr
kalkspats	kalkspats
leiðin	leiðin
æðardúni	æðardúni
iðnina	iðnina
öxin	öxin
oft	oft
kameljóns	kameljóns
stunda	stunda
bólstraskýjum	bólstraskýjum
heddunum	heddunum
útlista	útlista
sakargiftir	sakargiftir
þvo	þvo
fluttur	fluttur
hyllið	hyllið
rakaði	rakaði
skildum	skildum
hitt	hitt
læsir	læsir
rigningarnar	rigningarnar
vörum	vörum
pennavinunum	pennavinunum
fundin	fundin
heiman	heiman
máluðu	máluðu
klæddu	klæddu
mella	mella
mörkunum	mörkunum
viki	viki
gengið	gengið
mengaði	mengaði
hjartar	hjartar
perlanna	perlanna
hylja	hylja
saumi	saumi
minningin	minningin
hitamælunum	hitamælunum
skrifi	skrifi
loft	loft
hjakkið	hjakkið
metin	metin
afgreiddi	afgreiddi
útlisti	útlisti
húsbóndi	húsbóndi
dúkur	dúkur
geimar	geimar
felldur	felldur
afritunum	afritunum
hneykið	hneykið
missis	missis
möluðuð	möluðuð
reiðir	reiðir
tilreiknar	tilreiknar
betrir	betrir
færðir	færðir
notað	notað
flokkar	flokkar
dansa	dansa
leyfis	leyfis
leysa	leysa
belgir	belgir
lofa	lofa
líkaminn	líkaminn
skerma	skerma
svengdin	svengdin
klappandi	klappandi
fisksins	fisksins
boðum	boðum
labbið	labbið
véið	véið
Skyldu	Skyldu
skyttur	skyttur
skjóla	skjóla
missi	missi
birtur	birtur
göfgar	göfgar
símaskrána	símaskrána
miðgilda	miðgilda
núna	núna
mætti	mætti
anda	anda
akur	akur
sín	sín
vífa	vífa
neitaði	neitaði
opna	opna
græddi	græddi
alur	alur
endar	endar
dreif	dreif
Munum	Munum
raustar	raustar
sellerí	sellerí
sést	sést
úkraínsku	úkraínsku
karsinn	karsinn
skottulækni	skottulækni
berð	berð
meta	meta
eðju	eðju
málaðir	málaðir
eruð	eruð
meðulunum	meðulunum
hnéskel	hnéskel
hrek	hrek
notum	notum
ákærðu	ákærðu
fljótt	fljótt
lungnaberkla	lungnaberkla
jöfnuninni	jöfnuninni
skírlífar	skírlífar
fæddir	fæddir
dauði	dauði
kvikmyndin	kvikmyndin
hraða	hraða
tíin	tíin
hýstuð	hýstuð
sérhverja	sérhverja
sætti	sætti
iðnanna	iðnanna
beltum	beltum
glerhafið	glerhafið
hliðum	hliðum
rithöfundurinn	rithöfundurinn
kostuðu	kostuðu
syndgað	syndgað
sjúkdómur	sjúkdómur
mærin	mærin
æðarkóngarnir	æðarkóngarnir
portum	portum
drýgði	drýgði
fjarlægð	fjarlægð
geymdi	geymdi
bumbubúa	bumbubúa
glásirnar	glásirnar
lakkað	lakkað
trúðu	trúðu
staðinn	staðinn
lífstykkið	lífstykkið
þjónustu	þjónustu
uppfært	uppfært
flokkunum	flokkunum
kallir	kallir
meiðslunum	meiðslunum
gefið	gefið
notar	notar
treysti	treysti
blikunum	blikunum
segðu	segðu
máluðuð	máluðuð
nei	nei
setta	setta
horft	horft
spillti	spillti
markið	markið
hersveitirnar	hersveitirnar
dráps	dráps
dæma	dæma
granatepli	granatepli
órétt	órétt
sendandi	sendandi
æðikolls	æðikolls
íveru	íveru
hljóðfæri	hljóðfæri
verðs	verðs
var	var
búna	búna
uggum	uggum
drekk	drekk
nefnast	nefnast
vettling	vettling
gyldir	gyldir
umskorna	umskorna
ættfeðurnir	ættfeðurnir
hafs	hafs
gerði	gerði
engjanna	engjanna
þekktu	þekktu
minnir	minnir
Dauði	Dauði
stærum	stærum
flotaforingja	flotaforingja
teiknið	teiknið
skækjum	skækjum
tálvonin	tálvonin
gjörist	gjörist
sálmur	sálmur
vök	vök
okkarínu	okkarínu
þrýstu	þrýstu
skýrandi	skýrandi
kryfði	kryfði
prúttar	prúttar
sjúgi	sjúgi
heyrðu	heyrðu
reyndu	reyndu
minni	minni
berklanna	berklanna
kynkvísla	kynkvísla
heitt	heitt
nýtir	nýtir
minnsta	minnsta
spáði	spáði
korpönd	korpönd
leyfi	leyfi
kjörfurstann	kjörfurstann
leynið	leynið
útlistum	útlistum
umfjöllunin	umfjöllunin
gaggaði	gaggaði
endurnýjum	endurnýjum
ráðsins	ráðsins
fjórir	fjórir
gull	gull
drekki	drekki
strandlengjum	strandlengjum
liðinn	liðinn
klæðin	klæðin
leiðsla	leiðsla
þekkist	þekkist
sídd	sídd
einstaklinginn	einstaklinginn
skafls	skafls
vænt	vænt
geisladiskurinn	geisladiskurinn
úthlutaði	úthlutaði
frumbyggja	frumbyggja
freista	freista
leyfum	leyfum
hefli	hefli
makar	makar
sælunum	sælunum
loga	loga
rétt	rétt
hópinn	hópinn
vanda	vanda
hefðuð	hefðuð
minntir	minntir
trompið	trompið
hvar	hvar
kvelds	kvelds
drepum	drepum
öskra	öskra
handbolta	handbolta
svengd	svengd
boði	boði
hljóma	hljóma
tind	tind
vestrinn	vestrinn
gafflana	gafflana
Eruð	Eruð
sögn	sögn
tíð	tíð
lykkjuna	lykkjuna
blessi	blessi
stigbreytingu	stigbreytingu
kúturinn	kúturinn
brekkusnigli	brekkusnigli
róðra	róðra
freigátunnar	freigátunnar
samboðinn	samboðinn
hef	hef
dauðadómar	dauðadómar
kærðu	kærðu
fiska	fiska
sóunin	sóunin
klæða	klæða
tjöldunum	tjöldunum
eigið	eigið
kviðunum	kviðunum
höf	höf
valmyndarinnar	valmyndarinnar
missti	missti
sess	sess
misstir	misstir
átu	átu
heddinu	heddinu
lifði	lifði
smjatti	smjatti
dygðina	dygðina
hálfleikurinn	hálfleikurinn
lénið	lénið
sleppir	sleppir
borðaði	borðaði
kyssi	kyssi
mær	mær
sygjum	sygjum
vakirnar	vakirnar
víst	víst
annað	annað
spilltum	spilltum
minnisspilið	minnisspilið
undu	undu
stært	stært
geirfuglsins	geirfuglsins
ráði	ráði
öfunduðuð	öfunduðuð
lofgjörðin	lofgjörðin
grísku	grísku
maur	maur
kennir	kennir
efli	efli
gagntakið	gagntakið
höfði	höfði
þótt	þótt
lærir	lærir
nefndir	nefndir
vekti	vekti
kýklópa	kýklópa
ættkvíslum	ættkvíslum
læst	læst
Mun	Mun
ríbónúkleösunum	ríbónúkleösunum
leyfði	leyfði
kerti	kerti
peningi	peningi
borða	borða
etýðu	etýðu
grasafræði	grasafræði
svíki	svíki
smalahundana	smalahundana
lesanda	lesanda
gærum	gærum
pokir	pokir
aðgreindu	aðgreindu
drekkja	drekkja
líkunum	líkunum
böðla	böðla
misskilnings	misskilnings
velþóknanlegur	velþóknanlegur
einum	einum
mála	mála
haginn	haginn
hlýddu	hlýddu
þvargaði	þvargaði
vind	vind
krikkets	krikkets
bullið	bullið
kunni	kunni
veikir	veikir
hefðum	hefðum
fyll	fyll
glásum	glásum
kvíði	kvíði
hýdrötunum	hýdrötunum
Leita	Leita
verslið	verslið
hluta	hluta
boða	boða
sköpum	sköpum
skjalla	skjalla
skipa	skipa
gjaldi	gjaldi
drýgðu	drýgðu
plokkaði	plokkaði
færðu	færðu
mynstrum	mynstrum
smaragð	smaragð
þarfir	þarfir
þögguðu	þögguðu
belgi	belgi
pókers	pókers
krossfesti	krossfesti
hengið	hengið
múgæsingu	múgæsingu
fundum	fundum
leitum	leitum
smaragður	smaragður
dáð	dáð
gróðavegur	gróðavegur
viðbjóðs	viðbjóðs
fórnfæra	fórnfæra
klæddi	klæddi
rannana	rannana
líkum	líkum
met	met
sjöundi	sjöundi
fé	fé
skalt	skalt
skjóta	skjóta
hvílíkur	hvílíkur
eru	eru
sokk	sokk
neyðir	neyðir
minnanna	minnanna
synið	synið
óréttinn	óréttinn
fórintu	fórintu
lofaði	lofaði
leysti	leysti
rekur	rekur
efldir	efldir
vés	vés
yfirheitin	yfirheitin
rifi	rifi
kalkúnana	kalkúnana
yrðuð	yrðuð
knýir	knýir
símaskrá	símaskrá
hænsnunum	hænsnunum
fundunum	fundunum
hreyfingum	hreyfingum
líka	líka
vanræk	vanræk
þekktuð	þekktuð
skírt	skírt
hórkarla	hórkarla
sendum	sendum
búið	búið
belti	belti
þönkum	þönkum
ljúkast	ljúkast
skán	skán
afklæddir	afklæddir
hvílíkt	hvílíkt
Rétt	Rétt
svæfði	svæfði
þrælkaði	þrælkaði
unglingur	unglingur
mengar	mengar
porti	porti
fæddi	fæddi
færanna	færanna
morgnanna	morgnanna
færði	færði
hégómamáls	hégómamáls
skaut	skaut
ungmenni	ungmenni
feðgin	feðgin
djúpt	djúpt
skyldum	skyldum
bolir	bolir
gagntaka	gagntaka
bundið	bundið
jafnt	jafnt
notuðuð	notuðuð
reyni	reyni
zetu	zetu
liðum	liðum
klæð	klæð
kæru	kæru
spítalinn	spítalinn
tali	tali
lítið	lítið
þjáist	þjáist
töntu	töntu
fældir	fældir
víka	víka
fældu	fældu
æðikollsins	æðikollsins
gjammar	gjammar
settu	settu
ræddu	ræddu
lofið	lofið
smíða	smíða
dæmdir	dæmdir
hersveitina	hersveitina
skreytti	skreytti
ýfðuð	ýfðuð
síðastur	síðastur
Sendu	Sendu
undantekið	undantekið
helt	helt
krossfesta	krossfesta
munir	munir
stóra	stóra
fyllir	fyllir
hvílíkan	hvílíkan
kúbeinunum	kúbeinunum
lík	lík
aborranna	aborranna
aldin	aldin
húsbóndanum	húsbóndanum
hnerri	hnerri
haltri	haltri
málar	málar
kúbein	kúbein
vátryggðum	vátryggðum
hjúkruðum	hjúkruðum
styrki	styrki
erfði	erfði
Getur	Getur
minnkaðir	minnkaðir
hæsi	hæsi
eiturlyfjanotendum	eiturlyfjanotendum
vonunum	vonunum
fimmta	fimmta
fisks	fisks
móðunum	móðunum
andast	andast
móðu	móðu
blóðboga	blóðboga
hliðin	hliðin
fryst	fryst
Belga	Belga
leynum	leynum
vísa	vísa
gylturnar	gylturnar
áfrýjuðu	áfrýjuðu
snæri	snæri
geisladiskur	geisladiskur
stigbreytinguna	stigbreytinguna
ríkið	ríkið
skýri	skýri
brytar	brytar
fjöldanum	fjöldanum
lifandann	lifandann
rakað	rakað
Fyrsti	Fyrsti
langi	langi
öðlast	öðlast
raustin	raustin
vambirnar	vambirnar
prómetínið	prómetínið
getur	getur
móður	móður
lagðir	lagðir
saurgi	saurgi
hálfendarnir	hálfendarnir
Belgann	Belgann
faldi	faldi
sífrar	sífrar
krossfestu	krossfestu
skapa	skapa
unglingsins	unglingsins
dæmanna	dæmanna
hross	hross
yfirheitið	yfirheitið
gaurs	gaurs
skjótum	skjótum
sneri	sneri
múkka	múkka
hringar	hringar
frökkum	frökkum
haltra	haltra
hugsun	hugsun
safnið	safnið
aborra	aborra
flettu	flettu
ris	ris
kalkúnum	kalkúnum
kílóin	kílóin
velþóknanlegar	velþóknanlegar
fagga	fagga
skrifa	skrifa
ærumeiðingum	ærumeiðingum
inn	inn
upplestra	upplestra
villimönnunum	villimönnunum
spils	spils
mynstur	mynstur
vekjum	vekjum
stjórnandi	stjórnandi
höttum	höttum
kasta	kasta
kristinna	kristinna
kapellunni	kapellunni
líkist	líkist
farsími	farsími
þrengingar	þrengingar
bóndi	bóndi
skyldufræði	skyldufræði
logni	logni
ein	ein
hengjum	hengjum
tálvon	tálvon
rífst	rífst
trúleysi	trúleysi
sparkar	sparkar
öxli	öxli
skerið	skerið
poka	poka
endi	endi
ræddi	ræddi
áhugi	áhugi
stýrðu	stýrðu
flettum	flettum
skipti	skipti
geimur	geimur
ugga	ugga
bæjasvölur	bæjasvölur
miðnætta	miðnætta
heyrast	heyrast
kross	kross
búningana	búningana
metinu	metinu
vissuð	vissuð
skýtur	skýtur
étum	étum
fenguð	fenguð
væri	væri
kantinn	kantinn
umkringdi	umkringdi
sakargift	sakargift
fjöldann	fjöldann
samfundi	samfundi
breiddu	breiddu
skírir	skírir
þjónustuna	þjónustuna
hvíldina	hvíldina
treystuð	treystuð
æðikollur	æðikollur
áttundi	áttundi
ákæru	ákæru
bændurnir	bændurnir
hálsum	hálsum
ax	ax
heyrðir	heyrðir
rifrildi	rifrildi
brennur	brennur
æðahnútarnir	æðahnútarnir
pókersins	pókersins
greinanna	greinanna
veikt	veikt
fósturs	fósturs
saurgað	saurgað
hýstum	hýstum
reynið	reynið
ónáðuðuð	ónáðuðuð
leikmannanna	leikmannanna
synjaði	synjaði
orðskviður	orðskviður
Hvaða	Hvaða
leyfunum	leyfunum
félaganum	félaganum
drift	drift
brekkusniglunum	brekkusniglunum
Ert	Ert
uppi	uppi
klæðið	klæðið
sinarnar	sinarnar
spurningarnar	spurningarnar
krossfestuð	krossfestuð
ala	ala
sjússa	sjússa
fjarlægt	fjarlægt
glansi	glansi
jötunuxann	jötunuxann
kostum	kostum
greinirinn	greinirinn
teflir	teflir
gallín	gallín
flokkurinn	flokkurinn
vanheilagur	vanheilagur
kunnir	kunnir
endarnir	endarnir
köngla	köngla
félögin	félögin
snæris	snæris
tárin	tárin
fullnuð	fullnuð
ökrunum	ökrunum
síddum	síddum
gramúlf	gramúlf
heilsu	heilsu
skipsins	skipsins
lifnaði	lifnaði
akurinn	akurinn
minnist	minnist
beila	beila
klædd	klædd
græddir	græddir
klippi	klippi
bílstjórar	bílstjórar
svertir	svertir
fjölgyðistrúarinnar	fjölgyðistrúarinnar
glönsum	glönsum
þéruðu	þéruðu
fjórum	fjórum
eina	eina
reyrinn	reyrinn
spurninga	spurninga
færir	færir
hræðið	hræðið
gróðaveg	gróðaveg
sekta	sekta
skilið	skilið
undantekningum	undantekningum
tómstundagamni	tómstundagamni
framlengdi	framlengdi
áttunda	áttunda
eldpipar	eldpipar
breyttu	breyttu
eyranu	eyranu
þvörguðuð	þvörguðuð
heyrðuð	heyrðuð
ríkdómi	ríkdómi
greini	greini
liði	liði
þreytast	þreytast
fórnuðu	fórnuðu
blessuðuð	blessuðuð
böðullinn	böðullinn
þægindi	þægindi
kveikina	kveikina
ofar	ofar
múgæsingum	múgæsingum
kapellu	kapellu
áfrýjunar	áfrýjunar
stökkið	stökkið
gerast	gerast
Æðst	Æðst
drottnaðir	drottnaðir
helvítið	helvítið
rifrildisins	rifrildisins
ilmjurtir	ilmjurtir
kyssið	kyssið
bifreið	bifreið
hænsna	hænsna
gættum	gættum
lífvörðurinn	lífvörðurinn
melting	melting
frystiskápar	frystiskápar
efa	efa
hryggðuð	hryggðuð
strikin	strikin
stoðunum	stoðunum
viskí	viskí
löstum	löstum
hryggið	hryggið
heilsa	heilsa
minnkaði	minnkaði
Fyrstur	Fyrstur
tappatogara	tappatogara
spjarir	spjarir
séu	séu
Hafði	Hafði
sóttu	sóttu
ungum	ungum
eðjan	eðjan
brekkusóley	brekkusóley
dansaði	dansaði
höfðu	höfðu
skörð	skörð
flassið	flassið
uppfærum	uppfærum
lýsir	lýsir
safnað	safnað
drottnið	drottnið
kyrkti	kyrkti
upp	upp
strákar	strákar
prúttandi	prúttandi
drukkna	drukkna
saltast	saltast
glatast	glatast
hefði	hefði
káetan	káetan
vendir	vendir
ríkdóms	ríkdóms
rótfestu	rótfestu
heilsaði	heilsaði
þekkt	þekkt
mesta	mesta
ráða	ráða
klæddum	klæddum
gjósta	gjósta
mistilteins	mistilteins
dána	dána
strika	strika
stýrið	stýrið
kaupi	kaupi
verðinu	verðinu
styrkjum	styrkjum
safna	safna
gleðst	gleðst
gegnum	gegnum
strætisvagna	strætisvagna
fremur	fremur
tónninn	tónninn
konuna	konuna
skytir	skytir
opinber	opinber
lagði	lagði
drambið	drambið
bygg	bygg
grískuna	grískuna
orðið	orðið
felldir	felldir
kæra	kæra
gengist	gengist
spektan	spektan
en	en
undirættbálkur	undirættbálkur
lýsingarorð	lýsingarorð
sé	sé
gorm	gorm
vinátta	vinátta
þótti	þótti
leiðast	leiðast
samkundustjórunum	samkundustjórunum
þakkaði	þakkaði
kosti	kosti
slangan	slangan
synda	synda
rekið	rekið
líkur	líkur
hörmum	hörmum
hýdratið	hýdratið
afætuna	afætuna
tindur	tindur
birtast	birtast
góm	góm
undan	undan
tígrisdýrið	tígrisdýrið
ofan	ofan
vináttuna	vináttuna
gjörir	gjörir
heiður	heiður
lið	lið
skýrðum	skýrðum
lokið	lokið
Munu	Munu
rigni	rigni
burst	burst
hitti	hitti
kefja	kefja
erfir	erfir
brekkusnigill	brekkusnigill
hugtaks	hugtaks
krossanna	krossanna
sendi	sendi
fyllum	fyllum
lastmæla	lastmæla
misgjörða	misgjörða
eðla	eðla
hulda	hulda
ryðönd	ryðönd
byggist	byggist
hugsunum	hugsunum
kastar	kastar
standa	standa
valdið	valdið
kinnaliturinn	kinnaliturinn
hæðir	hæðir
sett	sett
skíða	skíða
stoppanirnar	stoppanirnar
gjörður	gjörður
leiði	leiði
hryggi	hryggi
fundanna	fundanna
verðsins	verðsins
klekkti	klekkti
vændis	vændis
misstuð	misstuð
skýrt	skýrt
jötunuxi	jötunuxi
hengdu	hengdu
þekkingar	þekkingar
kosta	kosta
jöfnunin	jöfnunin
einhvern	einhvern
logann	logann
skepnan	skepnan
aðfaranæturnar	aðfaranæturnar
plastanna	plastanna
fáist	fáist
skír	skír
maura	maura
steikunum	steikunum
fjarveru	fjarveru
gátum	gátum
valinn	valinn
lærðuð	lærðuð
stórhertoginn	stórhertoginn
tottaði	tottaði
mættum	mættum
tengisagnirnar	tengisagnirnar
fundinn	fundinn
hætti	hætti
komist	komist
klæði	klæði
veldu	veldu
hátíðina	hátíðina
flokka	flokka
missið	missið
bifar	bifar
sona	sona
lofgjörð	lofgjörð
ritaði	ritaði
vola	vola
sæbjúgna	sæbjúgna
myndaði	myndaði
félagsins	félagsins
þrassins	þrassins
hornsins	hornsins
líksins	líksins
Skyldi	Skyldi
hópum	hópum
vegasalt	vegasalt
hátíða	hátíða
byggjandi	byggjandi
úkraínskan	úkraínskan
gjalda	gjalda
sífra	sífra
spaðarnir	spaðarnir
fyrstur	fyrstur
dygðarinnar	dygðarinnar
útisundlaug	útisundlaug
uxa	uxa
jafnað	jafnað
sendir	sendir
endaþarmsmökum	endaþarmsmökum
þrýstir	þrýstir
spörfuglar	spörfuglar
þoli	þoli
gjöra	gjöra
fylla	fylla
krossfestir	krossfestir
raðið	raðið
keyptu	keyptu
sátunni	sátunni
fremsta	fremsta
varalit	varalit
drekkir	drekkir
gyldi	gyldi
lúkks	lúkks
gólfið	gólfið
lastmælt	lastmælt
slúttir	slúttir
vestra	vestra
félagshyggju	félagshyggju
arfur	arfur
gervitungls	gervitungls
tala	tala
leiddi	leiddi
múslimarnir	múslimarnir
bættist	bættist
akademíu	akademíu
áhuga	áhuga
arfi	arfi
smalahundurinn	smalahundurinn
gátuð	gátuð
öslir	öslir
Hef	Hef
fórnfært	fórnfært
fræðimönnunum	fræðimönnunum
væskla	væskla
markspyrnum	markspyrnum
störf	störf
korkunum	korkunum
gormsins	gormsins
æðarblika	æðarblika
staðlana	staðlana
safnandi	safnandi
prentaði	prentaði
aftrið	aftrið
gómunum	gómunum
vinkils	vinkils
ráðanna	ráðanna
hljóðfærið	hljóðfærið
brögðin	brögðin
stundanna	stundanna
horna	horna
lifðu	lifðu
vík	vík
kvöldunum	kvöldunum
þriðju	þriðju
gyldu	gyldu
lögðu	lögðu
ærumeiðinganna	ærumeiðinganna
stór	stór
skjótandi	skjótandi
trú	trú
nekt	nekt
eiginmanninn	eiginmanninn
vonirnar	vonirnar
formaðurinn	formaðurinn
hólanna	hólanna
kvars	kvars
leyfið	leyfið
sagna	sagna
dissar	dissar
æxlunina	æxlunina
flaga	flaga
fengin	fengin
talentu	talentu
brjóstbeinið	brjóstbeinið
sjúkdóm	sjúkdóm
heitið	heitið
byggt	byggt
teiknaði	teiknaði
hvílir	hvílir
sjötta	sjötta
stækjunnar	stækjunnar
tefldir	tefldir
fiskum	fiskum
skammar	skammar
kastað	kastað
elsku	elsku
lesandann	lesandann
aðvöruðuð	aðvöruðuð
reki	reki
styrkið	styrkið
akademíunum	akademíunum
spektu	spektu
dreifst	dreifst
hornið	hornið
sólunum	sólunum
yrðum	yrðum
spítalarnir	spítalarnir
slöngur	slöngur
höfðuð	höfðuð
körfuboltar	körfuboltar
styrkt	styrkt
órétti	órétti
berklar	berklar
eiginmönnum	eiginmönnum
hreyfi	hreyfi
þakkir	þakkir
bundna	bundna
vísu	vísu
kætin	kætin
fletti	fletti
hlýddi	hlýddi
köngulóm	köngulóm
saurgast	saurgast
tárum	tárum
stundina	stundina
hitamælinn	hitamælinn
samvistarfallinu	samvistarfallinu
stöðunum	stöðunum
æðardúninn	æðardúninn
söndunum	söndunum
kanti	kanti
kjaltan	kjaltan
bætti	bætti
mynstrið	mynstrið
gerðu	gerðu
skjóti	skjóti
skírðuð	skírðuð
hæsinnar	hæsinnar
fórnum	fórnum
bögum	bögum
hóp	hóp
körtum	körtum
rek	rek
kring	kring
drollinu	drollinu
hötuðu	hötuðu
stóðuð	stóðuð
saumurinn	saumurinn
veskjunum	veskjunum
skipta	skipta
heltir	heltir
tíi	tíi
dæmist	dæmist
bærum	bærum
hlýði	hlýði
jarðarberin	jarðarberin
orðskviða	orðskviða
tilreiknuð	tilreiknuð
mátt	mátt
klæindi	klæindi
kökukeflis	kökukeflis
Erum	Erum
efla	efla
körtunnar	körtunnar
róður	róður
lessa	lessa
leyst	leyst
hneyktuð	hneyktuð
brekkusóleyjunum	brekkusóleyjunum
fyrstum	fyrstum
inni	inni
freistið	freistið
stundu	stundu
vitru	vitru
eitur	eitur
stökkum	stökkum
sendu	sendu
flæmskuna	flæmskuna
skipi	skipi
fyrsti	fyrsti
kvæntist	kvæntist
byggið	byggið
fylltum	fylltum
mættuð	mættuð
stundir	stundir
tiggja	tiggja
góluðu	góluðu
fylltuð	fylltuð
ríkdóm	ríkdóm
skapaði	skapaði
geddu	geddu
sendið	sendið
legils	legils
spöðum	spöðum
skipið	skipið
bikkju	bikkju
þátíðina	þátíðina
felldu	felldu
sæbjúgað	sæbjúgað
gaurarnir	gaurarnir
greinis	greinis
afleiðingunum	afleiðingunum
mets	mets
hengdir	hengdir
iðnar	iðnar
undantókum	undantókum
þenjum	þenjum
hlátri	hlátri
skarði	skarði
ölum	ölum
mál	mál
eitt	eitt
vindum	vindum
endurnýja	endurnýja
sónatína	sónatína
viðræða	viðræða
organista	organista
hávellunum	hávellunum
bjórvömb	bjórvömb
æxlun	æxlun
mistrið	mistrið
mund	mund
fiskana	fiskana
siða	siða
ytra	ytra
unga	unga
ofursta	ofursta
gefast	gefast
þrenging	þrenging
hryggði	hryggði
leynduð	leynduð
fimmti	fimmti
lauguðum	lauguðum
sjálfsmorðið	sjálfsmorðið
afklæða	afklæða
snúast	snúast
árósinn	árósinn
kostaði	kostaði
heita	heita
ríkdóminn	ríkdóminn
fylgdist	fylgdist
fullreyndur	fullreyndur
tvennuna	tvennuna
brottfara	brottfara
spilin	spilin
etýðunnar	etýðunnar
eigendur	eigendur
líkin	líkin
Svía	Svía
sveikst	sveikst
sóða	sóða
eyru	eyru
skýrðu	skýrðu
eyra	eyra
kantöturnar	kantöturnar
þjöl	þjöl
borð	borð
nefnist	nefnist
nasismanum	nasismanum
senduð	senduð
afleiðingar	afleiðingar
hnerruðu	hnerruðu
mun	mun
sleppt	sleppt
fleygt	fleygt
Hvað	Hvað
vömbin	vömbin
ýsu	ýsu
sárasóttina	sárasóttina
móðunni	móðunni
sproki	sproki
drápum	drápum
albönskunnar	albönskunnar
mátti	mátti
senda	senda
flett	flett
félagi	félagi
múslima	múslima
vinkonurnar	vinkonurnar
mögnum	mögnum
rottuna	rottuna
toga	toga
gengi	gengi
guðina	guðina
vínguðinum	vínguðinum
þerraði	þerraði
treystu	treystu
klæðinu	klæðinu
baginn	baginn
jóna	jóna
hornum	hornum
egnir	egnir
blik	blik
menga	menga
ráðast	ráðast
félag	félag
þrengingunum	þrengingunum
þrjósku	þrjósku
leiða	leiða
hljómlist	hljómlist
tréblásturshljóðfæris	tréblásturshljóðfæris
hrekjast	hrekjast
koki	koki
einu	einu
blindir	blindir
höfnun	höfnun
kenni	kenni
káeta	káeta
samkundustjórinn	samkundustjórinn
herstígvéla	herstígvéla
fórinta	fórinta
samkomulag	samkomulag
denarinn	denarinn
skil	skil
fæddu	fæddu
vallarmiðju	vallarmiðju
slúttum	slúttum
stóð	stóð
glóbrystinginn	glóbrystinginn
kjöltu	kjöltu
fullyrtu	fullyrtu
sala	sala
undirfylkingu	undirfylkingu
of	of
þekktir	þekktir
hreim	hreim
mellum	mellum
tyrkneskan	tyrkneskan
ræni	ræni
deyðast	deyðast
morgnunum	morgnunum
lofuðum	lofuðum
hólminn	hólminn
meðal	meðal
eyddi	eyddi
hjólhýsunum	hjólhýsunum
leikmönnum	leikmönnum
forsíðu	forsíðu
standast	standast
færð	færð
hristu	hristu
burt	burt
flæmingja	flæmingja
æðsta	æðsta
vísum	vísum
eignina	eignina
risa	risa
mörkin	mörkin
neyðið	neyðið
hvað	hvað
náðu	náðu
misskilningi	misskilningi
notaði	notaði
birtir	birtir
dæmdum	dæmdum
blóðfrumu	blóðfrumu
hráka	hráka
drunið	drunið
hagnaðarins	hagnaðarins
ógleðin	ógleðin
sparðs	sparðs
staði	staði
skýrði	skýrði
verð	verð
sóla	sóla
hvítvín	hvítvín
fyllandi	fyllandi
sérhljóðum	sérhljóðum
korpöndunum	korpöndunum
hefjum	hefjum
tjull	tjull
þökkum	þökkum
aftra	aftra
ytri	ytri
vanheilagt	vanheilagt
syndga	syndga
borga	borga
gjörast	gjörast
beilum	beilum
gess	gess
páskaeggsins	páskaeggsins
flettuð	flettuð
hengduð	hengduð
als	als
hlutum	hlutum
tíðum	tíðum
tignað	tignað
skipunum	skipunum
munduð	munduð
skelfisksins	skelfisksins
kyrki	kyrki
strandlengju	strandlengju
bols	bols
borgir	borgir
hálsinum	hálsinum
kryfjið	kryfjið
hólmi	hólmi
lofi	lofi
skýrið	skýrið
píla	píla
tökuorð	tökuorð
minnkið	minnkið
kinn	kinn
skulu	skulu
vara	vara
þarft	þarft
straumarnir	straumarnir
völd	völd
aðfaranóttin	aðfaranóttin
hjartarsalt	hjartarsalt
myrti	myrti
synir	synir
kvakið	kvakið
postuladóm	postuladóm
nýtti	nýtti
eigur	eigur
gjörðu	gjörðu
misgjörðin	misgjörðin
kveldum	kveldum
rifið	rifið
hugunum	hugunum
þarfaþing	þarfaþing
skal	skal
samfundurinn	samfundurinn
syndum	syndum
akademíurnar	akademíurnar
fleygi	fleygi
er	er
trunturnar	trunturnar
fullreynd	fullreynd
hvaðan	hvaðan
eiturlyfjanotendurnir	eiturlyfjanotendurnir
sjöunda	sjöunda
krossfara	krossfara
flettir	flettir
velþóknanleg	velþóknanleg
valmynda	valmynda
eigna	eigna
menguðu	menguðu
heyrði	heyrði
lastmælin	lastmælin
albönsku	albönsku
greina	greina
metum	metum
lögum	lögum
notaðir	notaðir
geðshræringu	geðshræringu
skírin	skírin
berst	berst
vindlunum	vindlunum
ráðið	ráðið
gramúlfinn	gramúlfinn
hvílíkar	hvílíkar
ríki	ríki
þakka	þakka
tölvupóstfanga	tölvupóstfanga
langaði	langaði
langöfunum	langöfunum
mæðraveldis	mæðraveldis
settuð	settuð
íþyngi	íþyngi
leynir	leynir
íþyngir	íþyngir
skrifir	skrifir
drottnarans	drottnarans
líkir	líkir
Getum	Getum
metið	metið
eyddist	eyddist
Inn	Inn
fæst	fæst
bifa	bifa
varir	varir
koma	koma
burtu	burtu
dæmast	dæmast
agúrku	agúrku
mistur	mistur
fylltur	fylltur
opinberast	opinberast
vögguvísunum	vögguvísunum
bjórvömbunum	bjórvömbunum
viskíi	viskíi
guðum	guðum
neytt	neytt
samkundustjóra	samkundustjóra
hatursins	hatursins
greinum	greinum
köngull	köngull
komst	komst
skildir	skildir
Hvern	Hvern
denar	denar
vorum	vorum
yfirheita	yfirheita
gætum	gætum
skrifað	skrifað
át	át
dögunum	dögunum
kirsuber	kirsuber
tíðir	tíðir
verið	verið
erfðafræði	erfðafræði
engi	engi
ályktað	ályktað
huldu	huldu
gæja	gæja
horfið	horfið
musteranna	musteranna
tæfunum	tæfunum
krossfestið	krossfestið
legköku	legköku
einstaklingurinn	einstaklingurinn
högum	högum
hlýst	hlýst
skammir	skammir
höndla	höndla
æfingunum	æfingunum
Haf	Haf
lakka	lakka
björkum	björkum
þjáði	þjáði
siðuðum	siðuðum
stoppana	stoppana
fegrið	fegrið
leyndi	leyndi
svertuð	svertuð
akademíanna	akademíanna
byggi	byggi
fiskanna	fiskanna
fyrsta	fyrsta
þrengingum	þrengingum
tárið	tárið
víkur	víkur
munið	munið
hvílu	hvílu
munum	munum
postuladóms	postuladóms
fluttu	fluttu
aðvöruðu	aðvöruðu
bíóið	bíóið
hræddir	hræddir
ungmennis	ungmennis
hirða	hirða
vökina	vökina
vitrast	vitrast
vestrar	vestrar
frystinn	frystinn
erfðafræðina	erfðafræðina
trjóna	trjóna
færa	færa
vissu	vissu
kökukefli	kökukefli
samkomulagið	samkomulagið
bíóinu	bíóinu
langað	langað
sandinn	sandinn
Eru	Eru
lærður	lærður
lappa	lappa
kvæn	kvæn
settaugin	settaugin
umskornir	umskornir
brottfararinnar	brottfararinnar
stundarinnar	stundarinnar
herstígvél	herstígvél
kvíða	kvíða
hryggðu	hryggðu
stikann	stikann
reglurnar	reglurnar
best	best
túrista	túrista
áfrýjandi	áfrýjandi
gegnt	gegnt
sjálfstraust	sjálfstraust
gaffallinn	gaffallinn
raðað	raðað
grafíts	grafíts
hafi	hafi
sigur	sigur
sálma	sálma
skýrum	skýrum
hefðarsætin	hefðarsætin
áhrifi	áhrifi
súrefnisskorturinn	súrefnisskorturinn
hégómamál	hégómamál
klætt	klætt
lifnaður	lifnaður
leysir	leysir
karsi	karsi
ríkti	ríkti
leyfanna	leyfanna
vínguðunum	vínguðunum
öfunda	öfunda
gætti	gætti
óperuhúsið	óperuhúsið
skrifuðu	skrifuðu
slepptu	slepptu
lærandi	lærandi
neytti	neytti
aldinin	aldinin
hefur	hefur
kommúnistum	kommúnistum
óperuhúsa	óperuhúsa
velur	velur
þvoðu	þvoðu
skýt	skýt
köstuðuð	köstuðuð
leitast	leitast
minnstu	minnstu
minninganna	minninganna
keyptir	keyptir
malbikið	malbikið
safni	safni
hlutunum	hlutunum
efaði	efaði
drekkið	drekkið
ráðum	ráðum
Hefur	Hefur
lastmælir	lastmælir
engin	engin
smjattið	smjattið
eyrað	eyrað
máluðum	máluðum
óska	óska
leyndarinnar	leyndarinnar
blekbyttu	blekbyttu
jörð	jörð
drekktum	drekktum
hrekja	hrekja
fæl	fæl
seldu	seldu
prentuðuð	prentuðuð
kjarnakorn	kjarnakorn
læsti	læsti
safnast	safnast
helvíti	helvíti
höfða	höfða
kenndina	kenndina
hjakka	hjakka
skírn	skírn
annast	annast
búning	búning
knattspyrnu	knattspyrnu
suguð	suguð
tilreiknað	tilreiknað
óhamingjunni	óhamingjunni
trúna	trúna
musterið	musterið
málaði	málaði
sleiksins	sleiksins
slútta	slútta
þandi	þandi
safnaðir	safnaðir
jaka	jaka
ríkir	ríkir
mestur	mestur
peninginn	peninginn
skeifa	skeifa
dæmdur	dæmdur
flokkinn	flokkinn
markspyrnu	markspyrnu
skrifar	skrifar
minnast	minnast
tappatogarana	tappatogarana
völdunum	völdunum
byggð	byggð
hjökkuðuð	hjökkuðuð
svæfðuð	svæfðuð
hafir	hafir
jakanna	jakanna
almætti	almætti
kafði	kafði
standi	standi
sektir	sektir
skrifaði	skrifaði
horn	horn
tennisboltarnir	tennisboltarnir
flass	flass
færðuð	færðuð
plóg	plóg
bullinu	bullinu
fetinu	fetinu
vindill	vindill
kvæntur	kvæntur
tignaðir	tignaðir
tyrkneskunnar	tyrkneskunnar
þjálfunin	þjálfunin
eigi	eigi
úthlutum	úthlutum
grunnlinn	grunnlinn
fylltir	fylltir
skapi	skapi
helgi	helgi
lýsti	lýsti
hugsast	hugsast
breidd	breidd
samboðin	samboðin
stýrði	stýrði
tökuorðin	tökuorðin
skaflinn	skaflinn
plokki	plokki
rithöfundum	rithöfundum
vátryggja	vátryggja
jónirnar	jónirnar
reiði	reiði
hrap	hrap
þolið	þolið
hrasar	hrasar
sjálfstraustsins	sjálfstraustsins
hafði	hafði
notuðum	notuðum
kviðunni	kviðunni
fjóla	fjóla
mistilteinum	mistilteinum
rymur	rymur
leitt	leitt
hvílíkir	hvílíkir
spáðu	spáðu
lifanda	lifanda
glóbrystingurinn	glóbrystingurinn
samfundinn	samfundinn
önnunum	önnunum
villimanninn	villimanninn
stórhertoga	stórhertoga
fylgdum	fylgdum
tígrisdýrs	tígrisdýrs
argaðir	argaðir
græði	græði
Anna	Anna
sonunum	sonunum
gólfa	gólfa
flokkum	flokkum
þérað	þérað
ljúka	ljúka
bandstrik	bandstrik
hvílist	hvílist
máli	máli
gramúlfarnir	gramúlfarnir
sættið	sættið
Leitast	Leitast
sléttsöngur	sléttsöngur
bismútið	bismútið
krakkið	krakkið
sleik	sleik
byggðir	byggðir
fullreyndin	fullreyndin
heflaði	heflaði
lögð	lögð
æðahnúta	æðahnúta
sölum	sölum
skækjur	skækjur
skytum	skytum
klekkir	klekkir
lítt	lítt
komast	komast
slyppu	slyppu
klúðrir	klúðrir
gallínið	gallínið
aðgreindir	aðgreindir
kröftugi	kröftugi
líkið	líkið
boðið	boðið
efldi	efldi
sig	sig
skírnir	skírnir
fæla	fæla
tísku	tísku
gjóstarnir	gjóstarnir
burstirnar	burstirnar
fjarlægir	fjarlægir
stærir	stærir
fá	fá
gjörðuð	gjörðuð
fórnið	fórnið
reiðhjólunum	reiðhjólunum
blinda	blinda
svæfið	svæfið
færi	færi
Hvar	Hvar
óskaði	óskaði
lofandi	lofandi
vor	vor
markgreifanna	markgreifanna
árós	árós
skírðir	skírðir
rífist	rífist
getum	getum
konu	konu
efldu	efldu
drifta	drifta
vísur	vísur
lífstykkjanna	lífstykkjanna
elskum	elskum
svikanna	svikanna
hagnýtti	hagnýtti
hvein	hvein
fræðimennirnir	fræðimennirnir
úti	úti
furunum	furunum
þerra	þerra
klæinda	klæinda
tómlætinu	tómlætinu
birti	birti
svona	svona
staðurinn	staðurinn
ættfeðurna	ættfeðurna
kossarnir	kossarnir
Jótlandinu	Jótlandinu
færu	færu
varst	varst
fundið	fundið
búninginn	búninginn
gítar	gítar
tilreiknast	tilreiknast
kalksteininum	kalksteininum
skipin	skipin
japanskan	japanskan
páskaeggja	páskaeggja
maka	maka
vetur	vetur
kjörinn	kjörinn
Mannssoninn	Mannssoninn
spáð	spáð
fljótir	fljótir
snerist	snerist
vafa	vafa
æðarblikans	æðarblikans
akra	akra
vanheilagan	vanheilagan
fjallgarðs	fjallgarðs
furu	furu
undirfylkinganna	undirfylkinganna
hætta	hætta
kölluðu	kölluðu
kýklóparnir	kýklóparnir
anganna	anganna
eigandann	eigandann
sættir	sættir
bruna	bruna
hneigið	hneigið
út	út
týndur	týndur
kjólföt	kjólföt
kalkspati	kalkspati
hillu	hillu
tómstundagamanið	tómstundagamanið
reglu	reglu
lessan	lessan
brauð	brauð
sótt	sótt
kjörið	kjörið
ættum	ættum
leikfangs	leikfangs
angann	angann
lessum	lessum
handboltaþjálfara	handboltaþjálfara
tes	tes
skiptir	skiptir
nú	nú
stundinni	stundinni
hellum	hellum
boðaði	boðaði
muni	muni
flöguna	flöguna
gildið	gildið
drýgi	drýgi
prómetín	prómetín
lax	lax
náið	náið
neitt	neitt
upplestrar	upplestrar
flestir	flestir
deyðir	deyðir
brytinn	brytinn
koka	koka
hylli	hylli
háls	háls
tæfu	tæfu
bifreiðirnar	bifreiðirnar
munu	munu
iðn	iðn
vanheilagir	vanheilagir
þvost	þvost
enn	enn
kristinn	kristinn
ökuleyfi	ökuleyfi
hýdrat	hýdrat
lagt	lagt
kontrafagott	kontrafagott
göfguðu	göfguðu
leikara	leikara
lýst	lýst
bestu	bestu
Mannssonurinn	Mannssonurinn
deyðið	deyðið
verðin	verðin
testósterónið	testósterónið
smalahundum	smalahundum
hreima	hreima
skyldufræðinni	skyldufræðinni
kvarsinu	kvarsinu
hefðu	hefðu
hjólhýsi	hjólhýsi
frakka	frakka
ilmjurtunum	ilmjurtunum
birta	birta
girni	girni
hittu	hittu
freistað	freistað
uppvekja	uppvekja
skírðum	skírðum
freistaði	freistaði
nefnt	nefnt
tómlæti	tómlæti
rétta	rétta
sérhljóðs	sérhljóðs
fórintum	fórintum
net	net
ákveðin	ákveðin
spikinu	spikinu
hatur	hatur
skini	skini
minntu	minntu
klúðraðir	klúðraðir
flettið	flettið
dáið	dáið
reipið	reipið
stóru	stóru
umkringja	umkringja
krælandi	krælandi
borgum	borgum
varaliði	varaliði
tískurnar	tískurnar
ná	ná
afrit	afrit
uppfærið	uppfærið
þekktur	þekktur
hneykjandi	hneykjandi
jafnast	jafnast
pyntið	pyntið
ræðu	ræðu
iðnaður	iðnaður
þrengdi	þrengdi
prútta	prútta
seldir	seldir
skýrir	skýrir
sverði	sverði
líkt	líkt
stækju	stækju
kaupunum	kaupunum
hringaðir	hringaðir
skírðu	skírðu
snúi	snúi
horfum	horfum
fullyrti	fullyrti
æxlanir	æxlanir
herpir	herpir
hnúts	hnúts
löppunum	löppunum
pats	pats
iðnum	iðnum
svara	svara
vísindamanni	vísindamanni
síður	síður
byggður	byggður
fremstur	fremstur
sína	sína
ljóðlista	ljóðlista
æptir	æptir
hættu	hættu
kalkspatið	kalkspatið
hreppa	hreppa
laukst	laukst
hræðum	hræðum
skjótast	skjótast
súrefnisskortinum	súrefnisskortinum
iðnunum	iðnunum
vinkonan	vinkonan
ljóðlistin	ljóðlistin
forsíðurnar	forsíðurnar
fisk	fisk
slepp	slepp
hjartarins	hjartarins
sonur	sonur
eyjar	eyjar
kökukeflið	kökukeflið
verða	verða
góla	góla
sónatínan	sónatínan
blóðfrumunum	blóðfrumunum
leysast	leysast
hreinsunareld	hreinsunareld
svik	svik
fæddur	fæddur
gripið	gripið
leglinum	leglinum
þreytst	þreytst
bismúts	bismúts
reyrar	reyrar
aukafalls	aukafalls
framar	framar
talsmaðurinn	talsmaðurinn
postuladómi	postuladómi
patinu	patinu
rændi	rændi
hóllinn	hóllinn
tjörnum	tjörnum
aldir	aldir
dryn	dryn
tréblásturshljóðfærið	tréblásturshljóðfærið
sjálfsmyndina	sjálfsmyndina
nota	nota
þolað	þolað
geirfuglinn	geirfuglinn
fylltu	fylltu
leitaði	leitaði
þol	þol
væru	væru
raula	raula
hrista	hrista
skitur	skitur
brunann	brunann
byggðin	byggðin
smókinn	smókinn
leyfinu	leyfinu
vanadínið	vanadínið
hrapsins	hrapsins
skrifum	skrifum
bjarkar	bjarkar
þökkunum	þökkunum
vissir	vissir
sagt	sagt
fljótið	fljótið
kveikinn	kveikinn
dagurinn	dagurinn
jarða	jarða
þóttist	þóttist
jötunuxa	jötunuxa
vændinu	vændinu
matana	matana
málað	málað
vökunum	vökunum
breytingar	breytingar
hirðin	hirðin
ráð	ráð
hengdum	hengdum
söfnuðu	söfnuðu
heitir	heitir
stjórna	stjórna
klædduð	klædduð
vælir	vælir
fiskar	fiskar
flæmskunni	flæmskunni
gagntak	gagntak
granateplunum	granateplunum
vald	vald
kontrabassinn	kontrabassinn
treyst	treyst
brjóstbeins	brjóstbeins
hreyfinganna	hreyfinganna
piparinn	piparinn
framan	framan
lastmæli	lastmæli
bruninn	bruninn
flokki	flokki
skutum	skutum
kylfu	kylfu
kjafta	kjafta
leyni	leyni
læra	læra
krældi	krældi
starfið	starfið
knýði	knýði
vestranum	vestranum
eindar	eindar
hittum	hittum
vögguvísa	vögguvísa
gjömmum	gjömmum
hraktir	hraktir
sérhvern	sérhvern
minntuð	minntuð
heiðagæs	heiðagæs
kærir	kærir
meltingar	meltingar
totta	totta
nöðru	nöðru
Verði	Verði
skutuð	skutuð
minn	minn
breytti	breytti
skamma	skamma
staðalinn	staðalinn
svindlurum	svindlurum
hýdrötum	hýdrötum
fjórðu	fjórðu
dramb	dramb
kasti	kasti
sápur	sápur
síið	síið
þekkti	þekkti
rasskinn	rasskinn
frumvörpunum	frumvörpunum
vanadíns	vanadíns
eyrunum	eyrunum
grískunni	grískunni
málir	málir
týnda	týnda
láta	láta
fjörðunum	fjörðunum
forsælu	forsælu
kúts	kúts
hengdi	hengdi
raulið	raulið
fóstrunum	fóstrunum
skermurinn	skermurinn
verslaði	verslaði
drottnara	drottnara
vafann	vafann
þægindum	þægindum
pípuhatta	pípuhatta
varirnar	varirnar
þreytum	þreytum
syndgum	syndgum
abbadís	abbadís
andlang	andlang
fært	fært
bikkjurnar	bikkjurnar
ryðöndin	ryðöndin
miðnættin	miðnættin
trúarjátningunni	trúarjátningunni
vissum	vissum
grunnla	grunnla
sósubletturinn	sósubletturinn
helgum	helgum
aukaföllin	aukaföllin
leystu	leystu
þriðji	þriðji
komu	komu
klædda	klædda
svindlara	svindlara
helga	helga
gildi	gildi
vifta	vifta
hugsaði	hugsaði
enda	enda
vinkill	vinkill
geta	geta
sigurinn	sigurinn
gráðu	gráðu
neyddu	neyddu
skírði	skírði
fórnir	fórnir
gröftum	gröftum
framlengt	framlengt
húsfrúrnar	húsfrúrnar
verðið	verðið
klæddir	klæddir
skreyta	skreyta
heróínið	heróínið
hagnaðurinn	hagnaðurinn
áhugamáli	áhugamáli
gaggið	gaggið
voru	voru
gervitunglinu	gervitunglinu
kúrdísku	kúrdísku
trompin	trompin
lausnin	lausnin
brjálæði	brjálæði
kysstu	kysstu
Lík	Lík
völdu	völdu
hryggðir	hryggðir
myrtu	myrtu
kryddi	kryddi
dæmi	dæmi
lakki	lakki
plógs	plógs
lokum	lokum
mestu	mestu
káetunum	káetunum
steikinni	steikinni
fegrað	fegrað
næst	næst
réttur	réttur
loka	loka
svaraði	svaraði
flugvalla	flugvalla
harmurinn	harmurinn
skyldir	skyldir
elskaði	elskaði
færeyskuna	færeyskuna
talast	talast
síðasta	síðasta
folann	folann
gilt	gilt
jarðarberjum	jarðarberjum
köstuðum	köstuðum
frumvörpum	frumvörpum
stæra	stæra
krossfestur	krossfestur
tindana	tindana
bumbubúum	bumbubúum
undirættbálkunum	undirættbálkunum
látum	látum
sjúkdóma	sjúkdóma
svikurunum	svikurunum
hvílíks	hvílíks
fimbulvetrunum	fimbulvetrunum
frumbyggjann	frumbyggjann
yrði	yrði
aðdáandann	aðdáandann
stund	stund
metanna	metanna
fundi	fundi
fremst	fremst
réttu	réttu
kúrdískan	kúrdískan
leit	leit
drolls	drolls
fagurfræðin	fagurfræðin
ríbónúkleasann	ríbónúkleasann
gerist	gerist
næstur	næstur
beinana	beinana
umkringið	umkringið
sent	sent
ónáðaði	ónáðaði
færist	færist
lagður	lagður
gætu	gætu
græddum	græddum
hefjið	hefjið
fjalir	fjalir
djúp	djúp
yfirheitunum	yfirheitunum
andaði	andaði
boð	boð
selleríið	selleríið
leyndum	leyndum
iðnað	iðnað
fýrum	fýrum
sæbjúga	sæbjúga
endaþarmsmökin	endaþarmsmökin
síst	síst
lauk	lauk
fjölmiðlasögur	fjölmiðlasögur
diskur	diskur
afklæðum	afklæðum
spilltur	spilltur
liðið	liðið
náttúru	náttúru
skírið	skírið
afætunum	afætunum
fjöl	fjöl
skilin	skilin
meti	meti
brenna	brenna
korkum	korkum
skilinn	skilinn
stjórnuðu	stjórnuðu
lofaðir	lofaðir
send	send
heiðagæsum	heiðagæsum
káetu	káetu
ráðin	ráðin
skipt	skipt
étið	étið
gæta	gæta
stæri	stæri
fjörður	fjörður
slúttað	slúttað
strák	strák
öðluðumst	öðluðumst
heiðurinn	heiðurinn
flotaforingjann	flotaforingjann
reyndi	reyndi
minnunum	minnunum
Mælir	Mælir
kastaðir	kastaðir
skiptum	skiptum
aukafallsliðinn	aukafallsliðinn
höfum	höfum
raust	raust
testósteróns	testósteróns
breyting	breyting
aukaspyrnunum	aukaspyrnunum
sölurnar	sölurnar
rétti	rétti
heim	heim
kennd	kennd
gramúlfunum	gramúlfunum
fyllti	fyllti
dauðadóms	dauðadóms
fylli	fylli
beði	beði
minnum	minnum
japönskunni	japönskunni
neinn	neinn
óskir	óskir
setti	setti
kúfinn	kúfinn
hýst	hýst
leikfangi	leikfangi
undantekningu	undantekningu
kvæntir	kvæntir
bílstjóra	bílstjóra
hlið	hlið
hatti	hatti
sleða	sleða
Dauðinn	Dauðinn
ber	ber
reyndir	reyndir
tengisagna	tengisagna
höfunum	höfunum
gæti	gæti
ergið	ergið
skapinu	skapinu
fuglafræðina	fuglafræðina
glasi	glasi
gleði	gleði
talentur	talentur
gætir	gætir
alinn	alinn
aldur	aldur
reið	reið
kringum	kringum
hluti	hluti
færeysku	færeysku
prenta	prenta
teikna	teikna
akursins	akursins
útibúið	útibúið
ferming	ferming
tröllkonurnar	tröllkonurnar
komna	komna
settir	settir
svo	svo
hryggdýrin	hryggdýrin
klæðandi	klæðandi
viðskiptavinunum	viðskiptavinunum
saurga	saurga
hliðið	hliðið
heróíninu	heróíninu
vissa	vissa
öðlist	öðlist
frjókornanna	frjókornanna
raustum	raustum
eignarlýð	eignarlýð
æpa	æpa
spjara	spjara
lessunum	lessunum
langöfum	langöfum
viðskiptavinarins	viðskiptavinarins
hrætt	hrætt
dansinn	dansinn
skjólanna	skjólanna
myndið	myndið
umfjöllun	umfjöllun
dissið	dissið
reyndur	reyndur
plokka	plokka
endurræsti	endurræsti
kontrabassann	kontrabassann
búninganna	búninganna
vitrað	vitrað
skipaði	skipaði
leiddur	leiddur
girninu	girninu
minnstur	minnstur
nefnda	nefnda
sósublettanna	sósublettanna
lífvarðarins	lífvarðarins
lýsingarorða	lýsingarorða
indefinite	indefinite
annir	annir
tjarnar	tjarnar
leynda	leynda
spjótkastinu	spjótkastinu
flokksins	flokksins
viðbjóðirnir	viðbjóðirnir
hljómað	hljómað
aukaspyrnu	aukaspyrnu
krókus	krókus
einhverja	einhverja
skírlífu	skírlífu
valdi	valdi
fórnuðuð	fórnuðuð
sektuðu	sektuðu
strætisvagninn	strætisvagninn
uppvekur	uppvekur
missirinn	missirinn
vísindamönnunum	vísindamönnunum
Verið	Verið
freigátunum	freigátunum
tónfræði	tónfræði
dæmið	dæmið
óvirtuð	óvirtuð
safnar	safnar
samfund	samfund
aliandarinnar	aliandarinnar
köngulónum	köngulónum
sleðum	sleðum
væskill	væskill
sérhljóð	sérhljóð
Réttu	Réttu
Líkt	Líkt
tár	tár
kenndin	kenndin
óskum	óskum
Hafi	Hafi
jafna	jafna
rökuðuð	rökuðuð
hvína	hvína
ógleði	ógleði
definite	definite
auki	auki
ræða	ræða
talaði	talaði
pílu	pílu
höfðum	höfðum
gjaldið	gjaldið
prúttuðuð	prúttuðuð
jafnir	jafnir
kunna	kunna
kær	kær
hvíldunum	hvíldunum
gorminn	gorminn
kvaks	kvaks
vel	vel
gefinn	gefinn
opið	opið
ættuð	ættuð
þakkað	þakkað
minntum	minntum
deyða	deyða
búnings	búnings
orð	orð
flokks	flokks
saltkjöt	saltkjöt
krossgátuna	krossgátuna
malbiki	malbiki
hug	hug
skýra	skýra
séum	séum
hagnýta	hagnýta
togi	togi
líks	líks
hafna	hafna
þakkirnar	þakkirnar
breytum	breytum
drukkið	drukkið
rigninga	rigninga
leyfa	leyfa
hljómaði	hljómaði
sjúg	sjúg
hvílíkum	hvílíkum
vísurnar	vísurnar
æðarkónginn	æðarkónginn
reykjunum	reykjunum
geddanna	geddanna
laxins	laxins
breytist	breytist
væli	væli
flokknum	flokknum
éti	éti
frjókorn	frjókorn
félaga	félaga
gefin	gefin
byggðum	byggðum
skriðsundi	skriðsundi
sendur	sendur
pípuhöttunum	pípuhöttunum
söfnuð	söfnuð
Er	Er
virti	virti
flesta	flesta
mynstra	mynstra
varaliðið	varaliðið
síðastir	síðastir
bólstraskýs	bólstraskýs
fjölmiðlasögu	fjölmiðlasögu
lénin	lénin
kvikmyndanna	kvikmyndanna
hópi	hópi
kylfurnar	kylfurnar
bifaði	bifaði
trunta	trunta
eflduð	eflduð
sléttsöng	sléttsöng
Komum	Komum
okkarínurnar	okkarínurnar
saknir	saknir
farsímar	farsímar
þurríssins	þurríssins
laggir	laggir
staða	staða
skituna	skituna
sakna	sakna
norrænu	norrænu
öslaði	öslaði
hagi	hagi
alda	alda
líkinu	líkinu
berast	berast
aftrar	aftrar
hryggdýrið	hryggdýrið
þolinu	þolinu
hirðana	hirðana
brögðum	brögðum
vífið	vífið
aliönd	aliönd
Koma	Koma
kært	kært
hrifsaðir	hrifsaðir
mæðraveldi	mæðraveldi
pipars	pipars
tíða	tíða
faldanna	faldanna
þerruðum	þerruðum
hrææta	hrææta
lausnarinnar	lausnarinnar
ættkvíslinni	ættkvíslinni
dæmin	dæmin
blindum	blindum
þerrir	þerrir
goldið	goldið
hefjir	hefjir
klæðast	klæðast
haft	haft
sokka	sokka
agúrkuna	agúrkuna
skírum	skírum
þreytist	þreytist
syndgar	syndgar
bagall	bagall
fána	fána
Komu	Komu
fóður	fóður
framlengdu	framlengdu
fuglafræðin	fuglafræðin
gullið	gullið
brúðkaupsgestum	brúðkaupsgestum
æxlunum	æxlunum
Hafa	Hafa
vakar	vakar
samkundustjóri	samkundustjóri
herpi	herpi
skyti	skyti
þéraði	þéraði
hrákann	hrákann
leyndir	leyndir
markmaðurinn	markmaðurinn
sá	sá
glerhaf	glerhaf
ákveðið	ákveðið
vakir	vakir
kastandi	kastandi
ferð	ferð
sparkið	sparkið
leyndu	leyndu
krydda	krydda
vörina	vörina
dæmt	dæmt
krossfest	krossfest
liðsins	liðsins
geðshræringin	geðshræringin
rasskinna	rasskinna
minnisspili	minnisspili
væruð	væruð
styrkir	styrkir
spá	spá
kantötum	kantötum
feðginin	feðginin
drekkti	drekkti
fiskur	fiskur
farsíma	farsíma
samtengingin	samtengingin
látna	látna
rakið	rakið
færis	færis
trúarjátningin	trúarjátningin
þjálfun	þjálfun
ríkt	ríkt
vegasalta	vegasalta
segir	segir
hrogns	hrogns
samtengingum	samtengingum
óskar	óskar
sparði	sparði
ofurstinn	ofurstinn
salt	salt
færum	færum
tilreiknaði	tilreiknaði
ergir	ergir
þols	þols
langt	langt
göfga	göfga
sjötti	sjötti
flokk	flokk
kristni	kristni
guð	guð
notið	notið
mundum	mundum
safnaði	safnaði
lastmæltu	lastmæltu
helgast	helgast
minnt	minnt
fyllið	fyllið
magn	magn
hvílt	hvílt
Hvaðan	Hvaðan
hverja	hverja
Orð	Orð
kæti	kæti
missum	missum
óvirtir	óvirtir
kröftugt	kröftugt
krossfestan	krossfestan
kvænti	kvænti
veittuð	veittuð
beini	beini
kontrafagottið	kontrafagottið
miðgildið	miðgildið
organistum	organistum
reiðin	reiðin
hlutarins	hlutarins
skyldu	skyldu
leita	leita
afgreiðum	afgreiðum
tindurinn	tindurinn
fullnast	fullnast
fleygði	fleygði
hórkarl	hórkarl
blóðflögur	blóðflögur
styrkja	styrkja
hafanna	hafanna
þrengingin	þrengingin
galt	galt
hópa	hópa
hópur	hópur
kúfi	kúfi
skyldi	skyldi
spörfugl	spörfugl
skilaði	skilaði
saurgar	saurgar
svita	svita
gormarnir	gormarnir
frostið	frostið
kastið	kastið
hlátur	hlátur
Orðið	Orðið
gegn	gegn
heima	heima
samboðið	samboðið
köstum	köstum
skytu	skytu
rauluðuð	rauluðuð
sviti	sviti
rita	rita
neyttu	neyttu
þérum	þérum
körfubolta	körfubolta
sælur	sælur
sjálfsmynd	sjálfsmynd
selduð	selduð
bæru	bæru
hvaða	hvaða
völdum	völdum
markgreifa	markgreifa
tregi	tregi
skíri	skíri
byggðuð	byggðuð
styrktuð	styrktuð
trúleysið	trúleysið
feta	feta
styrkti	styrkti
leyfðu	leyfðu
Fyrir	Fyrir
kefði	kefði
dúksins	dúksins
óvirt	óvirt
stýri	stýri
endurnýjuðuð	endurnýjuðuð
eigist	eigist
hvítvíni	hvítvíni
uppfærðuð	uppfærðuð
tröllkonu	tröllkonu
kossinn	kossinn
handboltanum	handboltanum
hafið	hafið
græddur	græddur
markmanninn	markmanninn
rigna	rigna
grundina	grundina
almættið	almættið
fyllt	fyllt
hellirinn	hellirinn
borðið	borðið
hjúkrar	hjúkrar
ýfið	ýfið
útisundlaugar	útisundlaugar
stærið	stærið
eign	eign
glataði	glataði
klæðir	klæðir
hreyfir	hreyfir
frísparkið	frísparkið
mest	mest
guðspjallamaðurinn	guðspjallamaðurinn
flokkanna	flokkanna
lýsið	lýsið
tunglsjúka	tunglsjúka
skeifum	skeifum
greininum	greininum
öndun	öndun
ráðunum	ráðunum
grasafræðin	grasafræðin
hvílast	hvílast
skytuð	skytuð
kílói	kílói
sparka	sparka
hvern	hvern
hræddur	hræddur
straumurinn	straumurinn
skipast	skipast
hræddi	hræddi
meiðsli	meiðsli
fórnfærði	fórnfærði
eðlum	eðlum
huldir	huldir
ættu	ættu
veski	veski
svæfi	svæfi
maurs	maurs
formönnunum	formönnunum
hneigðuð	hneigðuð
síðast	síðast
sást	sást
skjallið	skjallið
efi	efi
köfðu	köfðu
diski	diski
málið	málið
skildist	skildist
skips	skips
perlunum	perlunum
varalitanna	varalitanna
minnandi	minnandi
öxla	öxla
lúkka	lúkka
settum	settum
snuði	snuði
betri	betri
ríkdómur	ríkdómur
líkamana	líkamana
ógleðina	ógleðina
skrifuðuð	skrifuðuð
skelfisk	skelfisk
stoð	stoð
elska	elska
bagli	bagli
kinnaliti	kinnaliti
byggðu	byggðu
félaganna	félaganna
hnútinn	hnútinn
naðranna	naðranna
hafsins	hafsins
voruð	voruð
hneigði	hneigði
fást	fást
sekt	sekt
skrifuðum	skrifuðum
styrktir	styrktir
græðið	græðið
ritum	ritum
hórkarlar	hórkarlar
lungnaberklarnir	lungnaberklarnir
Kom	Kom
kokið	kokið
reynir	reynir
neinu	neinu
kyssti	kyssti
nærmynda	nærmynda
beð	beð
aðdáendurna	aðdáendurna
vanrækja	vanrækja
gyltuna	gyltuna
karakterinn	karakterinn
hvílíka	hvílíka
búist	búist
þrengdist	þrengdist
gjöri	gjöri
komum	komum
Hafið	Hafið
guði	guði
smóka	smóka
værir	værir
starf	starf
húsfrúna	húsfrúna
hnéskelin	hnéskelin
grípur	grípur
byggir	byggir
vanadíni	vanadíni
útibúa	útibúa
þjást	þjást
breyta	breyta
drepur	drepur
drepir	drepir
fermingu	fermingu
hlutirnir	hlutirnir
sæbjúgu	sæbjúgu
klæðum	klæðum
þerrar	þerrar
veitti	veitti
gráða	gráða
göfguðuð	göfguðuð
guðir	guðir
syndgið	syndgið
æxlununum	æxlununum
flokkur	flokkur
síðu	síðu
eignarlýður	eignarlýður
aukafallsliðina	aukafallsliðina
köstuðu	köstuðu
skírandi	skírandi
auka	auka
Annað	Annað
líki	líki
látið	látið
stikana	stikana
settaug	settaug
þurrís	þurrís
kvænir	kvænir
skulum	skulum
fjár	fjár
munt	munt
minnti	minnti
heimta	heimta
styrkjandi	styrkjandi
vígvelli	vígvelli
fjallgarð	fjallgarð
ferst	ferst
garðyrkjufræði	garðyrkjufræði
hugtak	hugtak
ruslinu	ruslinu
leyn	leyn
hjartarsaltið	hjartarsaltið
átuð	átuð
gættir	gættir
garðyrkjufræðin	garðyrkjufræðin
blóðflögum	blóðflögum
gjóði	gjóði
hætt	hætt
handrits	handrits
spil	spil
liðanna	liðanna
fæðu	fæðu
stær	stær
gríska	gríska
kom	kom
svörður	svörður
teið	teið
Hverja	Hverja
hugi	hugi
undur	undur
skepnu	skepnu
hnefann	hnefann
brennu	brennu
árósa	árósa
þátíð	þátíð
huga	huga
svikarar	svikarar
söfnuðuð	söfnuðuð
yrðu	yrðu
fjarðanna	fjarðanna
skýrðir	skýrðir
drekktu	drekktu
málandi	málandi
lok	lok
grafítið	grafítið
firði	firði
sjálfstraustið	sjálfstraustið
þöggum	þöggum
reiðum	reiðum
kjaftar	kjaftar
dauða	dauða
Æðstu	Æðstu
öðlaðist	öðlaðist
fagurfræðina	fagurfræðina
jörðuðum	jörðuðum
væla	væla
horfði	horfði
fiskinn	fiskinn
skjótir	skjótir
hlutanna	hlutanna
missir	missir
byggja	byggja
seldur	seldur
Innan	Innan
hneigir	hneigir
þriðja	þriðja
borðar	borðar
skuluð	skuluð
hálfendum	hálfendum
nefndur	nefndur
misst	misst
tennisboltann	tennisboltann
furunni	furunni
leiddu	leiddu
máttu	máttu
sjússunum	sjússunum
reka	reka
aftraði	aftraði
skýrðuð	skýrðuð
vökin	vökin
ákæra	ákæra
tvennur	tvennur
ályktaði	ályktaði
sýnduð	sýnduð
póker	póker
þrasið	þrasið
styrktum	styrktum
birtist	birtist
kjarnakorni	kjarnakorni
felld	felld
dans	dans
grundarinnar	grundarinnar
egnduð	egnduð
dýralækni	dýralækni
gagntekur	gagntekur
flokkana	flokkana
áfrýjuninni	áfrýjuninni
þanka	þanka
hreyfðum	hreyfðum
mala	mala
fríspark	fríspark
kastir	kastir
ökuleyfið	ökuleyfið
æxlanirnar	æxlanirnar
leikaranna	leikaranna
styrktu	styrktu
misstum	misstum
gætið	gætið
teiknuðuð	teiknuðuð
hryggja	hryggja
treystir	treystir
brott	brott
skipinu	skipinu
miða	miða
hristi	hristi
kostandi	kostandi
rótfestir	rótfestir
tóninum	tóninum
neyddur	neyddur
stoppunar	stoppunar
vettlingum	vettlingum
lærði	lærði
sprokunum	sprokunum
hryggir	hryggir
fýri	fýri
æðst	æðst
skækjan	skækjan
eyjarnar	eyjarnar
þurrísum	þurrísum
Mæli	Mæli
hræddum	hræddum
frystiskápum	frystiskápum
glas	glas
folunum	folunum
guðinn	guðinn
dáðu	dáðu
höndli	höndli
skylduð	skylduð
söfnum	söfnum
fjórði	fjórði
einræktað	einræktað
ranns	ranns
kirsuberi	kirsuberi
tölvupóstföngum	tölvupóstföngum
þarfaþingið	þarfaþingið
hröðlum	hröðlum
erum	erum
fjólu	fjólu
sápa	sápa
brotið	brotið
hneigðu	hneigðu
dýralæknar	dýralæknar
virtuð	virtuð
fjölgyðistrúm	fjölgyðistrúm
ges	ges
trúa	trúa
spörkum	spörkum
vælið	vælið
nasisma	nasisma
krossgáturnar	krossgáturnar
volað	volað
þurrísi	þurrísi
öfgi	öfgi
birtum	birtum
veturinn	veturinn
víddunum	víddunum
samvistarfalli	samvistarfalli
Fyrst	Fyrst
Jótlandið	Jótlandið
brjálæðið	brjálæðið
köntunum	köntunum
gjaldir	gjaldir
fyrstir	fyrstir
hryggt	hryggt
heimtuð	heimtuð
bæjasvöluna	bæjasvöluna
heiti	heiti
skip	skip
vitrir	vitrir
meðalið	meðalið
segist	segist
hafa	hafa
laggaðir	laggaðir
hryggjum	hryggjum
vönduðuð	vönduðuð
kastaði	kastaði
horfðu	horfðu
ert	ert
þrælkuðu	þrælkuðu
geymduð	geymduð
breytt	breytt
skíðaði	skíðaði
smalahundur	smalahundur
verði	verði
hefðarsæti	hefðarsæti
haga	haga
dauðinn	dauðinn
stjórnið	stjórnið
samboðna	samboðna
spjótkast	spjótkast
talsmannsins	talsmannsins
trega	trega
áhugamálið	áhugamálið
rithöfund	rithöfund
sérhljóða	sérhljóða
haf	haf
brauðin	brauðin
hræætu	hræætu
endurræstu	endurræstu
nærmyndin	nærmyndin
fær	fær
minna	minna
reyknum	reyknum
engjum	engjum
klappað	klappað
endurnýjuðu	endurnýjuðu
neitað	neitað
borði	borði
skrifið	skrifið
leyndin	leyndin
pyntuðu	pyntuðu
denara	denara
raustu	raustu
hávellunnar	hávellunnar
græðum	græðum
málum	málum
sin	sin
skapanna	skapanna
hrösuðum	hrösuðum
kysstir	kysstir
hvæstuð	hvæstuð
kallað	kallað
minnið	minnið
óvirti	óvirti
reynd	reynd
skjöllum	skjöllum
efuðuð	efuðuð
hálfleikur	hálfleikur
svíkjum	svíkjum
sátu	sátu
klippti	klippti
krókusi	krókusi
leiddir	leiddir
breiddi	breiddi
höfnunum	höfnunum
áhrifið	áhrifið
fóðrunum	fóðrunum
greinarnir	greinarnir
kok	kok
dæmdu	dæmdu
boðin	boðin
umskornu	umskornu
býsn	býsn
kalli	kalli
jarðir	jarðir
hvílík	hvílík
farsímanna	farsímanna
fyrstu	fyrstu
valið	valið
flugvellirnir	flugvellirnir
hrifsuðuð	hrifsuðuð
hreinsunareldurinn	hreinsunareldurinn
laugaði	laugaði
hnefanum	hnefanum
guðspjallamenn	guðspjallamenn
mundir	mundir
skyttuna	skyttuna
