fordra	fordra
förvarar	förvarar
sandas	sandas
åklagande	åklagande
bedrövande	bedrövande
vinge	vinge
näpet	näpet
sjöslag	sjöslag
besveks	besveks
anklagats	anklagats
brassat	brassat
bagatells	bagatells
systematiseras	systematiseras
kulminera	kulminera
koordinatsystemets	koordinatsystemets
utökades	utökades
valrossar	valrossar
förnimma	förnimma
gendrivande	gendrivande
pubarna	pubarna
tryckt	tryckt
tågas	tågas
musikallåt	musikallåt
institutionella	institutionella
öknamn	öknamn
tågade	tågade
snuten	snuten
snigel	snigel
väljarnas	väljarnas
upptagnare	upptagnare
bagateller	bagateller
murarnas	murarnas
möjliggör	möjliggör
godtyckliga	godtyckliga
uppenbarad	uppenbarad
utesluts	utesluts
cyklotroners	cyklotroners
chiffers	chiffers
koffert	koffert
provisoriers	provisoriers
stimuleras	stimuleras
koffertarna	koffertarna
brassas	brassas
referera	referera
sökte	sökte
gruvstolpar	gruvstolpar
kinesens	kinesens
inrikesministerium	inrikesministerium
panteistens	panteistens
kompletteras	kompletteras
överblickat	överblickat
kolonisters	kolonisters
savat	savat
bollklubb	bollklubb
byråassistents	byråassistents
ansad	ansad
interagerade	interagerade
blöte	blöte
åtgärdsbedömning	åtgärdsbedömning
byttan	byttan
dal	dal
uzbekerna	uzbekerna
västliga	västliga
västlig	västlig
grymme	grymme
kommandoknappar	kommandoknappar
sväng	sväng
arkivråden	arkivråden
kattdjur	kattdjur
förändrat	förändrat
reta	reta
byttornas	byttornas
exponerad	exponerad
förfors	förfors
lågt	lågt
värdemängds	värdemängds
fontänerna	fontänerna
epistel	epistel
bröar	bröar
spanjorerna	spanjorerna
benämns	benämns
anlöpt	anlöpt
läroverket	läroverket
utfärdad	utfärdad
upplag	upplag
moppar	moppar
fullborde	fullborde
segra	segra
underskattat	underskattat
långstrumpas	långstrumpas
dödsdagarna	dödsdagarna
beställningsarbete	beställningsarbete
korer	korer
senare	senare
draget	draget
småvilts	småvilts
tandvårdens	tandvårdens
snören	snören
varulvarna	varulvarna
hållplatsers	hållplatsers
läroverk	läroverk
accelerationen	accelerationen
departementssekreterare	departementssekreterare
dräps	dräps
vifta	vifta
köpingens	köpingens
använt	använt
antände	antände
formeln	formeln
lurarnas	lurarnas
indiskans	indiskans
längten	längten
nejets	nejets
hedersbetygelsen	hedersbetygelsen
borra	borra
linjekartans	linjekartans
välkomnad	välkomnad
retsticka	retsticka
nallarnas	nallarnas
filatelister	filatelister
klistrande	klistrande
muskedundren	muskedundren
inrättande	inrättande
tala	tala
kulturlivs	kulturlivs
mikrofonerna	mikrofonerna
oxes	oxes
kejsares	kejsares
chilenarens	chilenarens
jeeparna	jeeparna
klövarna	klövarna
laotiskans	laotiskans
stickmyggor	stickmyggor
piruetters	piruetters
ockupationen	ockupationen
rövade	rövade
önskans	önskans
sexhörningars	sexhörningars
rots	rots
kloridernas	kloridernas
limpan	limpan
sprängmedlen	sprängmedlen
masochists	masochists
bromsade	bromsade
spenderas	spenderas
rappad	rappad
vilddjur	vilddjur
argentinskorna	argentinskorna
rökrutor	rökrutor
stödstrumpans	stödstrumpans
borstars	borstars
ymnighetens	ymnighetens
anticyklonens	anticyklonens
långtradares	långtradares
tjänen	tjänen
punktlista	punktlista
ungkarl	ungkarl
säkrande	säkrande
preliminärskatt	preliminärskatt
zappade	zappade
arkivskåp	arkivskåp
bromspedalen	bromspedalen
krattorna	krattorna
gastade	gastade
twittrande	twittrande
drängs	drängs
förändrade	förändrade
flunsornas	flunsornas
konverteras	konverteras
trofasthet	trofasthet
flädermärgskulors	flädermärgskulors
handläggas	handläggas
kämpade	kämpade
utfärdas	utfärdas
regentens	regentens
bilfärja	bilfärja
mät	mät
graverar	graverar
höljets	höljets
dukades	dukades
åskvädrens	åskvädrens
försynens	försynens
slaktas	slaktas
lösdriverska	lösdriverska
utgiftstaken	utgiftstaken
begynt	begynt
kosta	kosta
lokaliserande	lokaliserande
graverad	graverad
mångfacetterade	mångfacetterade
luggs	luggs
kokat	kokat
accelerationens	accelerationens
enslinjes	enslinjes
underskrifts	underskrifts
dödsfallet	dödsfallet
egyptologis	egyptologis
terroriserande	terroriserande
kvacksalvares	kvacksalvares
mittpunkts	mittpunkts
lösdriverskas	lösdriverskas
ejder	ejder
tävlingsbana	tävlingsbana
justerande	justerande
krockars	krockars
mögs	mögs
ratificerades	ratificerades
meter	meter
bruset	bruset
namnars	namnars
konvojers	konvojers
bildordbokens	bildordbokens
sprängmedel	sprängmedel
polisbyråerna	polisbyråerna
massakerns	massakerns
hedersbetygelsens	hedersbetygelsens
sålda	sålda
altarets	altarets
högskolestyrelsernas	högskolestyrelsernas
förgöra	förgöra
smittskyddet	smittskyddet
täcke	täcke
handlade	handlade
statsrådsberedningars	statsrådsberedningars
kursfordrans	kursfordrans
bruse	bruse
upplösas	upplösas
bered	bered
jagas	jagas
gasta	gasta
återbesök	återbesök
oxen	oxen
respekterad	respekterad
räknestickans	räknestickans
sornas	sornas
bronsmedalj	bronsmedalj
koncentrationerna	koncentrationerna
avtaget	avtaget
dragne	dragne
leksak	leksak
sändes	sändes
uppenbarat	uppenbarat
spände	spände
odjurs	odjurs
mätt	mätt
döme	döme
gravitation	gravitation
försona	försona
beskärd	beskärd
bridges	bridges
kolumnbredder	kolumnbredder
flugits	flugits
gårdsplanens	gårdsplanens
retronymens	retronymens
kommuteras	kommuteras
blixtnedslagen	blixtnedslagen
falsifierad	falsifierad
kläck	kläck
åskådade	åskådade
koncentrationer	koncentrationer
attackerar	attackerar
hjortar	hjortar
citronsyrans	citronsyrans
bajskorvarna	bajskorvarna
blidka	blidka
intrången	intrången
vattenkonsts	vattenkonsts
tillgodogör	tillgodogör
kommunicerat	kommunicerat
upphandlingars	upphandlingars
lydelse	lydelse
urladdningen	urladdningen
matlagning	matlagning
fanfaronads	fanfaronads
pilspetsen	pilspetsen
panteisters	panteisters
statsbudgetar	statsbudgetar
doktorsgraders	doktorsgraders
retirera	retirera
qväljes	qväljes
annex	annex
kräftor	kräftor
hyresvärden	hyresvärden
fungerade	fungerade
utsändande	utsändande
duande	duande
restaurerades	restaurerades
meddelats	meddelats
lagats	lagats
vridas	vridas
kvitterande	kvitterande
tystande	tystande
täck	täck
höghjuling	höghjuling
renad	renad
gårdsplaner	gårdsplaner
undersökande	undersökande
vattnar	vattnar
värnpliktskongress	värnpliktskongress
bränn	bränn
ansade	ansade
rov	rov
joniske	joniske
näpna	näpna
förmörkas	förmörkas
flatas	flatas
preliminärskattens	preliminärskattens
preliminär	preliminär
prokrastinerande	prokrastinerande
sökts	sökts
anställa	anställa
egyptier	egyptier
anrättningars	anrättningars
möts	möts
renas	renas
utkom	utkom
gräslökens	gräslökens
polerar	polerar
snörena	snörena
inägas	inägas
kära	kära
byrådirektörernas	byrådirektörernas
ministerium	ministerium
terrorists	terrorists
indikera	indikera
vittnesbördets	vittnesbördets
omstruktureras	omstruktureras
såld	såld
fritösers	fritösers
trycka	trycka
återlämnats	återlämnats
absids	absids
förenas	förenas
betecknad	betecknad
abonnemangsavgiften	abonnemangsavgiften
störtkrukors	störtkrukors
gifts	gifts
bukar	bukar
urladdningars	urladdningars
fjättras	fjättras
jordskredet	jordskredet
plommonen	plommonen
krullparentesers	krullparentesers
rötterna	rötterna
uttalas	uttalas
epitetet	epitetet
rot	rot
hyresvärd	hyresvärd
släktet	släktet
deklarerar	deklarerar
uzbeks	uzbeks
kruciverbists	kruciverbists
befäst	befäst
bast	bast
annandagars	annandagars
uppenbara	uppenbara
spridd	spridd
bältena	bältena
rustningarnas	rustningarnas
stridsmedlet	stridsmedlet
förgörs	förgörs
förgöras	förgöras
masochisten	masochisten
begått	begått
återstod	återstod
kortslutas	kortslutas
förlett	förlett
rörmokares	rörmokares
önska	önska
homogena	homogena
höghjulingarna	höghjulingarna
lönnmördats	lönnmördats
snödroppe	snödroppe
kruciverbisten	kruciverbisten
förtrycken	förtrycken
vårdkasens	vårdkasens
bokriser	bokriser
dementerad	dementerad
killingar	killingar
kofferts	kofferts
doktorsgraderna	doktorsgraderna
gräten	gräten
tvillingars	tvillingars
nonan	nonan
utarmande	utarmande
konungadömes	konungadömes
tv:n	tv:n
längtan	längtan
fjäderbrickorna	fjäderbrickorna
platås	platås
piercings	piercings
skriftlig	skriftlig
skulptörs	skulptörs
förtärda	förtärda
orenen	orenen
kombineras	kombineras
arbetssättet	arbetssättet
bundna	bundna
förkastas	förkastas
visars	visars
homeopati	homeopati
gena	gena
rustningars	rustningars
svavelstickan	svavelstickan
surjektionen	surjektionen
rastade	rastade
landstingsrådens	landstingsrådens
graverades	graverades
bevaras	bevaras
fågelskådarnas	fågelskådarnas
fononernas	fononernas
åttiondelarna	åttiondelarna
luffarnas	luffarnas
rövas	rövas
vidhäftande	vidhäftande
fästes	fästes
kulturliv	kulturliv
morgonsoffas	morgonsoffas
närstående	närstående
bakgrundsstrålnings	bakgrundsstrålnings
departementschefers	departementschefers
centralafrikaners	centralafrikaners
ringfinger	ringfinger
åttiondelars	åttiondelars
kines	kines
säkrades	säkrades
killingars	killingars
kommutativ	kommutativ
barrträdets	barrträdets
byråkratiskt	byråkratiskt
nypon	nypon
inspekterades	inspekterades
manlige	manlige
fyllt	fyllt
underskattad	underskattad
doktorsexamen	doktorsexamen
vittna	vittna
applicera	applicera
skymd	skymd
gruvstolparnas	gruvstolparnas
förvarande	förvarande
terapeuter	terapeuter
täcken	täcken
årtusendena	årtusendena
nagellacker	nagellacker
härdsmältors	härdsmältors
förena	förena
slagares	slagares
konverterades	konverterades
svavelstickors	svavelstickors
kompilerar	kompilerar
nyårsaftons	nyårsaftons
kokosnöts	kokosnöts
förgör	förgör
getingarna	getingarna
stjärtars	stjärtars
gelé	gelé
polisbyrås	polisbyrås
elektronhjärnorna	elektronhjärnorna
laman	laman
trumpetare	trumpetare
stärk	stärk
provocerats	provocerats
memen	memen
preciserat	preciserat
olla	olla
födas	födas
påbuden	påbuden
förbehålla	förbehålla
sjöslagen	sjöslagen
säljare	säljare
konverterad	konverterad
konsortier	konsortier
fagott	fagott
rädes	rädes
konservburks	konservburks
lärkas	lärkas
äppelträdet	äppelträdet
spenderande	spenderande
nöjt	nöjt
presenning	presenning
spanjorers	spanjorers
överlevnaden	överlevnaden
diskuteras	diskuteras
tjeckiskans	tjeckiskans
framsäte	framsäte
patenterade	patenterade
badvädret	badvädret
arbetsveckorna	arbetsveckorna
systematiserad	systematiserad
sädesledarens	sädesledarens
legitimitetens	legitimitetens
slickepinnar	slickepinnar
åttondedelars	åttondedelars
utbjuda	utbjuda
redigeringskrigs	redigeringskrigs
funderades	funderades
sök	sök
tillgängliggjord	tillgängliggjord
fegisens	fegisens
årsfest	årsfest
lägge	lägge
antänder	antänder
bokriserna	bokriserna
fängelsehålans	fängelsehålans
tystades	tystades
cabbars	cabbars
altruisters	altruisters
jordreforms	jordreforms
bovs	bovs
lagstiftningens	lagstiftningens
bekräftade	bekräftade
insamlade	insamlade
jobbs	jobbs
förhindra	förhindra
förkunnar	förkunnar
vittnande	vittnande
spelpjäsen	spelpjäsen
doktorsexamens	doktorsexamens
rättfärdiga	rättfärdiga
länderna	länderna
snökedja	snökedja
åsens	åsens
droppade	droppade
noggranne	noggranne
kids	kids
initiativtagarna	initiativtagarna
färgat	färgat
tålmodigt	tålmodigt
förvånas	förvånas
ockupationers	ockupationers
fogad	fogad
diesel	diesel
mös	mös
flögo	flögo
begravde	begravde
avlägsna	avlägsna
svordomars	svordomars
upptäcktsresa	upptäcktsresa
sänd	sänd
arkeologen	arkeologen
berömde	berömde
arvedelen	arvedelen
viktige	viktige
misshandlade	misshandlade
förutsatt	förutsatt
sänt	sänt
läser	läser
kortslutande	kortslutande
allegorin	allegorin
kvaddar	kvaddar
kuddarnas	kuddarnas
kaos	kaos
dyrkad	dyrkad
sörgårdsidyllen	sörgårdsidyllen
halsband	halsband
förmörkade	förmörkade
fångenskapens	fångenskapens
affine	affine
överser	överser
additionerna	additionerna
pagens	pagens
uppfyller	uppfyller
mons	mons
son	son
galleriorna	galleriorna
kålroten	kålroten
barnbördshus	barnbördshus
konfigurerande	konfigurerande
minskar	minskar
kilarna	kilarna
möjliggörande	möjliggörande
utsträcka	utsträcka
lyste	lyste
gross	gross
konfigurera	konfigurera
vandren	vandren
cerebrospinalvätska	cerebrospinalvätska
åran	åran
fäste	fäste
interagerande	interagerande
konvojens	konvojens
ungdomsförbundet	ungdomsförbundet
anlöpte	anlöpte
ellipser	ellipser
barrträd	barrträd
vilddjuret	vilddjuret
mysterier	mysterier
nallens	nallens
förgiftad	förgiftad
leksakerna	leksakerna
pudel	pudel
borgarens	borgarens
fyllda	fyllda
verklighets	verklighets
anrättade	anrättade
korna	korna
pennvässare	pennvässare
nattduksbordets	nattduksbordets
inmatningsfältets	inmatningsfältets
undermenyernas	undermenyernas
substansens	substansens
sändande	sändande
rodnat	rodnat
särkarnas	särkarnas
småländska	småländska
befordran	befordran
ripjaktens	ripjaktens
infiltrerades	infiltrerades
öknamnens	öknamnens
bebodde	bebodde
protestera	protestera
licentiats	licentiats
baltiskt	baltiskt
snöre	snöre
jagad	jagad
kanslisekreterare	kanslisekreterare
tänkares	tänkares
sandades	sandades
dubbelmackorna	dubbelmackorna
raggare	raggare
vålds	vålds
dominikaners	dominikaners
blottat	blottat
terroristen	terroristen
uppfylle	uppfylle
upphävdes	upphävdes
sambands	sambands
altares	altares
ödmjuka	ödmjuka
borgaren	borgaren
åter	åter
åttondelars	åttondelars
tyristorer	tyristorer
fingeravtryckets	fingeravtryckets
transporterande	transporterande
bundne	bundne
korsförhöret	korsförhöret
olivträd	olivträd
fogar	fogar
arkeologens	arkeologens
beskrivningsspråken	beskrivningsspråken
upptagen	upptagen
räkor	räkor
fras	fras
hitlistas	hitlistas
infogad	infogad
rulltårta	rulltårta
skrymtarna	skrymtarna
räddare	räddare
sedvänjor	sedvänjor
sexpacket	sexpacket
ospontane	ospontane
rannsakas	rannsakas
tänker	tänker
penningkistor	penningkistor
fattas	fattas
verke	verke
radavståndets	radavståndets
exponerade	exponerade
flygas	flygas
kronprins	kronprins
gäckade	gäckade
efor	efor
morfism	morfism
arkivariens	arkivariens
racingbanan	racingbanan
oren	oren
ledarsidor	ledarsidor
arbetssätts	arbetssätts
förtryckas	förtryckas
finansmarknaderna	finansmarknaderna
uttalad	uttalad
äggulans	äggulans
knarka	knarka
höjningar	höjningar
lur	lur
fiskades	fiskades
brunbjörnar	brunbjörnar
ministeriers	ministeriers
volten	volten
fågelskådares	fågelskådares
vridande	vridande
äggula	äggula
fattade	fattade
koffertarnas	koffertarnas
elverken	elverken
dissekera	dissekera
konservburkars	konservburkars
mittpunkten	mittpunkten
nittondelar	nittondelar
upphäver	upphäver
dyrkande	dyrkande
selleri	selleri
butikskedja	butikskedja
atommassornas	atommassornas
snödroppens	snödroppens
tågstationerna	tågstationerna
fördelaktiga	fördelaktiga
cypriotiska	cypriotiska
korsförhörens	korsförhörens
skjul	skjul
hörn	hörn
klövs	klövs
substrat	substrat
kedjehusets	kedjehusets
sålde	sålde
sälj	sälj
nästen	nästen
stjärten	stjärten
dräpt	dräpt
nattklubb	nattklubb
täcka	täcka
tillgänglighet	tillgänglighet
antänd	antänd
vilddjurs	vilddjurs
pingis	pingis
ordstävets	ordstävets
nitälskan	nitälskan
indikerad	indikerad
tjäne	tjäne
dunstats	dunstats
aktivismen	aktivismen
faktisk	faktisk
hörda	hörda
lagades	lagades
torkare	torkare
eftersträvar	eftersträvar
korsfästa	korsfästa
kolväten	kolväten
sexpacks	sexpacks
hyresnämnderna	hyresnämnderna
kuddarna	kuddarna
hjälpsamma	hjälpsamma
spisoffret	spisoffret
ljudlöse	ljudlöse
förordnandenas	förordnandenas
byrådirektör	byrådirektör
renat	renat
glidyta	glidyta
svindel	svindel
hämtats	hämtats
skottdagen	skottdagen
lösare	lösare
korskrankens	korskrankens
ambassadsekreterarnas	ambassadsekreterarnas
doktorsavhandling	doktorsavhandling
kutar	kutar
barka	barka
antikvarier	antikvarier
assisterade	assisterade
bytas	bytas
ackuschören	ackuschören
upptagnast	upptagnast
lösande	lösande
bokrisen	bokrisen
daggkåpan	daggkåpan
örfilarna	örfilarna
ringe	ringe
älgar	älgar
grindarna	grindarna
potentielle	potentielle
vidlyftig	vidlyftig
halsbanden	halsbanden
datavetenskap	datavetenskap
utvandrade	utvandrade
ödmjuk	ödmjuk
gelés	gelés
polera	polera
funna	funna
oändlig	oändlig
roa	roa
svepts	svepts
löste	löste
krokodilen	krokodilen
modernast	modernast
basta	basta
slidans	slidans
lövträdets	lövträdets
vandrarna	vandrarna
blåmesarnas	blåmesarnas
ekobrottet	ekobrottet
föräldralösa	föräldralösa
förgiftade	förgiftade
överlever	överlever
uppmanande	uppmanande
sanera	sanera
säljen	säljen
stötande	stötande
interagera	interagera
specialtecken	specialtecken
renades	renades
könsnorm	könsnorm
årtusendes	årtusendes
dissars	dissars
batteriholken	batteriholken
torts	torts
oboerna	oboerna
gorillor	gorillor
markörerna	markörerna
rulltårtan	rulltårtan
cichlids	cichlids
fiskmaten	fiskmaten
köksön	köksön
inägorna	inägorna
systersonen	systersonen
korsfästande	korsfästande
svängdes	svängdes
oxens	oxens
joden	joden
stött	stött
fanfaronaders	fanfaronaders
plommons	plommons
viktiga	viktiga
garantifond	garantifond
utgörande	utgörande
ungkarlens	ungkarlens
fördelaktig	fördelaktig
myste	myste
åskådar	åskådar
tjeckiskorna	tjeckiskorna
skrinlägger	skrinlägger
matchs	matchs
släktes	släktes
kakkalas	kakkalas
känd	känd
lärd	lärd
lamans	lamans
particips	particips
förleder	förleder
ax	ax
bröades	bröades
fyllde	fyllde
fatta	fatta
arkiverats	arkiverats
blåmes	blåmes
dunstar	dunstar
grindarnas	grindarnas
förhandlar	förhandlar
önskningarna	önskningarna
långtradaren	långtradaren
pudels	pudels
flydde	flydde
klöven	klöven
klätt	klätt
blottats	blottats
upplyses	upplyses
kapitalisterna	kapitalisterna
garantifonden	garantifonden
satsar	satsar
halvimperialen	halvimperialen
psykologers	psykologers
maskros	maskros
sutenören	sutenören
bildsidan	bildsidan
stenas	stenas
eforn	eforn
kontrabas	kontrabas
eldgaffelns	eldgaffelns
agitatorns	agitatorns
rättvisans	rättvisans
slagverkares	slagverkares
prissumman	prissumman
afrikanskan	afrikanskan
plusteckens	plusteckens
davnad	davnad
paketerar	paketerar
vilt	vilt
sidensvansar	sidensvansar
antropologin	antropologin
sy	sy
rumänen	rumänen
homogene	homogene
utbytena	utbytena
emigrerade	emigrerade
grandets	grandets
affin	affin
dropp	dropp
stötte	stötte
klon	klon
nonanet	nonanet
bevisad	bevisad
konungadömens	konungadömens
påbudens	påbudens
bajskorven	bajskorven
enar	enar
kombinerar	kombinerar
ansträng	ansträng
fruktan	fruktan
stativ	stativ
cellulosanitrat	cellulosanitrat
beställs	beställs
lodjuret	lodjuret
oscillations	oscillations
givna	givna
förgätas	förgätas
kufarna	kufarna
blidkad	blidkad
odjuret	odjuret
ändligdimensionelle	ändligdimensionelle
deister	deister
flunsorna	flunsorna
höre	höre
avhärvlade	avhärvlade
handläggare	handläggare
kabinettssekreterare	kabinettssekreterare
procentenheten	procentenheten
determinant	determinant
jordbävnings	jordbävnings
essenserna	essenserna
beskyddarens	beskyddarens
genomslaget	genomslaget
maskuliner	maskuliner
valrossars	valrossars
tröghet	tröghet
uddens	uddens
korsfästs	korsfästs
beställda	beställda
påbud	påbud
avlagde	avlagde
ordningens	ordningens
anklagar	anklagar
stridsmedel	stridsmedel
relaterar	relaterar
musikinstruments	musikinstruments
sexhörningarnas	sexhörningarnas
surjektionens	surjektionens
basketbollar	basketbollar
oskadliggör	oskadliggör
maskrosen	maskrosen
kemikaliens	kemikaliens
utplånande	utplånande
dubbelmacka	dubbelmacka
yla	yla
packets	packets
kattdjuret	kattdjuret
rekommenderade	rekommenderade
klaffels	klaffels
stiftades	stiftades
förtäre	förtäre
ordnings	ordnings
frisörens	frisörens
indoktrinerings	indoktrinerings
hajande	hajande
linets	linets
säkrast	säkrast
översikts	översikts
fotgängarna	fotgängarna
utföras	utföras
slickepinnens	slickepinnens
fästena	fästena
5-öring	5-öring
fackverk	fackverk
surdegen	surdegen
fördärvet	fördärvet
huvars	huvars
chipspåsars	chipspåsars
rodna	rodna
pack	pack
stjäle	stjäle
blottade	blottade
beryll	beryll
nämner	nämner
fakulteternas	fakulteternas
bedrövas	bedrövas
såga	såga
kulminerar	kulminerar
våld	våld
äppelträds	äppelträds
nigande	nigande
köpingen	köpingen
sjungits	sjungits
transporterade	transporterade
smaragders	smaragders
förhindrats	förhindrats
levererade	levererade
deisters	deisters
kirrande	kirrande
lämpas	lämpas
korniskan	korniskan
arkivrådens	arkivrådens
beskärt	beskärt
bevarad	bevarad
såpbubblors	såpbubblors
kaktus	kaktus
överseende	överseende
provisoriets	provisoriets
pennalens	pennalens
ringmuskels	ringmuskels
vinterdäckets	vinterdäckets
preciserade	preciserade
könsnormer	könsnormer
bilagorna	bilagorna
böjs	böjs
asbest	asbest
förkortningarna	förkortningarna
består	består
jodens	jodens
eldgaffel	eldgaffel
tjugofemöringarna	tjugofemöringarna
samfund	samfund
utsträcker	utsträcker
omdefinierades	omdefinierades
oxideras	oxideras
slagverkaren	slagverkaren
enslinjerna	enslinjerna
förfars	förfars
lägsta	lägsta
överleva	överleva
åra	åra
givet	givet
borrar	borrar
trugat	trugat
kulsprutas	kulsprutas
köksöars	köksöars
insamlande	insamlande
sköter	sköter
fingeravtrycks	fingeravtrycks
törsta	törsta
krockarnas	krockarnas
ögonglobs	ögonglobs
kokar	kokar
getingars	getingars
tröstas	tröstas
bergochdalbanors	bergochdalbanors
fåtölj	fåtölj
delgrupp	delgrupp
förvarade	förvarade
villig	villig
ringmuskelns	ringmuskelns
judoutövares	judoutövares
skörtet	skörtet
embarkeringskortets	embarkeringskortets
tumnagel	tumnagel
isotoner	isotoner
gärningsmannen	gärningsmannen
vittnesbörden	vittnesbörden
utträdesarbete	utträdesarbete
allegorier	allegorier
karoliners	karoliners
efterfrågan	efterfrågan
förenar	förenar
bebott	bebott
sköt	sköt
nöjer	nöjer
upptäcktsresas	upptäcktsresas
utgöra	utgöra
matchen	matchen
uppmana	uppmana
cerebrospinalvätskans	cerebrospinalvätskans
visheten	visheten
moppars	moppars
varen	varen
förtövande	förtövande
lövträdet	lövträdet
tumnagelns	tumnagelns
luffarens	luffarens
berömts	berömts
renar	renar
åtalas	åtalas
indiskorna	indiskorna
diarieför	diarieför
lavs	lavs
lärda	lärda
restaurerar	restaurerar
bordlägga	bordlägga
släktens	släktens
gångjärnens	gångjärnens
vindhålets	vindhålets
ratificera	ratificera
stötas	stötas
ruinera	ruinera
kristadelfians	kristadelfians
falsifierade	falsifierade
blottar	blottar
blotta	blotta
tvilling	tvilling
arrendena	arrendena
dyrkas	dyrkas
stadsbiblioteks	stadsbiblioteks
löse	löse
möjliggjordes	möjliggjordes
linslusar	linslusar
formande	formande
X-kromosom	X-kromosom
läs	läs
krattors	krattors
preliminäre	preliminäre
tremänningen	tremänningen
förmörkat	förmörkat
roten	roten
spritt	spritt
ledarsidorna	ledarsidorna
galningen	galningen
kläckt	kläckt
förtvivlat	förtvivlat
dirigistiskt	dirigistiskt
utbytes	utbytes
passusens	passusens
bryggkaffets	bryggkaffets
svastikornas	svastikornas
möers	möers
hörare	hörare
epiteten	epiteten
fjortondel	fjortondel
jordskreds	jordskreds
skämtsamt	skämtsamt
skymmas	skymmas
anpassningars	anpassningars
påbudet	påbudet
tryckande	tryckande
systerson	systerson
pråmars	pråmars
rymdfysikens	rymdfysikens
baltisk	baltisk
modet	modet
massförstörelsevapens	massförstörelsevapens
sökas	sökas
blidkas	blidkas
homograferna	homograferna
rättfärdigas	rättfärdigas
munskänken	munskänken
kommutatorn	kommutatorn
påvisat	påvisat
5-öringens	5-öringens
jeeparnas	jeeparnas
vägrade	vägrade
mötande	mötande
deklarera	deklarera
barntårs	barntårs
doktriners	doktriners
uppfyllda	uppfyllda
ettstrukna	ettstrukna
metern	metern
finskors	finskors
döve	döve
författningen	författningen
landstingsråds	landstingsråds
försvunna	försvunna
öppnats	öppnats
sädesledaren	sädesledaren
äggulor	äggulor
holländska	holländska
preciseras	preciseras
kexets	kexets
episteln	episteln
stiftas	stiftas
clowneri	clowneri
dödsfalls	dödsfalls
50-öringarna	50-öringarna
bältets	bältets
kompletterade	kompletterade
pages	pages
delade	delade
korsord	korsord
koncentrerande	koncentrerande
terrorismens	terrorismens
förundren	förundren
begrundades	begrundades
disponeras	disponeras
sudda	sudda
befordrans	befordrans
väljares	väljares
vattenplanings	vattenplanings
förutsätts	förutsätts
marinbiologin	marinbiologin
sändas	sändas
svensexors	svensexors
lexikografiska	lexikografiska
skötte	skötte
kaoset	kaoset
federationer	federationer
dörjande	dörjande
fagottisten	fagottisten
halshugga	halshugga
vinklades	vinklades
minska	minska
lärde	lärde
utträdesarbetet	utträdesarbetet
a-kassornas	a-kassornas
atomfysik	atomfysik
adelssläkt	adelssläkt
fotoners	fotoners
gravvårdarnas	gravvårdarnas
täckte	täckte
rappande	rappande
docerande	docerande
täckta	täckta
livstids	livstids
åttondels	åttondels
ässen	ässen
atomfysikens	atomfysikens
utbjudande	utbjudande
ambassadsekreteraren	ambassadsekreteraren
kvantiteter	kvantiteter
härdsmältans	härdsmältans
utkommen	utkommen
kroppsvätskans	kroppsvätskans
derivatas	derivatas
katalansk	katalansk
tigs	tigs
tålmodiga	tålmodiga
betecknat	betecknat
saltstångs	saltstångs
täckt	täckt
gladd	gladd
cykelpump	cykelpump
additionens	additionens
kabinettssekreteraren	kabinettssekreteraren
föden	föden
historiska	historiska
tatuerares	tatuerares
fyllen	fyllen
snedstrecks	snedstrecks
akvarellmålare	akvarellmålare
förlät	förlät
intressera	intressera
åklagar	åklagar
ryggsimmet	ryggsimmet
åtgärdsbedömningar	åtgärdsbedömningar
fungerar	fungerar
vilde	vilde
ondast	ondast
påves	påves
kommutatorns	kommutatorns
skötet	skötet
byrådirektörer	byrådirektörer
blödas	blödas
tensorns	tensorns
kokosnötters	kokosnötters
embarkeringskortens	embarkeringskortens
kejsarens	kejsarens
saltstången	saltstången
verkligheten	verkligheten
traditionelle	traditionelle
polarforsknings	polarforsknings
kristadelfianernas	kristadelfianernas
ståndens	ståndens
morgonsofforna	morgonsofforna
landstingsdirektörens	landstingsdirektörens
nittondels	nittondels
används	används
elektricitet	elektricitet
cykelpumparna	cykelpumparna
återstodo	återstodo
palindromers	palindromers
tågats	tågats
förtrycker	förtrycker
åtnjuta	åtnjuta
finsko	finsko
skotsk	skotsk
bronsmedaljen	bronsmedaljen
vattenkannans	vattenkannans
jonisk	jonisk
ettstrukne	ettstrukne
obetalbar	obetalbar
kämpad	kämpad
hajade	hajade
utgjorde	utgjorde
förvånade	förvånade
doktrins	doktrins
sydnäktergalarnas	sydnäktergalarnas
pråmar	pråmar
hitlistornas	hitlistornas
justitiekanslerns	justitiekanslerns
galningars	galningars
snarast	snarast
sjudande	sjudande
utökas	utökas
snökedjorna	snökedjorna
massförstörelsevapen	massförstörelsevapen
gräslöken	gräslöken
rökrutas	rökrutas
droppen	droppen
öppnat	öppnat
berömmande	berömmande
hons	hons
tillgodogöra	tillgodogöra
kloner	kloner
psykologs	psykologs
disponerad	disponerad
blidkats	blidkats
judoutövaren	judoutövaren
gravvårdar	gravvårdar
pennalen	pennalen
landstingsdirektören	landstingsdirektören
simbassängens	simbassängens
attackeras	attackeras
bestämmande	bestämmande
givandets	givandets
dämpare	dämpare
förtryckts	förtryckts
årorna	årorna
tretalets	tretalets
luftmassan	luftmassan
massakern	massakern
ketonerna	ketonerna
röding	röding
musikliv	musikliv
sköts	sköts
ispravniks	ispravniks
kronologiska	kronologiska
övergåvo	övergåvo
skalärprodukter	skalärprodukter
raggarna	raggarna
avhärvlat	avhärvlat
anställs	anställs
julaftnarnas	julaftnarnas
misshandlas	misshandlas
hämma	hämma
lugg	lugg
kulsprutor	kulsprutor
statschefers	statschefers
fullbordan	fullbordan
isters	isters
anlöpta	anlöpta
existentiellt	existentiellt
trombs	trombs
bromsat	bromsat
gravvårdars	gravvårdars
förvånande	förvånande
rödingars	rödingars
ackuschör	ackuschör
debattören	debattören
kokas	kokas
utvandrande	utvandrande
tig	tig
pilsners	pilsners
dräptes	dräptes
svavelstickas	svavelstickas
mitokondries	mitokondries
anpassningar	anpassningar
påbuds	påbuds
förstår	förstår
svavelväte	svavelväte
fritös	fritös
marinbiologers	marinbiologers
nyponen	nyponen
leverera	leverera
gemaket	gemaket
abonnemangsavgifts	abonnemangsavgifts
trugad	trugad
konsekventa	konsekventa
bedrivet	bedrivet
mustascherna	mustascherna
porren	porren
förenklar	förenklar
ryggsäckens	ryggsäckens
försvunno	försvunno
justeras	justeras
uppställde	uppställde
citronsyran	citronsyran
könskromosomernas	könskromosomernas
slickepinnes	slickepinnes
beställde	beställde
bordläggande	bordläggande
varieras	varieras
holonym	holonym
lexikografisk	lexikografisk
transaktioner	transaktioner
närståendes	närståendes
repmånader	repmånader
fira	fira
hakar	hakar
oxars	oxars
glåporden	glåporden
kokade	kokade
bastet	bastet
påvisar	påvisar
skriftligt	skriftligt
fegisars	fegisars
invigen	invigen
berömma	berömma
länsledningens	länsledningens
utfärdat	utfärdat
bridge	bridge
sålden	sålden
duad	duad
reklamationen	reklamationen
modets	modets
görare	görare
censors	censors
domäns	domäns
underavdelningars	underavdelningars
hotfull	hotfull
söka	söka
bestå	bestå
surdegarna	surdegarna
gäsparna	gäsparna
uppställa	uppställa
kvantifierar	kvantifierar
rövande	rövande
smaragden	smaragden
tryckas	tryckas
gömde	gömde
ordstäv	ordstäv
böjen	böjen
undantagna	undantagna
utsändas	utsändas
upptäckte	upptäckte
kantrar	kantrar
kompilerats	kompilerats
trycks	trycks
malströmmar	malströmmar
minimera	minimera
rättvisan	rättvisan
redigeringskrig	redigeringskrig
könskromosom	könskromosom
stadsbibliotek	stadsbibliotek
indoktrinera	indoktrinera
spelpjäserna	spelpjäserna
trädstammens	trädstammens
årornas	årornas
dyrkades	dyrkades
oxarna	oxarna
överdomstolen	överdomstolen
butikskedjor	butikskedjor
nämna	nämna
planeras	planeras
gräte	gräte
undkom	undkom
årors	årors
amperena	amperena
beteckna	beteckna
fakultet	fakultet
vårdkasarna	vårdkasarna
fatet	fatet
bagerier	bagerier
dömda	dömda
utsträcks	utsträcks
kombinerat	kombinerat
samvetena	samvetena
radiostationen	radiostationen
förspel	förspel
framsteg	framsteg
kontrasterades	kontrasterades
rötmånaders	rötmånaders
obetalbara	obetalbara
åskvädren	åskvädren
barnbördshuset	barnbördshuset
föreställ	föreställ
ögonglobers	ögonglobers
ellipsen	ellipsen
bedrivne	bedrivne
datavetenskapens	datavetenskapens
glåpords	glåpords
blankstegen	blankstegen
klämdagarna	klämdagarna
etiketterna	etiketterna
svågers	svågers
snöres	snöres
murare	murare
studiet	studiet
nobelpristagares	nobelpristagares
spanjors	spanjors
anställd	anställd
väljen	väljen
vattenplaningen	vattenplaningen
skickade	skickade
sutenörens	sutenörens
anklagades	anklagades
duka	duka
index	index
årsfester	årsfester
gendriver	gendriver
trollade	trollade
beröm	beröm
korn	korn
radiostationens	radiostationens
initiativtagares	initiativtagares
regleringsbrev	regleringsbrev
glädjas	glädjas
departementsråds	departementsråds
tysthetens	tysthetens
stödstrumpors	stödstrumpors
jugoslaviskorna	jugoslaviskorna
våte	våte
barberad	barberad
flädermärgskulornas	flädermärgskulornas
lagstiftningar	lagstiftningar
undkomma	undkomma
porträtterad	porträtterad
byrådirektören	byrådirektören
bordas	bordas
oskadliggjorde	oskadliggjorde
mentor	mentor
firad	firad
återbesöken	återbesöken
framstegen	framstegen
besöka	besöka
borrats	borrats
småländskan	småländskan
femöring	femöring
döva	döva
svepande	svepande
klaffelen	klaffelen
hycklarnas	hycklarnas
stöttes	stöttes
inropen	inropen
konsortiets	konsortiets
mysande	mysande
felfortplantningen	felfortplantningen
vädurarna	vädurarna
arresterar	arresterar
bereder	bereder
rädd	rädd
beställningsarbetes	beställningsarbetes
fördärven	fördärven
förenklad	förenklad
ospontant	ospontant
fraser	fraser
fordren	fordren
flyttar	flyttar
refererande	refererande
ösregns	ösregns
participet	participet
kloriderna	kloriderna
blattarna	blattarna
drängen	drängen
rekommenderat	rekommenderat
färgad	färgad
kolgruvors	kolgruvors
varulvs	varulvs
niga	niga
örfilarnas	örfilarnas
platåerna	platåerna
ljudlös	ljudlös
naturvårds	naturvårds
infiltreras	infiltreras
censor	censor
bastat	bastat
argentinskans	argentinskans
fängelsehålorna	fängelsehålorna
jaga	jaga
gravitationens	gravitationens
smyckena	smyckena
konsekvente	konsekvente
departementschefens	departementschefens
åten	åten
omnämnandenas	omnämnandenas
utsträckt	utsträckt
vädur	vädur
blöt	blöt
epitets	epitets
fattades	fattades
utfärdades	utfärdades
slakta	slakta
fonons	fonons
monsunernas	monsunernas
tvivla	tvivla
källingars	källingars
mårkorna	mårkorna
trakasserat	trakasserat
lin	lin
altaret	altaret
homofons	homofons
extentor	extentor
fyllas	fyllas
tävlingsbanors	tävlingsbanors
barrskog	barrskog
beskriver	beskriver
seds	seds
bytande	bytande
förhandlad	förhandlad
tyngste	tyngste
skärvors	skärvors
fornengelskan	fornengelskan
rovets	rovets
X-kromosomens	X-kromosomens
tyglades	tyglades
förundran	förundran
rättfärdigade	rättfärdigade
kraftkabeln	kraftkabeln
förståndets	förståndets
beskrivningsspråk	beskrivningsspråk
åtnjutas	åtnjutas
intrångs	intrångs
oxiderande	oxiderande
oxidationstal	oxidationstal
översedd	översedd
trollas	trollas
kartografisk	kartografisk
förstörda	förstörda
kräftans	kräftans
rödhaken	rödhaken
stjälen	stjälen
förbehåller	förbehåller
bilägger	bilägger
upplöst	upplöst
snedstreck	snedstreck
skottdags	skottdags
rörmokaren	rörmokaren
brunbjörnarna	brunbjörnarna
elektriciteten	elektriciteten
indoktrineras	indoktrineras
tillkommelsens	tillkommelsens
chipspåsarnas	chipspåsarnas
uteslöts	uteslöts
fångenskaps	fångenskaps
slipas	slipas
barntås	barntås
fördömda	fördömda
filtren	filtren
nickas	nickas
matlagningen	matlagningen
drogerna	drogerna
energifrågor	energifrågor
livslängden	livslängden
bovarna	bovarna
blåhakarna	blåhakarna
anglicismen	anglicismen
pennvässares	pennvässares
ratas	ratas
sökt	sökt
citrusfrukten	citrusfrukten
kommandoknapps	kommandoknapps
roande	roande
ystats	ystats
förkunnas	förkunnas
ögonhålornas	ögonhålornas
åte	åte
bildordboken	bildordboken
sedeslöshet	sedeslöshet
älg	älg
finansmarknadens	finansmarknadens
singlas	singlas
statschefer	statschefer
bevisande	bevisande
gemak	gemak
återbesöket	återbesöket
bigamis	bigamis
linslusens	linslusens
spårade	spårade
tänkte	tänkte
bollklubbens	bollklubbens
domän	domän
olivträdets	olivträdets
limpans	limpans
skärva	skärva
upptäcks	upptäcks
golfklubbens	golfklubbens
avbildades	avbildades
stadsstadgan	stadsstadgan
anställdes	anställdes
benämnande	benämnande
polygonen	polygonen
homeopatis	homeopatis
flöge	flöge
talat	talat
undantagen	undantagen
anglicism	anglicism
tystad	tystad
etiketten	etiketten
använde	använde
sjöds	sjöds
förstods	förstods
flyttats	flyttats
fästande	fästande
mikrofonens	mikrofonens
firas	firas
telegrafis	telegrafis
talade	talade
besviken	besviken
kvantifierade	kvantifierade
bosatte	bosatte
blödd	blödd
arbetskamraterna	arbetskamraterna
formas	formas
musikinstrument	musikinstrument
begravt	begravt
fördömen	fördömen
fat	fat
avståndet	avståndet
lämpande	lämpande
indoktrineringen	indoktrineringen
lokaliserades	lokaliserades
mustasch	mustasch
busschaufförerna	busschaufförerna
gifta	gifta
grymmare	grymmare
åts	åts
ballonger	ballonger
bältes	bältes
vrida	vrida
ystades	ystades
satsa	satsa
knäveckets	knäveckets
gorillas	gorillas
cichliders	cichliders
jeepars	jeepars
arrestera	arrestera
odjurets	odjurets
hämtar	hämtar
existentielle	existentielle
laktosintolerant	laktosintolerant
förstörs	förstörs
holonymens	holonymens
steningar	steningar
frukte	frukte
kantrad	kantrad
gören	gören
barkas	barkas
pila	pila
allmänspråklige	allmänspråklige
stridsmedlen	stridsmedlen
magsmärta	magsmärta
genade	genade
förkunnat	förkunnat
musikallåtar	musikallåtar
dubbelklickar	dubbelklickar
ventilers	ventilers
komiker	komiker
intellektuella	intellektuella
löst	löst
inmatningsfältet	inmatningsfältet
julaftonens	julaftonens
provocerade	provocerade
peruanen	peruanen
redaktionssekreteraren	redaktionssekreteraren
undervattensbåts	undervattensbåts
ispravniken	ispravniken
överlevnad	överlevnad
vises	vises
automatiska	automatiska
utbudet	utbudet
ytterörats	ytterörats
käre	käre
förtvivla	förtvivla
undersöka	undersöka
fordran	fordran
göras	göras
hämmas	hämmas
gödda	gödda
arrendes	arrendes
dörjade	dörjade
mitokondriers	mitokondriers
villkor	villkor
absiderna	absiderna
återlämnande	återlämnande
klämdag	klämdag
muggen	muggen
vattenkannas	vattenkannas
pilar	pilar
lärkorna	lärkorna
lös	lös
stöta	stöta
mäter	mäter
sporde	sporde
albanskas	albanskas
narkomanens	narkomanens
översikt	översikt
sexpacken	sexpacken
klädd	klädd
buks	buks
ringarna	ringarna
förenklats	förenklats
nynorskans	nynorskans
papperskniv	papperskniv
tjänarna	tjänarna
öppnande	öppnande
ollades	ollades
presenningen	presenningen
domänens	domänens
antimaterian	antimaterian
emigreras	emigreras
fatte	fatte
raggmunk	raggmunk
porträtterade	porträtterade
nagellackets	nagellackets
vattna	vattna
gestaltningars	gestaltningars
upptagne	upptagne
vinylskiva	vinylskiva
vinklande	vinklande
pluskvamperfekten	pluskvamperfekten
uttagning	uttagning
signera	signera
låter	låter
förgjort	förgjort
diss	diss
klistra	klistra
anrättningar	anrättningar
korsfäst	korsfäst
ringaren	ringaren
bronsmedaljs	bronsmedaljs
mårkor	mårkor
affint	affint
citrusfrukters	citrusfrukters
derivatorna	derivatorna
filter	filter
dalarna	dalarna
killingarnas	killingarnas
fästenas	fästenas
länders	länders
depå	depå
erinrade	erinrade
beaktandeledens	beaktandeledens
ödmjuke	ödmjuke
jordbävningen	jordbävningen
saknas	saknas
vetet	vetet
vinterdäck	vinterdäck
kronologiske	kronologiske
lästes	lästes
retstickor	retstickor
koret	koret
sedvänja	sedvänja
fria	fria
kommuterar	kommuterar
grossen	grossen
prutten	prutten
anarkister	anarkister
signalementet	signalementet
droppat	droppat
friat	friat
förtövades	förtövades
mjölksyras	mjölksyras
pärmars	pärmars
såpbubblorna	såpbubblorna
höjningars	höjningars
kvantifiera	kvantifiera
gångjärn	gångjärn
krypta	krypta
mentorer	mentorer
vattenkonster	vattenkonster
oxidationstalet	oxidationstalet
förkortningens	förkortningens
krondiken	krondiken
delat	delat
bröade	bröade
prissummas	prissummas
bevarades	bevarades
trädstammen	trädstammen
koncentrera	koncentrera
givandet	givandet
blattes	blattes
mött	mött
kriteriet	kriteriet
lokaliserad	lokaliserad
rötmånadernas	rötmånadernas
meddelade	meddelade
avlagda	avlagda
kommunicera	kommunicera
diarieförande	diarieförande
bildsidor	bildsidor
funno	funno
bältens	bältens
trycker	trycker
förmörkades	förmörkades
arkivarierna	arkivarierna
odjur	odjur
kokades	kokades
nattduksbordet	nattduksbordet
murarens	murarens
äppelmos	äppelmos
sitt	sitt
kostande	kostande
löjtnantens	löjtnantens
automatiskt	automatiskt
annandagens	annandagens
elektronhjärnas	elektronhjärnas
underavdelningarnas	underavdelningarnas
dubbelklickets	dubbelklickets
använd	använd
kufen	kufen
kirrade	kirrade
möttes	möttes
konstartens	konstartens
framsäten	framsäten
debattörerna	debattörerna
tennislaget	tennislaget
akvarellmålares	akvarellmålares
comebackerna	comebackerna
vävstolens	vävstolens
embarkeringskort	embarkeringskort
inrop	inrop
svordom	svordom
omdefinierar	omdefinierar
ordlistor	ordlistor
agitatorer	agitatorer
suddar	suddar
nyårsaftonen	nyårsaftonen
skånken	skånken
flunsors	flunsors
defenestrerad	defenestrerad
egyptologins	egyptologins
fäst	fäst
skrymtan	skrymtan
asgarvar	asgarvar
berylls	berylls
cabbarna	cabbarna
torkarnas	torkarnas
departementssekreterarens	departementssekreterarens
chilenares	chilenares
altruistisk	altruistisk
skatbo	skatbo
fåtöljen	fåtöljen
halvimperials	halvimperials
nejlikornas	nejlikornas
påvars	påvars
ringare	ringare
snöret	snöret
räkornas	räkornas
nästes	nästes
translationer	translationer
provisorierna	provisorierna
bestämmer	bestämmer
alkoholismens	alkoholismens
örtagårdars	örtagårdars
hållplats	hållplats
markörers	markörers
ryggsäcken	ryggsäcken
örtagård	örtagård
bakhåll	bakhåll
smittskydd	smittskydd
fattar	fattar
defenestrerat	defenestrerat
väduren	väduren
talats	talats
utspelad	utspelad
asgarvande	asgarvande
förflyttningarnas	förflyttningarnas
pärms	pärms
räknestickors	räknestickors
tågades	tågades
besiktigades	besiktigades
repmånaden	repmånaden
förmörka	förmörka
fallera	fallera
högskolelagarna	högskolelagarna
svågrarnas	svågrarnas
verket	verket
snar	snar
släktets	släktets
hjälpsam	hjälpsam
pluskvamperfekt	pluskvamperfekt
cykelhandlares	cykelhandlares
kroppsvätskors	kroppsvätskors
vindhåls	vindhåls
kvaddas	kvaddas
blixtnedslaget	blixtnedslaget
byråassistenterna	byråassistenterna
tremänningarna	tremänningarna
qvald	qvald
användande	användande
ymnighets	ymnighets
oxe	oxe
värmebehandlat	värmebehandlat
bakhålls	bakhålls
förgjorde	förgjorde
blottas	blottas
bilagornas	bilagornas
flata	flata
fjäderbrickans	fjäderbrickans
spenderar	spenderar
cellulosanitrats	cellulosanitrats
polygonernas	polygonernas
badvädrets	badvädrets
födda	födda
klövens	klövens
signalement	signalement
åskväder	åskväder
respekterades	respekterades
grundämnet	grundämnet
antändande	antändande
bombarderades	bombarderades
halshuggande	halshuggande
bergochdalbanorna	bergochdalbanorna
fogat	fogat
överblickas	överblickas
tensorer	tensorer
modedockan	modedockan
peruans	peruans
känden	känden
webbplatser	webbplatser
knackas	knackas
omstrukturerades	omstrukturerades
kedjehus	kedjehus
utför	utför
utgjordes	utgjordes
dyrkade	dyrkade
uppenbarande	uppenbarande
särk	särk
tagen	tagen
tryckte	tryckte
guldfiskarna	guldfiskarna
monsuners	monsuners
talas	talas
historisk	historisk
clowneriet	clowneriet
kombinerad	kombinerad
kulsprutorna	kulsprutorna
fajtens	fajtens
inrätta	inrätta
lagstiftningen	lagstiftningen
skickad	skickad
örlogsskolor	örlogsskolor
arkiverad	arkiverad
modedockorna	modedockorna
kuddars	kuddars
flyttas	flyttas
besök	besök
använda	använda
patrullerar	patrullerar
omnämnandes	omnämnandes
homografens	homografens
vishets	vishets
sedens	sedens
trakassera	trakassera
blottande	blottande
davnas	davnas
källingen	källingen
utrikespolitiks	utrikespolitiks
dirigistiske	dirigistiske
vare	vare
oscillation	oscillation
studium	studium
mustens	mustens
fästas	fästas
bokmärken	bokmärken
suspensoarens	suspensoarens
ambassadsekreterares	ambassadsekreterares
antimaterias	antimaterias
krokodilers	krokodilers
socialförsäkringsministrar	socialförsäkringsministrar
knarkats	knarkats
dräp	dräp
meterna	meterna
korskrank	korskrank
racingbanors	racingbanors
högskolestyrelses	högskolestyrelses
Fourierserier	Fourierserier
förfrågans	förfrågans
isotonens	isotonens
duetts	duetts
signerade	signerade
extentans	extentans
fallerar	fallerar
holländsk	holländsk
satt	satt
tillgängliggörs	tillgängliggörs
komikers	komikers
arvedelar	arvedelar
borrmaskinens	borrmaskinens
egyptierna	egyptierna
uppfyllen	uppfyllen
dövt	dövt
finländaren	finländaren
simbassängernas	simbassängernas
skörten	skörten
rättshaverist	rättshaverist
retades	retades
grundämne	grundämne
munskänkar	munskänkar
fagotts	fagotts
stridsmedels	stridsmedels
lösts	lösts
duetterna	duetterna
drogens	drogens
expanderas	expanderas
örtagårdar	örtagårdar
spåra	spåra
modernt	modernt
befästas	befästas
dominerad	dominerad
ond	ond
vits	vits
tvillings	tvillings
vitsars	vitsars
svågrars	svågrars
a-kassa	a-kassa
länsledningar	länsledningar
rötternas	rötternas
ponerad	ponerad
minimum	minimum
kolvätets	kolvätets
fagottisterna	fagottisterna
begrundas	begrundas
svavelvätes	svavelvätes
sjöbods	sjöbods
svågern	svågern
löjtnanten	löjtnanten
bränns	bränns
pärlugglor	pärlugglor
plommon	plommon
nyanseras	nyanseras
syrgasen	syrgasen
tvillingar	tvillingar
sidensvans	sidensvans
marinbiologis	marinbiologis
expanderade	expanderade
rötter	rötter
linjekartor	linjekartor
kröner	kröner
qvadrater	qvadrater
ruinerande	ruinerande
undervattensbåtars	undervattensbåtars
elddop	elddop
öppna	öppna
förkunnades	förkunnades
minimumet	minimumet
äggulors	äggulors
substraten	substraten
korsordet	korsordet
efterfrågans	efterfrågans
uppvärmning	uppvärmning
kexet	kexet
atommassor	atommassor
protesterad	protesterad
vinrankans	vinrankans
utfärdar	utfärdar
bordat	bordat
pilsnerns	pilsnerns
förnimmande	förnimmande
bränna	bränna
försynen	försynen
kvällstidningarnas	kvällstidningarnas
mikroelektronikens	mikroelektronikens
marinbiologs	marinbiologs
hon	hon
ytteröra	ytteröra
altruistiskt	altruistiskt
upplösande	upplösande
tänkare	tänkare
ryggsims	ryggsims
retirerat	retirerat
eolsharpors	eolsharpors
lavarnas	lavarnas
handlägg	handlägg
malströmmarna	malströmmarna
överdomstols	överdomstols
börja	börja
nejlikan	nejlikan
tranbärs	tranbärs
flunsa	flunsa
släkten	släkten
fästens	fästens
påve	påve
kursfordran	kursfordran
killingarna	killingarna
palindroms	palindroms
talades	talades
kela	kela
tungt	tungt
trigonometri	trigonometri
mötas	mötas
tyglas	tyglas
omdefinierande	omdefinierande
jugoslaviskor	jugoslaviskor
tyristorerna	tyristorerna
förstören	förstören
manchesters	manchesters
energikälla	energikälla
granden	granden
namne	namne
essensers	essensers
överraskas	överraskas
bilagt	bilagt
brassades	brassades
läggen	läggen
åttondedelar	åttondedelar
uppfylls	uppfylls
fiskmatens	fiskmatens
förflyttningar	förflyttningar
tegs	tegs
arbetskamrat	arbetskamrat
stärkas	stärkas
webbplats	webbplats
befästa	befästa
stickmygga	stickmygga
sänds	sänds
inspekterat	inspekterat
havererade	havererade
kapitalisternas	kapitalisternas
antydde	antydde
återbesökets	återbesökets
syrgas	syrgas
regenter	regenter
specialtecknets	specialtecknets
svängande	svängande
nattduksbord	nattduksbord
anfangers	anfangers
tryckarens	tryckarens
antropologins	antropologins
dubbelklicka	dubbelklicka
hören	hören
assisterad	assisterad
golfklubbs	golfklubbs
docerade	docerade
kombinerande	kombinerande
traditionella	traditionella
nyktre	nyktre
försonas	försonas
rasmassa	rasmassa
försonats	försonats
noggrant	noggrant
tåga	tåga
kuddes	kuddes
fjättrade	fjättrade
påvar	påvar
oändligaste	oändligaste
inträffades	inträffades
säker	säker
tennislag	tennislag
mon	mon
tromb	tromb
muggar	muggar
antytt	antytt
dräpas	dräpas
livstiders	livstiders
låta	låta
slickepinnen	slickepinnen
örlogsskolas	örlogsskolas
flickvänner	flickvänner
minskade	minskade
magsmärtan	magsmärtan
beröms	beröms
tillkommelsen	tillkommelsen
basketbollarnas	basketbollarnas
svänger	svänger
eftersträvas	eftersträvas
medfödde	medfödde
världsmästarna	världsmästarna
potentiellt	potentiellt
katalanske	katalanske
förkunnats	förkunnats
bergfinkars	bergfinkars
transaktionerna	transaktionerna
ursprungskällans	ursprungskällans
avstånds	avstånds
säljs	säljs
yrkesutövningen	yrkesutövningen
epitet	epitet
hämta	hämta
ballongpelare	ballongpelare
ansträngd	ansträngd
licentiaten	licentiaten
snutits	snutits
vett	vett
afrikanskorna	afrikanskorna
skämtsamme	skämtsamme
brandväggar	brandväggar
dominikans	dominikans
koka	koka
trigonometrin	trigonometrin
inrikesministeriums	inrikesministeriums
forskningsbiblioteks	forskningsbiblioteks
förvånad	förvånad
bageriers	bageriers
mopps	mopps
stenat	stenat
knacka	knacka
skulptör	skulptör
oxar	oxar
juicen	juicen
utsträck	utsträck
begynde	begynde
antända	antända
domänerna	domänerna
världsmästaren	världsmästaren
föreställas	föreställas
kålrots	kålrots
sjungs	sjungs
konfiskerad	konfiskerad
genomslagets	genomslagets
upplöser	upplöser
vittnesbörd	vittnesbörd
fisket	fisket
propan	propan
beskärde	beskärde
göden	göden
gestaltning	gestaltning
snigelns	snigelns
gallerior	gallerior
bryggkaffet	bryggkaffet
justitieministrars	justitieministrars
fattat	fattat
ekobrott	ekobrott
mångfacetterat	mångfacetterat
fordrande	fordrande
enas	enas
förordnandet	förordnandet
förståndet	förståndet
förtryckare	förtryckare
felfortplantningarna	felfortplantningarna
välj	välj
eolsharpor	eolsharpor
notställ	notställ
äppelträden	äppelträden
brandväggarnas	brandväggarnas
vädurs	vädurs
utrikespolitiken	utrikespolitiken
diskuterats	diskuterats
byttor	byttor
färgbild	färgbild
oboens	oboens
regleringsbrevets	regleringsbrevets
radian	radian
filial	filial
bombarderats	bombarderats
retronym	retronym
stimulerat	stimulerat
villkoren	villkoren
alkoholism	alkoholism
inramningars	inramningars
värmebehandlar	värmebehandlar
radianer	radianer
punktlistan	punktlistan
teros	teros
frisörers	frisörers
minikjolars	minikjolars
socialförsäkringsministers	socialförsäkringsministers
inrättat	inrättat
byråkratiske	byråkratiske
beaktandeleds	beaktandeleds
resecheckens	resecheckens
sen	sen
samfunds	samfunds
klämdagar	klämdagar
kvitteras	kvitteras
partistyrelserna	partistyrelserna
bröas	bröas
lodjurens	lodjurens
utgjord	utgjord
släktena	släktena
bergfinken	bergfinken
fiskas	fiskas
bokmärkes	bokmärkes
mäta	mäta
talande	talande
gömda	gömda
assisterar	assisterar
vattnades	vattnades
invigda	invigda
möjliggjord	möjliggjord
vektorfälts	vektorfälts
adelssläktens	adelssläktens
rödhakars	rödhakars
avtagne	avtagne
blottades	blottades
kraftkabels	kraftkabels
undermeny	undermeny
steningen	steningen
stånd	stånd
anrättas	anrättas
svängts	svängts
tigits	tigits
flydda	flydda
legitimiteten	legitimiteten
translationen	translationen
kryptan	kryptan
ylande	ylande
ugglas	ugglas
ögonhålas	ögonhålas
ventilens	ventilens
undantaget	undantaget
kontrasterar	kontrasterar
passusar	passusar
terapeuts	terapeuts
versioner	versioner
antikvarien	antikvarien
förläts	förläts
vinrankors	vinrankors
ändligdimensionellt	ändligdimensionellt
händelsehorisonten	händelsehorisonten
narra	narra
justitiekanslerer	justitiekanslerer
nejs	nejs
handlägga	handlägga
snörens	snörens
svastikans	svastikans
sälje	sälje
rymdfysiks	rymdfysiks
lönnmördas	lönnmördas
beviset	beviset
avbildande	avbildande
skyhöge	skyhöge
metansyra	metansyra
resurskrävande	resurskrävande
pärlugglorna	pärlugglorna
bildrullars	bildrullars
qvadrats	qvadrats
bifloder	bifloder
besegra	besegra
utfördes	utfördes
riksantikvarien	riksantikvarien
fajternas	fajternas
justitieministrar	justitieministrar
glidytas	glidytas
renade	renade
nynorskan	nynorskan
twittra	twittra
ekobrottets	ekobrottets
terosens	terosens
upplagens	upplagens
annexet	annexet
besegrades	besegrades
vakansers	vakansers
föräldralöst	föräldralöst
sjöboden	sjöboden
ackumuleras	ackumuleras
handläggs	handläggs
nitälsken	nitälsken
vävstol	vävstol
kartografiska	kartografiska
doktorands	doktorands
borras	borras
värka	värka
patentera	patentera
upphävande	upphävande
uppfyll	uppfyll
minikjols	minikjols
fackverket	fackverket
blankstegs	blankstegs
sköte	sköte
knäveck	knäveck
Fourierseriens	Fourierseriens
bronsmedaljer	bronsmedaljer
fogas	fogas
lösa	lösa
kommunikationers	kommunikationers
inramningen	inramningen
godtycklige	godtycklige
trofastheten	trofastheten
stöts	stöts
barberar	barberar
kvällstidnings	kvällstidnings
notställens	notställens
ponerar	ponerar
hjorts	hjorts
ringfingret	ringfingret
dementeras	dementeras
nertiders	nertiders
slangordets	slangordets
offrade	offrade
mandatet	mandatet
stadsstadgornas	stadsstadgornas
öppnades	öppnades
cykloheptanets	cykloheptanets
betäckas	betäckas
församla	församla
konvoluts	konvoluts
skånks	skånks
eskimåer	eskimåer
slutlige	slutlige
ungdomsförbund	ungdomsförbund
handläggares	handläggares
anklagas	anklagas
nominerat	nominerat
dateras	dateras
aqvedukt	aqvedukt
spisoffrets	spisoffrets
debattörer	debattörer
betäck	betäck
löses	löses
krondikena	krondikena
stativens	stativens
hyresnämnden	hyresnämnden
distributive	distributive
dieseln	dieseln
tjugofemöringens	tjugofemöringens
eskimåernas	eskimåernas
ösregnens	ösregnens
reduktions	reduktions
galningarna	galningarna
sava	sava
mjölksyran	mjölksyran
cypriotiskas	cypriotiskas
sydnäktergalarna	sydnäktergalarna
skatbons	skatbons
utplåna	utplåna
sedeslöshetens	sedeslöshetens
rovs	rovs
morfismerna	morfismerna
övergåve	övergåve
moppen	moppen
hakens	hakens
daterat	daterat
juices	juices
bifloderna	bifloderna
bromspedal	bromspedal
lydelses	lydelses
åtalar	åtalar
afrikanskors	afrikanskors
kontextuelle	kontextuelle
kläckts	kläckts
naturvården	naturvården
huvens	huvens
maskulinet	maskulinet
flickväns	flickväns
upplys	upplys
fotgängaren	fotgängaren
anfangen	anfangen
saknade	saknade
säkrar	säkrar
prokrastinera	prokrastinera
forskningsbibliotek	forskningsbibliotek
koordinatsystem	koordinatsystem
uttagningars	uttagningars
syddes	syddes
ambassadsekreterare	ambassadsekreterare
röva	röva
upphöjda	upphöjda
visen	visen
svindeln	svindeln
determinanter	determinanter
tryckarna	tryckarna
ås	ås
sänts	sänts
besiktigas	besiktigas
ugglors	ugglors
homofoners	homofoners
obegränsae	obegränsae
lärt	lärt
raggmunkarna	raggmunkarna
institutionelle	institutionelle
medelhavs	medelhavs
strålblomma	strålblomma
mög	mög
mötts	mötts
svensexorna	svensexorna
förkunnade	förkunnade
varierades	varierades
rastades	rastades
tatuerarnas	tatuerarnas
infogade	infogade
dominerade	dominerade
bereds	bereds
blåhaken	blåhaken
tanzanier	tanzanier
småviltet	småviltet
dissekerat	dissekerat
fegis	fegis
ässets	ässets
funnes	funnes
beskrivit	beskrivit
paketera	paketera
singla	singla
ovanor	ovanor
ursprungskällas	ursprungskällas
kuf	kuf
inträffa	inträffa
oxarnas	oxarnas
50-öring	50-öring
partistyrelses	partistyrelses
ovanorna	ovanorna
kelar	kelar
anticyklons	anticyklons
haverera	haverera
twittrats	twittrats
kutad	kutad
högskolelags	högskolelags
mysteriums	mysteriums
händelsehorisonter	händelsehorisonter
anlöpas	anlöpas
vingarnas	vingarnas
nominera	nominera
redaktionssekreterarnas	redaktionssekreterarnas
versionerna	versionerna
medelhavet	medelhavet
utplånades	utplånades
busschaufförs	busschaufförs
korsfästes	korsfästes
cykelhandlaren	cykelhandlaren
antänt	antänt
pulver	pulver
avgudens	avgudens
befästes	befästes
anställas	anställas
avlägsnas	avlägsnas
zappa	zappa
accenterna	accenterna
twittras	twittras
spanjorens	spanjorens
lösaste	lösaste
slipat	slipat
misshandlar	misshandlar
uppenbaras	uppenbaras
tanzanierna	tanzanierna
kombinerade	kombinerade
pub	pub
hotfulle	hotfulle
gäspar	gäspar
rumäner	rumäner
förgätit	förgätit
barrskogar	barrskogar
anklagade	anklagade
uddarna	uddarna
fakultetsnämnden	fakultetsnämnden
asbestens	asbestens
gäckas	gäckas
kolumnbredd	kolumnbredd
dubbelklicket	dubbelklicket
fontäners	fontäners
manliga	manliga
resecheckars	resecheckars
femörings	femörings
öppnas	öppnas
småländskas	småländskas
veten	veten
namnens	namnens
ordlistors	ordlistors
vidhäftade	vidhäftade
intellektuellt	intellektuellt
pappersknivar	pappersknivar
skjuls	skjuls
bilfärjornas	bilfärjornas
borsten	borsten
departementsråd	departementsråd
kända	kända
accent	accent
bildrullens	bildrullens
anklaga	anklaga
sexpackets	sexpackets
centralafrikan	centralafrikan
draksegel	draksegel
tordes	tordes
karoliner	karoliner
förledets	förledets
kläcka	kläcka
underskriften	underskriften
gaffeln	gaffeln
konstarter	konstarter
skotskt	skotskt
vishet	vishet
uppenbarades	uppenbarades
penningkistorna	penningkistorna
delgrupperna	delgrupperna
kokande	kokande
lagade	lagade
radavståndet	radavståndet
fordrades	fordrades
bevise	bevise
söks	söks
filialens	filialens
offras	offras
tvivlande	tvivlande
färgbildernas	färgbildernas
tillgängligheten	tillgängligheten
begås	begås
jagat	jagat
avgasrörets	avgasrörets
voltens	voltens
ripjakts	ripjakts
vinylskivornas	vinylskivornas
tunnbrödsrullen	tunnbrödsrullen
filatelisterna	filatelisterna
patrullerats	patrullerats
reduktioners	reduktioners
sanerade	sanerade
kolgruvan	kolgruvan
kommunikations	kommunikations
upphöjen	upphöjen
murares	murares
slangordet	slangordet
kolonistens	kolonistens
sörgårdsidyllers	sörgårdsidyllers
krullparentesens	krullparentesens
piercingars	piercingars
strålen	strålen
åttondelar	åttondelar
beskyddare	beskyddare
utgiftstakets	utgiftstakets
hycklare	hycklare
kontrabasens	kontrabasens
altruisternas	altruisternas
utbuden	utbuden
