Heuschrecke	Heuschrecke
Bis	Bis
plagte	plagte
Meines	Meines
hängen	hängen
fertig	fertig
erschrickt	erschrickt
Ärgernisse	Ärgernisse
Den	Den
nötig	nötig
loben	loben
habest	habest
gießest	gießest
zweifel	zweifel
verliert	verliert
denkst	denkst
Gäste	Gäste
Bächen	Bächen
nehmest	nehmest
nähret	nähret
Ochse	Ochse
Gewürze	Gewürze
stimmen	stimmen
Bienen	Bienen
Führe	Führe
Hände	Hände
untergeht	untergeht
Gebärden	Gebärden
teile	teile
rufet	rufet
Sei	Sei
offenbar	offenbar
Füllet	Füllet
Abhängen	Abhängen
Felle	Felle
verderben	verderben
Macht	Macht
meines	meines
ausführen	ausführen
verstehst	verstehst
Zöpfe	Zöpfe
Rabe	Rabe
hüte	hüte
behalte	behalte
Friede	Friede
liege	liege
Drache	Drache
Tanne	Tanne
kehre	kehre
rufst	rufst
anzeigte	anzeigte
erforschest	erforschest
versuchen	versuchen
Perlen	Perlen
merkte	merkte
zerbrichst	zerbrichst
vier	vier
Zeuge	Zeuge
erbte	erbte
reiche	reiche
sehet	sehet
gründen	gründen
gehorchst	gehorchst
bekehrt	bekehrt
Gehör	Gehör
arme	arme
anrichte	anrichte
tragen	tragen
übet	übet
neigte	neigte
Solch	Solch
wehrte	wehrte
schlagt	schlagt
Röhren	Röhren
Brote	Brote
sehest	sehest
backe	backe
nährte	nährte
Aufsätze	Aufsätze
Wehret	Wehret
Schuhe	Schuhe
schreiet	schreiet
rufe	rufe
Pfunden	Pfunden
verziehe	verziehe
vergebt	vergebt
Tische	Tische
dienst	dienst
Monde	Monde
Freunden	Freunden
Löwen	Löwen
Lehre	Lehre
erwerben	erwerben
Bäume	Bäume
Licht	Licht
Rubinen	Rubinen
Jüngern	Jüngern
Tausend	Tausend
Gehilfe	Gehilfe
freiwillige	freiwillige
rühmest	rühmest
Weiche	Weiche
umkehrte	umkehrte
müsse	müsse
Speeren	Speeren
Geliebte	Geliebte
mehr	mehr
aufnahmt	aufnahmt
hörte	hörte
Keile	Keile
beißt	beißt
krähte	krähte
fluchten	fluchten
knüpfte	knüpfte
Einheimischen	Einheimischen
Reich	Reich
hieben	hieben
bestanden	bestanden
kaufest	kaufest
Gebirge	Gebirge
wachse	wachse
Höhle	Höhle
gelang	gelang
liebst	liebst
weichest	weichest
erhebet	erhebet
Maultieren	Maultieren
schrecken	schrecken
schrecke	schrecke
verkaufst	verkaufst
Gründe	Gründe
Fragen	Fragen
lehrst	lehrst
Säue	Säue
suchten	suchten
mühte	mühte
aufrichtet	aufrichtet
Eingeweiden	Eingeweiden
zerbrecht	zerbrecht
brausen	brausen
Heide	Heide
Forsche	Forsche
spielet	spielet
kranken	kranken
Fische	Fische
werdet	werdet
einen	einen
plagen	plagen
wärmte	wärmte
seufzt	seufzt
Gerichte	Gerichte
Geviert	Geviert
erhöht	erhöht
Zerstreut	Zerstreut
vereinigte	vereinigte
sprechet	sprechet
stand	stand
stärken	stärken
kämpfen	kämpfen
Brüste	Brüste
verlieren	verlieren
erlassen	erlassen
liebe	liebe
lauft	lauft
bedeckest	bedeckest
Stäbe	Stäbe
kriegen	kriegen
Solchen	Solchen
Gefangenen	Gefangenen
stellen	stellen
feiern	feiern
Monaten	Monaten
rauschte	rauschte
eins	eins
einsammelst	einsammelst
Graben	Graben
sterbest	sterbest
trieben	trieben
flucht	flucht
fahrest	fahrest
Hast	Hast
Augen	Augen
Kreuz	Kreuz
Hecke	Hecke
Wehr	Wehr
danket	danket
erbaut	erbaut
Elle	Elle
ermahnet	ermahnet
habt	habt
griffen	griffen
fällen	fällen
male	male
breche	breche
Grüße	Grüße
eingehest	eingehest
Höfen	Höfen
Klagen	Klagen
erhört	erhört
Ding	Ding
Arme	Arme
werft	werft
hassest	hassest
Gebeten	Gebeten
Ehre	Ehre
Wachen	Wachen
schweigen	schweigen
verdammte	verdammte
klagen	klagen
hurst	hurst
Verheißung	Verheißung
anbetest	anbetest
gereichte	gereichte
sorgte	sorgte
stimmte	stimmte
wach	wach
betrügen	betrügen
tragt	tragt
schenket	schenket
beben	beben
solchen	solchen
wollt	wollt
wog	wog
Werke	Werke
forschet	forschet
predigst	predigst
wachen	wachen
Frösche	Frösche
Tage	Tage
bedenket	bedenket
unschuldigen	unschuldigen
Huren	Huren
saget	saget
Gebt	Gebt
jammerte	jammerte
hinausgeht	hinausgeht
teil	teil
Pfeilen	Pfeilen
brachen	brachen
Tore	Tore
verstand	verstand
leuchten	leuchten
Joche	Joche
Für	Für
brauchst	brauchst
Tragt	Tragt
erweckst	erweckst
suche	suche
kommst	kommst
lachte	lachte
Grenzen	Grenzen
Maße	Maße
Werdet	Werdet
bedeckt	bedeckt
rührte	rührte
sorget	sorget
lebest	lebest
Knabe	Knabe
schreist	schreist
werden	werden
fresset	fresset
blitzen	blitzen
merket	merket
pflügen	pflügen
ringet	ringet
greifet	greifet
Schneiden	Schneiden
Ha	Ha
einsammelte	einsammelte
Solches	Solches
wisse	wisse
beschwert	beschwert
untergehst	untergehst
ernte	ernte
schlag	schlag
halten	halten
Meeren	Meeren
Sinnen	Sinnen
Weg	Weg
Ein	Ein
ärgere	ärgere
ringen	ringen
stiftete	stiftete
Sehet	Sehet
ander	ander
fehle	fehle
herrschest	herrschest
erbauet	erbauet
Knaben	Knaben
fließen	fließen
schießen	schießen
predigt	predigt
folget	folget
suchst	suchst
begehrt	begehrt
Gibt	Gibt
entsetzt	entsetzt
offenbare	offenbare
aufwacht	aufwacht
baust	baust
weh	weh
harret	harret
webte	webte
tragest	tragest
wachte	wachte
schreckt	schreckt
geselle	geselle
gehörten	gehörten
Schmieden	Schmieden
fromme	fromme
Hundert	Hundert
begehrte	begehrte
stärket	stärket
speiet	speiet
Höret	Höret
schwelle	schwelle
Lobgesänge	Lobgesänge
bestimmst	bestimmst
weichst	weichst
Teppichen	Teppichen
leer	leer
spielen	spielen
beugst	beugst
Heben	Heben
leide	leide
morde	morde
Maultiere	Maultiere
ehrte	ehrte
zürnest	zürnest
Büsche	Büsche
Märkte	Märkte
umbringt	umbringt
Anfechtungen	Anfechtungen
Schwelle	Schwelle
kaufst	kaufst
Kost	Kost
steigen	steigen
tobte	tobte
auflöst	auflöst
predigten	predigten
Setzet	Setzet
blitzte	blitzte
bekehret	bekehret
Heiden	Heiden
Feste	Feste
trotzt	trotzt
ruhte	ruhte
Pferde	Pferde
erlösen	erlösen
erforschet	erforschet
erkennest	erkennest
erkennst	erkennst
wohnet	wohnet
versteckt	versteckt
plagest	plagest
Altären	Altären
verhalten	verhalten
halben	halben
Tier	Tier
würzen	würzen
Klüften	Klüften
verklärest	verklärest
Tiefe	Tiefe
murmelte	murmelte
Reizen	Reizen
Säcke	Säcke
Fliegen	Fliegen
schlaft	schlaft
still	still
leuchtete	leuchtete
Rehe	Rehe
taten	taten
solch	solch
möget	möget
Gevierte	Gevierte
Fahrt	Fahrt
pflanzte	pflanzte
Seile	Seile
predigte	predigte
verkehrte	verkehrte
Hat	Hat
Raten	Raten
erkennet	erkennet
erfüllt	erfüllt
waren	waren
denn	denn
vierten	vierten
spaltete	spaltete
aufstehst	aufstehst
Abhänge	Abhänge
besitzest	besitzest
meinst	meinst
schmückte	schmückte
bewahret	bewahret
irrte	irrte
Geschäften	Geschäften
Schaffe	Schaffe
verständig	verständig
Gedanken	Gedanken
weinte	weinte
erhalte	erhalte
gedenkest	gedenkest
Stühle	Stühle
reifen	reifen
mehrte	mehrte
aufrichten	aufrichten
Paläste	Paläste
frisch	frisch
stiege	stiege
ansehen	ansehen
Gefilden	Gefilden
müßten	müßten
wünschen	wünschen
Dinge	Dinge
Fetten	Fetten
seht	seht
speiest	speiest
gießet	gießet
Steigen	Steigen
Ränke	Ränke
zweifeln	zweifeln
raubest	raubest
Zeugnisse	Zeugnisse
herrschte	herrschte
mal	mal
wirfst	wirfst
zerschlaget	zerschlaget
blenden	blenden
springst	springst
Buchen	Buchen
tut	tut
bereitet	bereitet
Hälsen	Hälsen
drängst	drängst
trübe	trübe
sieht	sieht
bekannt	bekannt
mahlen	mahlen
folge	folge
Lesen	Lesen
Schmiede	Schmiede
wirkte	wirkte
beharrt	beharrt
logen	logen
Helmen	Helmen
Jude	Jude
wünschet	wünschet
Wehe	Wehe
machte	machte
Obrigkeiten	Obrigkeiten
erfreuest	erfreuest
brause	brause
empfange	empfange
Kleinode	Kleinode
Menschen	Menschen
Banden	Banden
Götze	Götze
taufst	taufst
Gefäßen	Gefäßen
stärke	stärke
zeigte	zeigte
meinem	meinem
bringest	bringest
könnt	könnt
Eins	Eins
Füße	Füße
durchbohrte	durchbohrte
betrüge	betrüge
besitzet	besitzet
Malen	Malen
überführen	überführen
sprecht	sprecht
jagst	jagst
regierest	regierest
regen	regen
Klauen	Klauen
Stufe	Stufe
knüpfst	knüpfst
Glauben	Glauben
zählet	zählet
wilden	wilden
junge	junge
Steine	Steine
dienest	dienest
Taten	Taten
Seht	Seht
besorgte	besorgte
würdest	würdest
zerstreust	zerstreust
treibst	treibst
Feind	Feind
Decken	Decken
gehören	gehören
Monden	Monden
Monate	Monate
achten	achten
kaufe	kaufe
brichst	brichst
siegen	siegen
Riese	Riese
Ängsten	Ängsten
Drachen	Drachen
Maßen	Maßen
hineingeht	hineingeht
fließe	fließe
Sprüche	Sprüche
fragen	fragen
verbannt	verbannt
Morde	Morde
teilet	teilet
Zäume	Zäume
Weihe	Weihe
Rufet	Rufet
Riesen	Riesen
baute	baute
Fallet	Fallet
zürnst	zürnst
Woge	Woge
anzeigt	anzeigt
kämpfte	kämpfte
raubte	raubte
eingehst	eingehst
Geliebten	Geliebten
höhnte	höhnte
Denn	Denn
steiget	steiget
beschwöre	beschwöre
wohnst	wohnst
Höfe	Höfe
Schar	Schar
Flammen	Flammen
Gefilde	Gefilde
Fürst	Fürst
Heere	Heere
Merket	Merket
Zerstreuten	Zerstreuten
Kaufleuten	Kaufleuten
Ebenen	Ebenen
Halle	Halle
Schlangen	Schlangen
Gehorcht	Gehorcht
befragten	befragten
Schneide	Schneide
erschrecket	erschrecket
Aussätzigen	Aussätzigen
fremde	fremde
zürnet	zürnet
trüge	trüge
zeugen	zeugen
zuhört	zuhört
essest	essest
Schreien	Schreien
schaffen	schaffen
Wunden	Wunden
ausrottet	ausrottet
wallet	wallet
halte	halte
Entsetzet	Entsetzet
tat	tat
zerschlagt	zerschlagt
Bitte	Bitte
aufstehet	aufstehet
Held	Held
schmücket	schmücket
verführe	verführe
scheiden	scheiden
erniedrigst	erniedrigst
machest	machest
Dienet	Dienet
Königreiche	Königreiche
Klaue	Klaue
Binden	Binden
bringst	bringst
Jochen	Jochen
Zehen	Zehen
vertrauten	vertrauten
Stühlen	Stühlen
warnte	warnte
Wollt	Wollt
schenke	schenke
Hauen	Hauen
dürfe	dürfe
Pfunde	Pfunde
begehret	begehret
zerstört	zerstört
Testamente	Testamente
beweiset	beweiset
gehet	gehet
gelangt	gelangt
begehre	begehre
bessere	bessere
Königreichen	Königreichen
flehst	flehst
legest	legest
inneren	inneren
trauten	trauten
siegte	siegte
zankte	zankte
befestigten	befestigten
Reihe	Reihe
Röcken	Röcken
kostet	kostet
pflügte	pflügte
versöhnt	versöhnt
vergessest	vergessest
Gebärde	Gebärde
gebäret	gebäret
befestigt	befestigt
blende	blende
Enden	Enden
Tiere	Tiere
Gelobt	Gelobt
rauben	rauben
trüb	trüb
beweise	beweise
mühe	mühe
Schenke	Schenke
bekannte	bekannte
Erstlingen	Erstlingen
Solcher	Solcher
Sägen	Sägen
fertige	fertige
rittest	rittest
führet	führet
verkaufe	verkaufe
ziehst	ziehst
Kleinoden	Kleinoden
Schleifen	Schleifen
Bürde	Bürde
erzürnt	erzürnt
schickte	schickte
Weine	Weine
wehre	wehre
scheide	scheide
Träumen	Träumen
demütigst	demütigst
verstört	verstört
krieget	krieget
Fällen	Fällen
Räte	Räte
linke	linke
scheue	scheue
unterrichte	unterrichte
Wolle	Wolle
gebührt	gebührt
trotzest	trotzest
Sinne	Sinne
erbaust	erbaust
fremden	fremden
hebst	hebst
Lehnen	Lehnen
führen	führen
Meere	Meere
demütigte	demütigte
Ebene	Ebene
bewähret	bewähret
feierte	feierte
solches	solches
vereinigt	vereinigt
Falle	Falle
Schreiet	Schreiet
verlasset	verlasset
Städten	Städten
Fischen	Fischen
achte	achte
schöpfe	schöpfe
zerstreuest	zerstreuest
Herren	Herren
Stolze	Stolze
Merke	Merke
ehrst	ehrst
stehest	stehest
haltest	haltest
Schale	Schale
Acht	Acht
Hebet	Hebet
sollte	sollte
Verheißungen	Verheißungen
nahest	nahest
begrabest	begrabest
toten	toten
Hecken	Hecken
tiefe	tiefe
armen	armen
müßt	müßt
leite	leite
merke	merke
weinst	weinst
morden	morden
los	los
Christ	Christ
laben	laben
Äxte	Äxte
wünsche	wünsche
meinet	meinet
kämpfe	kämpfe
wachset	wachset
Seilen	Seilen
Narr	Narr
Helme	Helme
zeiget	zeiget
wachsen	wachsen
Einem	Einem
weine	weine
hauest	hauest
Kriegsknechten	Kriegsknechten
Ei	Ei
anrührte	anrührte
stoßest	stoßest
gehörte	gehörte
Gebote	Gebote
Vorstädte	Vorstädte
rächte	rächte
opfern	opfern
eilet	eilet
erweckest	erweckest
Toren	Toren
streute	streute
preiset	preiset
Strömen	Strömen
Samen	Samen
bekennt	bekennt
sterbt	sterbt
verführen	verführen
bauten	bauten
legte	legte
Regieren	Regieren
deckst	deckst
nötigte	nötigte
liebte	liebte
wollest	wollest
aufkommen	aufkommen
Ängste	Ängste
Solche	Solche
hilfst	hilfst
gehest	gehest
tobst	tobst
fasse	fasse
grüne	grüne
Tat	Tat
umkommst	umkommst
Spannt	Spannt
murmeln	murmeln
zierte	zierte
Kleinod	Kleinod
berührt	berührt
Weinberge	Weinberge
bringet	bringet
tust	tust
überführt	überführt
Eichen	Eichen
ausfuhren	ausfuhren
ab	ab
Äste	Äste
fallest	fallest
beweisest	beweisest
prüfst	prüfst
säume	säume
faule	faule
erwerbe	erwerbe
Essen	Essen
Decke	Decke
fallt	fallt
triebe	triebe
schmelzen	schmelzen
bekannten	bekannten
drückte	drückte
pflanzt	pflanzt
verdammt	verdammt
Folget	Folget
Blechen	Blechen
hinausgehst	hinausgehst
Zäumen	Zäumen
Briefen	Briefen
Tischen	Tischen
empfanget	empfanget
treffen	treffen
Blitzen	Blitzen
aufmachte	aufmachte
Ströme	Ströme
treibest	treibest
Am	Am
log	log
ausrottest	ausrottest
esset	esset
versöhnst	versöhnst
scheu	scheu
Altäre	Altäre
wenden	wenden
kriegte	kriegte
unterrichten	unterrichten
empörten	empörten
Empörungen	Empörungen
Christen	Christen
Pauken	Pauken
behaltet	behaltet
wechselte	wechselte
jammern	jammern
verziehen	verziehen
fallet	fallet
zerstreute	zerstreute
Fahret	Fahret
Satzung	Satzung
Fallen	Fallen
Winde	Winde
mangeln	mangeln
Götzen	Götzen
arm	arm
Hunden	Hunden
erlöst	erlöst
Lasten	Lasten
Befehle	Befehle
heilet	heilet
Sollten	Sollten
beschuldiget	beschuldiget
bleiben	bleiben
lose	lose
bleibet	bleibet
erfahrest	erfahrest
verwirft	verwirft
Buchstaben	Buchstaben
Fäusten	Fäusten
webet	webet
zerreißt	zerreißt
Bande	Bande
geboten	geboten
Stricken	Stricken
Bunde	Bunde
ehe	ehe
eingehet	eingehet
einführen	einführen
Stämme	Stämme
kochte	kochte
Staube	Staube
kennet	kennet
verkriechst	verkriechst
pflegst	pflegst
schätzen	schätzen
besitzt	besitzt
Empörung	Empörung
Hälse	Hälse
anrufe	anrufe
Sprüchen	Sprüchen
Sieb	Sieb
steig	steig
spalten	spalten
gehorcht	gehorcht
bewahrst	bewahrst
bestimmt	bestimmt
abtrünnige	abtrünnige
liegen	liegen
Gelobet	Gelobet
verwirren	verwirren
reizte	reizte
Früchte	Früchte
schwellen	schwellen
Urteil	Urteil
Ringe	Ringe
Jahre	Jahre
lauf	lauf
Perle	Perle
zudeckt	zudeckt
schläft	schläft
streite	streite
Bete	Bete
frische	frische
ausziehst	ausziehst
vermögen	vermögen
Briefe	Briefe
Brüsten	Brüsten
Boten	Boten
sondern	sondern
Blitze	Blitze
grüßte	grüßte
schläfst	schläfst
schöpfen	schöpfen
hingeht	hingeht
setzte	setzte
ringst	ringst
gebest	gebest
dürfte	dürfte
Armen	Armen
versöhnet	versöhnet
stirbt	stirbt
stillte	stillte
umbringet	umbringet
Raben	Raben
ringe	ringe
streuen	streuen
Skorpione	Skorpione
ehrest	ehrest
rührst	rührst
Seiten	Seiten
Entsetzt	Entsetzt
bleibe	bleibe
Ärzte	Ärzte
gebot	gebot
bedenken	bedenken
Schwänze	Schwänze
Sagte	Sagte
schämte	schämte
regieren	regieren
bestellte	bestellte
rate	rate
blitzt	blitzt
schwimmst	schwimmst
scheinen	scheinen
Steiget	Steiget
huren	huren
lügst	lügst
Lüste	Lüste
Staub	Staub
Teppiche	Teppiche
Pfeifen	Pfeifen
Worte	Worte
Wogen	Wogen
krähen	krähen
Ärzten	Ärzten
wundere	wundere
essen	essen
schonte	schonte
Leichen	Leichen
soll	soll
Flöten	Flöten
weinest	weinest
Erbe	Erbe
Rufe	Rufe
brechen	brechen
Zäunen	Zäunen
übest	übest
küsse	küsse
bestand	bestand
verlobte	verlobte
schenkte	schenkte
bestimmten	bestimmten
Tut	Tut
stahlen	stahlen
schreibst	schreibst
Kräften	Kräften
Höhen	Höhen
laden	laden
Tust	Tust
wehe	wehe
Schau	Schau
Anschläge	Anschläge
wilde	wilde
maßen	maßen
aber	aber
bang	bang
Weinet	Weinet
irre	irre
grüßt	grüßt
flehte	flehte
urteilte	urteilte
zieren	zieren
verdeckt	verdeckt
backen	backen
wollten	wollten
fressen	fressen
Diebe	Diebe
Wehen	Wehen
vierte	vierte
kennst	kennst
Weil	Weil
Füchse	Füchse
Ratsherren	Ratsherren
verstecke	verstecke
wegen	wegen
besehet	besehet
Rehen	Rehen
Tannen	Tannen
nötige	nötige
Binde	Binde
Predigten	Predigten
aufwachte	aufwachte
danke	danke
Gebeinen	Gebeinen
zeuge	zeuge
hebe	hebe
gebraucht	gebraucht
hieb	hieb
Bergen	Bergen
blast	blast
Name	Name
kommest	kommest
sagen	sagen
Ställe	Ställe
reizt	reizt
Anfechtung	Anfechtung
verkriechet	verkriechet
wehren	wehren
aufhörte	aufhörte
blasen	blasen
träumen	träumen
erweckt	erweckt
spracht	spracht
Trage	Trage
Keilen	Keilen
Erden	Erden
Schlägen	Schlägen
wehret	wehret
regiert	regiert
begehrst	begehrst
versucht	versucht
Biene	Biene
einnehmest	einnehmest
Auge	Auge
solchem	solchem
Wüsten	Wüsten
schließen	schließen
Gästen	Gästen
außen	außen
ehren	ehren
schwebte	schwebte
drängte	drängte
Tyrannen	Tyrannen
verziehst	verziehst
Kühen	Kühen
dürfest	dürfest
erntete	erntete
erlaubte	erlaubte
lange	lange
versuche	versuche
Heeren	Heeren
Worten	Worten
besitze	besitze
zerbricht	zerbricht
griechisch	griechisch
reif	reif
Abtrünnigen	Abtrünnigen
strecken	strecken
preist	preist
Namen	Namen
Glaubet	Glaubet
Pferden	Pferden
Gewürzen	Gewürzen
höhnest	höhnest
entsetzte	entsetzte
Leid	Leid
bezahlest	bezahlest
widerstand	widerstand
Zeug	Zeug
prüfet	prüfet
lebst	lebst
rühmst	rühmst
Dann	Dann
Werken	Werken
besser	besser
bis	bis
Rühmet	Rühmet
könne	könne
verzehre	verzehre
vermöget	vermöget
rühmte	rühmte
erhebest	erhebest
bekehrte	bekehrte
brach	brach
fette	fette
verkehrten	verkehrten
wehte	wehte
beschwören	beschwören
Hebe	Hebe
Träume	Träume
Buben	Buben
trieb	trieb
urteilen	urteilen
spanne	spanne
reich	reich
schwebe	schwebe
heulte	heulte
decke	decke
Füßen	Füßen
folgte	folgte
Frage	Frage
bedeckst	bedeckst
naht	naht
stirbst	stirbst
Türmen	Türmen
hasse	hasse
Sucht	Sucht
Male	Male
stoßt	stoßt
Gesell	Gesell
beweisen	beweisen
trotze	trotze
Funken	Funken
Wegen	Wegen
Grüßet	Grüßet
gehorchte	gehorchte
unterrichtet	unterrichtet
hingehet	hingehet
gehorchten	gehorchten
hell	hell
Werkzeugen	Werkzeugen
eingeht	eingeht
leset	leset
Beten	Beten
streckte	streckte
Könnt	Könnt
Schaden	Schaden
feiert	feiert
leere	leere
Satzungen	Satzungen
wehen	wehen
betrübst	betrübst
verdammten	verdammten
hinaufgeht	hinaufgeht
vergießest	vergießest
Amen	Amen
gelobte	gelobte
löst	löst
lachen	lachen
vergleiche	vergleiche
Laufen	Laufen
Trübsal	Trübsal
koche	koche
Schaffet	Schaffet
Gebot	Gebot
küssen	küssen
tuest	tuest
band	band
rechten	rechten
ruhe	ruhe
verdeckten	verdeckten
wollte	wollte
haderte	haderte
lehrest	lehrest
Sehnen	Sehnen
verkauft	verkauft
Kehre	Kehre
sollten	sollten
stelle	stelle
behaltest	behaltest
heilte	heilte
Kohlen	Kohlen
bezahlt	bezahlt
heile	heile
Würzen	Würzen
Taufe	Taufe
Gefäße	Gefäße
schauet	schauet
eine	eine
Wänden	Wänden
lebet	lebet
forschte	forschte
Basilisk	Basilisk
teilen	teilen
Glaubst	Glaubst
zuschließet	zuschließet
gibt	gibt
Schwellen	Schwellen
Feiertagen	Feiertagen
lobe	lobe
Reichen	Reichen
gebietet	gebietet
gehöre	gehöre
griff	griff
Weichet	Weichet
Bäumen	Bäumen
preise	preise
Fällt	Fällt
verdammst	verdammst
kehrte	kehrte
kehrst	kehrst
Ochsen	Ochsen
Sekte	Sekte
preisen	preisen
Zäune	Zäune
Älteste	Älteste
bestellten	bestellten
betrübte	betrübte
hauen	hauen
beschädigte	beschädigte
zeuget	zeuget
könnest	könnest
könnet	könnet
strafet	strafet
Fittichen	Fittichen
Herz	Herz
ungehorsame	ungehorsame
Söhnen	Söhnen
lade	lade
erhöhest	erhöhest
ausbreitet	ausbreitet
verstehet	verstehet
Spitzen	Spitzen
bist	bist
währte	währte
erlasset	erlasset
fluche	fluche
trinkst	trinkst
Würze	Würze
ermahnt	ermahnt
Trübsale	Trübsale
lehrte	lehrte
verkehre	verkehre
Waren	Waren
aufhebt	aufhebt
Gar	Gar
stiften	stiften
Bleibet	Bleibet
strecke	strecke
Pflanzung	Pflanzung
Obrigkeit	Obrigkeit
Schlange	Schlange
weide	weide
hinaufgehst	hinaufgehst
Bahn	Bahn
Haben	Haben
schlafe	schlafe
stehst	stehst
besorgt	besorgt
Schauet	Schauet
banden	banden
schauest	schauest
fange	fange
beißet	beißet
Machet	Machet
Westen	Westen
maß	maß
Sabbatjahre	Sabbatjahre
drängten	drängten
Wände	Wände
schneiden	schneiden
Stücken	Stücken
heulet	heulet
widerstanden	widerstanden
verdeckst	verdeckst
Säge	Säge
Sabbaten	Sabbaten
brauchte	brauchte
decken	decken
Weinbergen	Weinbergen
weite	weite
koste	koste
gebieten	gebieten
Gläubigen	Gläubigen
Gebeine	Gebeine
außer	außer
erhebst	erhebst
bricht	bricht
Mal	Mal
Hunderten	Hunderten
Weißt	Weißt
Geräte	Geräte
Unglaube	Unglaube
gehorchet	gehorchet
steinigest	steinigest
Gemeinde	Gemeinde
gedenket	gedenket
gleich	gleich
labe	labe
Helden	Helden
ausführt	ausführt
verschont	verschont
Gebirgen	Gebirgen
bestimmte	bestimmte
fluchet	fluchet
gehörst	gehörst
streckst	streckst
Fremden	Fremden
aufhebest	aufhebest
höret	höret
fasset	fasset
auflegt	auflegt
losen	losen
Stolz	Stolz
Maß	Maß
Testamenten	Testamenten
heißest	heißest
stoßet	stoßet
bracht	bracht
Büschen	Büschen
Deutung	Deutung
stehet	stehet
Gebete	Gebete
fluchte	fluchte
Kühe	Kühe
setzt	setzt
Könige	Könige
verlasse	verlasse
wahre	wahre
Rühmst	Rühmst
Eiche	Eiche
Leuchten	Leuchten
umkehrt	umkehrt
wende	wende
Flöte	Flöte
beschuldigt	beschuldigt
hänge	hänge
streiten	streiten
verlaßt	verlaßt
stürzen	stürzen
wache	wache
messet	messet
Frommen	Frommen
Jünglinge	Jünglinge
griffe	griffe
gelobt	gelobt
räumen	räumen
ausrufen	ausrufen
vertrieben	vertrieben
brauste	brauste
haben	haben
recke	recke
eile	eile
schmückst	schmückst
einführte	einführte
erschrickst	erschrickst
ausgeht	ausgeht
sorgen	sorgen
dürft	dürft
säst	säst
binden	binden
faul	faul
langte	langte
nähre	nähre
aufstanden	aufstanden
füllte	füllte
reizen	reizen
bezahlst	bezahlst
wiederkommst	wiederkommst
Zehe	Zehe
gute	gute
vergießt	vergießt
Gesetze	Gesetze
sollst	sollst
Weile	Weile
Reihen	Reihen
zerstreut	zerstreut
fällst	fällst
weich	weich
hoffet	hoffet
ausführte	ausführte
auflegte	auflegte
könnte	könnte
Stärket	Stärket
kehren	kehren
leben	leben
Lobe	Lobe
Streite	Streite
Strafe	Strafe
wachet	wachet
glauben	glauben
Garten	Garten
Habt	Habt
lehren	lehren
Mäuse	Mäuse
Plage	Plage
Gesellen	Gesellen
sitzen	sitzen
schnelle	schnelle
rühmet	rühmet
Tyrann	Tyrann
Anklage	Anklage
bedürfet	bedürfet
bekehrst	bekehrst
verbergt	verbergt
werde	werde
hause	hause
erwürgt	erwürgt
ansehet	ansehet
Ehren	Ehren
beschädigt	beschädigt
Schafe	Schafe
rechte	rechte
sprichst	sprichst
sterbet	sterbet
Felsen	Felsen
wälzet	wälzet
neige	neige
würze	würze
bitte	bitte
laufe	laufe
Unrechten	Unrechten
schenken	schenken
taufe	taufe
gebiete	gebiete
erst	erst
mangelte	mangelte
Reife	Reife
seit	seit
erwürget	erwürget
brennen	brennen
währet	währet
Ärgernissen	Ärgernissen
gelobet	gelobet
decket	decket
Trinket	Trinket
wild	wild
Klüfte	Klüfte
Führet	Führet
standet	standet
ziehest	ziehest
Danket	Danket
kaufet	kaufet
Schenken	Schenken
urteile	urteile
glaubst	glaubst
grüßen	grüßen
Bahnen	Bahnen
warst	warst
Hure	Hure
trägst	trägst
kehret	kehret
Wehre	Wehre
links	links
einer	einer
Fäuste	Fäuste
verliere	verliere
löste	löste
verzehrst	verzehrst
erschreckt	erschreckt
weinet	weinet
wälzt	wälzt
jagte	jagte
reden	reden
hörest	hörest
wahr	wahr
vergibst	vergibst
Meinen	Meinen
glaubet	glaubet
stürzte	stürzte
Befehlen	Befehlen
hüten	hüten
Dingen	Dingen
Höhlen	Höhlen
spielte	spielte
denket	denket
fraget	fraget
verzieht	verzieht
erlösest	erlösest
ziere	ziere
stürzt	stürzt
stellet	stellet
Bäche	Bäche
verstanden	verstanden
dankte	dankte
blase	blase
gelangte	gelangte
brenne	brenne
frommen	frommen
führst	führst
Strafen	Strafen
Dank	Dank
schaffest	schaffest
diente	diente
Ordnungen	Ordnungen
Kommst	Kommst
lieb	lieb
ziehet	ziehet
dienet	dienet
Gründen	Gründen
Meinst	Meinst
vergleichen	vergleichen
Bleibe	Bleibe
Meine	Meine
Werk	Werk
Aufsätzen	Aufsätzen
Lichte	Lichte
anders	anders
trage	trage
leiten	leiten
Haut	Haut
Wollte	Wollte
ausgehst	ausgehst
Leuchte	Leuchte
erhöhst	erhöhst
Wille	Wille
Bitten	Bitten
Narren	Narren
anrührt	anrührt
beharret	beharret
berufe	berufe
wunderte	wunderte
erbest	erbest
Köpfe	Köpfe
Tausenden	Tausenden
stahl	stahl
trägt	trägt
kosten	kosten
Trinkgefäße	Trinkgefäße
Teilen	Teilen
pflanzen	pflanzen
Seil	Seil
betrübt	betrübt
säet	säet
zudeckte	zudeckte
verderbest	verderbest
Kosten	Kosten
Rufen	Rufen
haut	haut
verboten	verboten
Esset	Esset
ungehorsam	ungehorsam
scheute	scheute
klage	klage
anbetet	anbetet
Ach	Ach
bleibst	bleibst
spannte	spannte
laufet	laufet
Gras	Gras
erhaltet	erhaltet
Eine	Eine
freuet	freuet
nehmt	nehmt
Morden	Morden
Rudern	Rudern
einst	einst
drücke	drücke
verführt	verführt
habet	habet
Vorhäute	Vorhäute
Setzt	Setzt
verderbet	verderbet
Meinem	Meinem
sagte	sagte
verkaufte	verkaufte
blaset	blaset
wechseln	wechseln
Pfeile	Pfeile
Predigt	Predigt
Könnet	Könnet
scheinest	scheinest
entsetzen	entsetzen
vertraut	vertraut
glaubte	glaubte
Fels	Fels
bitten	bitten
liegst	liegst
Griechen	Griechen
Gehilfen	Gehilfen
Neumonden	Neumonden
Jünger	Jünger
versagen	versagen
stolze	stolze
älteste	älteste
Fülle	Fülle
sitzest	sitzest
Tun	Tun
merken	merken
ärger	ärger
beschädigten	beschädigten
messe	messe
suchest	suchest
ritten	ritten
Stufen	Stufen
taufet	taufet
fangt	fangt
verbirgt	verbirgt
erhörest	erhörest
Scharen	Scharen
schätzte	schätzte
lehre	lehre
Spanne	Spanne
klaget	klaget
hebräisch	hebräisch
taufen	taufen
bereite	bereite
feierten	feierten
lösest	lösest
brauche	brauche
solcher	solcher
Höhe	Höhe
Jünglingen	Jünglingen
sei	sei
Speisen	Speisen
Zeugen	Zeugen
nahe	nahe
folgen	folgen
Meinet	Meinet
schicke	schicke
lügen	lügen
Habe	Habe
berühret	berühret
eilte	eilte
verunreinigt	verunreinigt
aufnahmen	aufnahmen
vergesset	vergesset
lernte	lernte
Hallen	Hallen
Kriegsknechte	Kriegsknechte
taufte	taufte
schneide	schneide
ausführe	ausführe
verlaß	verlaß
verstörten	verstörten
Spaltung	Spaltung
helft	helft
demütige	demütige
suchen	suchen
grün	grün
haue	haue
Jungen	Jungen
braust	braust
Basilisken	Basilisken
trinken	trinken
kühl	kühl
lesen	lesen
Laien	Laien
Fliege	Fliege
verstehest	verstehest
suchet	suchet
pflanzet	pflanzet
Unglauben	Unglauben
Gute	Gute
einem	einem
Ring	Ring
steckst	steckst
gibst	gibst
griechischen	griechischen
zählte	zählte
bange	bange
Suchet	Suchet
schwimmen	schwimmen
hingehst	hingehst
gründe	gründe
kommet	kommet
strafst	strafst
Schiffen	Schiffen
haust	haust
säumen	säumen
Gänge	Gänge
verkehrt	verkehrt
nehmet	nehmet
Erde	Erde
schweiget	schweiget
schreie	schreie
anruft	anruft
Teil	Teil
wirket	wirket
Herde	Herde
täuschte	täuschte
salz	salz
Säcken	Säcken
Eile	Eile
anrichten	anrichten
rede	rede
weisest	weisest
fragest	fragest
offenbart	offenbart
Schalen	Schalen
verstecken	verstecken
vergebet	vergebet
weichet	weichet
befragt	befragt
glaubest	glaubest
Händen	Händen
Ratet	Ratet
verwahrst	verwahrst
wolle	wolle
fliegen	fliegen
gewöhnt	gewöhnt
Heiße	Heiße
reife	reife
Stäben	Stäben
Lobgesängen	Lobgesängen
füllen	füllen
speisest	speisest
Königen	Königen
fragst	fragst
bauet	bauet
bebte	bebte
Knechten	Knechten
War	War
den	den
Aas	Aas
versagt	versagt
Lehne	Lehne
Amt	Amt
glaube	glaube
Türme	Türme
Werde	Werde
handhabest	handhabest
umkehret	umkehret
Fellen	Fellen
weiche	weiche
weiden	weiden
Wehklagen	Wehklagen
verkauften	verkauften
gehört	gehört
Sabbatjahr	Sabbatjahr
seien	seien
Ränken	Ränken
lest	lest
schaffst	schaffst
Bären	Bären
Kriege	Kriege
lang	lang
Lehren	Lehren
Festen	Festen
mögt	mögt
schöpfest	schöpfest
Städte	Städte
sollt	sollt
lehnen	lehnen
Flamme	Flamme
löset	löset
verbot	verbot
fülle	fülle
eines	eines
gehorchest	gehorchest
glänzte	glänzte
tote	tote
Rubine	Rubine
einführt	einführt
Bube	Bube
befehlen	befehlen
befestigte	befestigte
weist	weist
erfreut	erfreut
bewahrest	bewahrest
mein	mein
Anklagen	Anklagen
haltet	haltet
zerstreuten	zerstreuten
Elf	Elf
hasset	hasset
Stimme	Stimme
lieget	lieget
Pflanzungen	Pflanzungen
Leiden	Leiden
Schulden	Schulden
Bote	Bote
verbergest	verbergest
Räten	Räten
fresse	fresse
begehrten	begehrten
grünen	grünen
Kommet	Kommet
erfüllet	erfüllet
Eingeweide	Eingeweide
Stricke	Stricke
eng	eng
erzürnst	erzürnst
gehst	gehst
grabe	grabe
schließt	schließt
Dans	Dans
sitze	sitze
harrte	harrte
siehst	siehst
Schätzen	Schätzen
raten	raten
sage	sage
vermagst	vermagst
besuche	besuche
malen	malen
Wesen	Wesen
Abtrünnige	Abtrünnige
mögest	mögest
Sternen	Sternen
reckte	reckte
Lob	Lob
gelobst	gelobst
Prophet	Prophet
erfahret	erfahret
Neumonde	Neumonde
helfest	helfest
solche	solche
Regiert	Regiert
abziehen	abziehen
stärkte	stärkte
war	war
anderen	anderen
macht	macht
eher	eher
Bär	Bär
sorge	sorge
lasset	lasset
andere	andere
Einer	Einer
reizet	reizet
verklärt	verklärt
Stämmen	Stämmen
schlagest	schlagest
Sorgen	Sorgen
fehlte	fehlte
Leichnamen	Leichnamen
falle	falle
weichen	weichen
greifen	greifen
Fittiche	Fittiche
Bund	Bund
berufen	berufen
Fallt	Fallt
beweist	beweist
tretest	tretest
seufzte	seufzte
unschuldige	unschuldige
Werden	Werden
zeigst	zeigst
schießt	schießt
Trinken	Trinken
heißet	heißet
kühlen	kühlen
fälle	fälle
Berge	Berge
fahrt	fahrt
grüße	grüße
sagest	sagest
bekennet	bekennet
Grabe	Grabe
fliege	fliege
strafen	strafen
pflanzest	pflanzest
Saget	Saget
Entsetzen	Entsetzen
Majestäten	Majestäten
erschreckten	erschreckten
pflüget	pflüget
Gerichten	Gerichten
wissest	wissest
stillest	stillest
Seit	Seit
fassest	fassest
Majestät	Majestät
Weinen	Weinen
Edelsteine	Edelsteine
erhöhet	erhöhet
springen	springen
lebte	lebte
werfet	werfet
vertraute	vertraute
greife	greife
kämpfet	kämpfet
Herrn	Herrn
mahle	mahle
Gibst	Gibst
liebest	liebest
absagen	absagen
klagte	klagte
Fett	Fett
erfüllst	erfüllst
machst	machst
erfahrt	erfahrt
Sehe	Sehe
würdet	würdet
anzeigest	anzeigest
ernten	ernten
schmierte	schmierte
Schauen	Schauen
gebrauchte	gebrauchte
nütze	nütze
schöpfte	schöpfte
rufest	rufest
stellst	stellst
weg	weg
verhalte	verhalte
kaufte	kaufte
schauen	schauen
esse	esse
Maultier	Maultier
Freunde	Freunde
gelobten	gelobten
pflegte	pflegte
Rauben	Rauben
hineingehst	hineingehst
Erben	Erben
Ellen	Ellen
führte	führte
schämst	schämst
Decket	Decket
Beine	Beine
Gemeinden	Gemeinden
zuhörte	zuhörte
seist	seist
sonderte	sonderte
Spaltungen	Spaltungen
Ratsherr	Ratsherr
arbeiten	arbeiten
schmiert	schmiert
schließe	schließe
verzieh	verzieh
Raube	Raube
opferte	opferte
sprachen	sprachen
Bist	Bist
ausrichtet	ausrichtet
Taube	Taube
vertrauet	vertrauet
Mensch	Mensch
Mache	Mache
Arm	Arm
Buche	Buche
hebet	hebet
Schuhen	Schuhen
anzeige	anzeige
Junge	Junge
heiß	heiß
werdest	werdest
Kehret	Kehret
vertrieb	vertrieb
zerstörst	zerstörst
auszieht	auszieht
wirkst	wirkst
gedenkst	gedenkst
borgte	borgte
wehklagen	wehklagen
leiden	leiden
Gerät	Gerät
zanket	zanket
Stimmen	Stimmen
meinen	meinen
Nehmet	Nehmet
Feiertage	Feiertage
Urteile	Urteile
Schade	Schade
aufrichtest	aufrichtest
anzeigen	anzeigen
Kreuze	Kreuze
wirft	wirft
wohnte	wohnte
am	am
verwahret	verwahret
Hunde	Hunde
Schleife	Schleife
ladest	ladest
schnitt	schnitt
müsset	müsset
salzen	salzen
gesellt	gesellt
pflege	pflege
aufheben	aufheben
Steinen	Steinen
traget	traget
schau	schau
grüßet	grüßet
gebet	gebet
versuchet	versuchet
Sagen	Sagen
zweifelte	zweifelte
schreien	schreien
gleiche	gleiche
trefft	trefft
empört	empört
Herden	Herden
stille	stille
verfolgst	verfolgst
erben	erben
sagst	sagst
Schätze	Schätze
vertrage	vertrage
Weiß	Weiß
glänzt	glänzt
hörst	hörst
wiederkommt	wiederkommt
wärmet	wärmet
verzehrt	verzehrt
zuschließt	zuschließt
schlage	schlage
Linke	Linke
Töpfe	Töpfe
ausbreitete	ausbreitete
erschreckte	erschreckte
Vorstädten	Vorstädten
Mein	Mein
Sabbate	Sabbate
Geboten	Geboten
hängte	hängte
Heißt	Heißt
zerbrechest	zerbrechest
ausrufest	ausrufest
neigest	neigest
regte	regte
auflegst	auflegst
Kreisen	Kreisen
versteckst	versteckst
gereicht	gereicht
mehret	mehret
schaute	schaute
Gehorchet	Gehorchet
Vorhäuten	Vorhäuten
erhörst	erhörst
versuchst	versuchst
schnell	schnell
Zähne	Zähne
Juden	Juden
sitzet	sitzet
Wache	Wache
Buchstabe	Buchstabe
grünte	grünte
schlafet	schlafet
Trübsalen	Trübsalen
Sorge	Sorge
schlafest	schlafest
Aase	Aase
empörte	empörte
Wüste	Wüste
borgst	borgst
sitzt	sitzt
Wege	Wege
heil	heil
warnst	warnst
schlaf	schlaf
steckte	steckte
gut	gut
bekehrten	bekehrten
ruhest	ruhest
legst	legst
anrichtet	anrichtet
Spitze	Spitze
wehklage	wehklage
Sollte	Sollte
Sorget	Sorget
Säuen	Säuen
zeugte	zeugte
lehnte	lehnte
Leiste	Leiste
ehret	ehret
Stärke	Stärke
steinigte	steinigte
Loben	Loben
nahte	nahte
wisset	wisset
befehlt	befehlt
Herzen	Herzen
Sollst	Sollst
forschen	forschen
Röhre	Röhre
nimmt	nimmt
Feinde	Feinde
Schild	Schild
vertraget	vertraget
schätze	schätze
leget	leget
wart	wart
verwahrt	verwahrt
reichet	reichet
Winden	Winden
Ruder	Ruder
nützt	nützt
machet	machet
Wehklage	Wehklage
schaffe	schaffe
Streiten	Streiten
fertigte	fertigte
wallte	wallte
Sehne	Sehne
schweigst	schweigst
träumte	träumte
fällte	fällte
führest	führest
Gefängnisse	Gefängnisse
gebühren	gebühren
hilft	hilft
Lobet	Lobet
fließt	fließt
Unrecht	Unrecht
entsetzet	entsetzet
Märkten	Märkten
trotzet	trotzet
er	er
Zeugnissen	Zeugnissen
trügen	trügen
frage	frage
Same	Same
hebräischen	hebräischen
weiten	weiten
rauschen	rauschen
graben	graben
absagt	absagt
Alten	Alten
Gehörst	Gehörst
lache	lache
kühle	kühle
zählst	zählst
arbeit	arbeit
könnten	könnten
befragte	befragte
weisen	weisen
vergibt	vergibt
fetten	fetten
holst	holst
hebräische	hebräische
Kaufleute	Kaufleute
Ställen	Ställen
weise	weise
bestellt	bestellt
Aussätzige	Aussätzige
demütiget	demütiget
durchbohrt	durchbohrt
verbannet	verbannet
weinen	weinen
prüfest	prüfest
Wachet	Wachet
besuchen	besuchen
Tauben	Tauben
gewöhnte	gewöhnte
schlaget	schlaget
leid	leid
Söhne	Söhne
Schilde	Schilde
demütig	demütig
halt	halt
Türkis	Türkis
Sekten	Sekten
Suche	Suche
rufen	rufen
handhaben	handhaben
bewahrt	bewahrt
spricht	spricht
Kristalle	Kristalle
heißt	heißt
Bürden	Bürden
freiwilligen	freiwilligen
bleibest	bleibest
verwirfst	verwirfst
Hörst	Hörst
aufrichte	aufrichte
Feinden	Feinden
wärme	wärme
entsetzten	entsetzten
binde	binde
Krieg	Krieg
Dieben	Dieben
verbirgst	verbirgst
verkürzt	verkürzt
Plagen	Plagen
zuhöret	zuhöret
trinkest	trinkest
Leiche	Leiche
Schuld	Schuld
hänget	hänget
Fremde	Fremde
ratet	ratet
Weinstöcke	Weinstöcke
schenkest	schenkest
ehre	ehre
besucht	besucht
Quelle	Quelle
abzieht	abzieht
Palästen	Palästen
speist	speist
Pauke	Pauke
Kohle	Kohle
Propheten	Propheten
Einheimische	Einheimische
Grab	Grab
stellte	stellte
meine	meine
gebären	gebären
Jahr	Jahr
einnehmet	einnehmet
Frieden	Frieden
gefällt	gefällt
jaget	jaget
Grase	Grase
Skorpionen	Skorpionen
habe	habe
aufkommt	aufkommt
Löwe	Löwe
Kreise	Kreise
halbe	halbe
fragte	fragte
Tieren	Tieren
stolz	stolz
schämet	schämet
beugte	beugte
scheinet	scheinet
betrübten	betrübten
Teile	Teile
bemüht	bemüht
Fromme	Fromme
backt	backt
Ecken	Ecken
lobet	lobet
begrabet	begrabet
beseht	beseht
ziert	ziert
Elfen	Elfen
Zweigen	Zweigen
mache	mache
irren	irren
traut	traut
teilte	teilte
müssest	müssest
meinte	meinte
säte	säte
enge	enge
holet	holet
Türkise	Türkise
schaffte	schaffte
strafte	strafte
Sterne	Sterne
geratest	geratest
Zweige	Zweige
Gefängnissen	Gefängnissen
gefällst	gefällst
steigest	steigest
Bleche	Bleche
amen	amen
ritt	ritt
Kräfte	Kräfte
leihet	leihet
stoße	stoße
Soll	Soll
lachet	lachet
fällt	fällt
Gefangene	Gefangene
geraten	geraten
Broten	Broten
stiegen	stiegen
begrabt	begrabt
Willen	Willen
hure	hure
Sage	Sage
lernet	lernet
beschwerst	beschwerst
zeugest	zeugest
umkommt	umkommt
Laufet	Laufet
krank	krank
bauest	bauest
Herr	Herr
Töpfen	Töpfen
Folge	Folge
deckte	deckte
Füllen	Füllen
verstopften	verstopften
räumet	räumet
drücken	drücken
bedürft	bedürft
gebt	gebt
gewinne	gewinne
spiele	spiele
wälzte	wälzte
Pfeife	Pfeife
fahret	fahret
schnitten	schnitten
verkürzest	verkürzest
Einen	Einen
Zöpfen	Zöpfen
Werkzeuge	Werkzeuge
Leisten	Leisten
trinket	trinket
ach	ach
Hirschen	Hirschen
aufstand	aufstand
herrschet	herrschet
hadere	hadere
Beinen	Beinen
aufsteht	aufsteht
würde	würde
Leichname	Leichname
suchte	suchte
vermag	vermag
leihst	leihst
prediget	prediget
speisen	speisen
betrübet	betrübet
Fette	Fette
zerstreuet	zerstreuet
freute	freute
kennest	kennest
Reizt	Reizt
Dienst	Dienst
Ästen	Ästen
Mäusen	Mäusen
Steige	Steige
täuschet	täuschet
Röcke	Röcke
helle	helle
speise	speise
setzet	setzet
sucht	sucht
Spieße	Spieße
messen	messen
anrufen	anrufen
drängest	drängest
Stücke	Stücke
handhabt	handhabt
hausen	hausen
spannen	spannen
Ringen	Ringen
aufhört	aufhört
Heuschrecken	Heuschrecken
Leset	Leset
Reiche	Reiche
heiße	heiße
stürzest	stürzest
gießt	gießt
zeugst	zeugst
fallen	fallen
vermöge	vermöge
Als	Als
seufzest	seufzest
Buch	Buch
raubet	raubet
regieret	regieret
führe	führe
Trinkgefäßen	Trinkgefäßen
Forschet	Forschet
brecht	brecht
Funke	Funke
müßte	müßte
erlöset	erlöset
gebäre	gebäre
Eilet	Eilet
Köpfen	Köpfen
verstopft	verstopft
Gedanke	Gedanke
steige	steige
Grieche	Grieche
baue	baue
Ältesten	Ältesten
säumet	säumet
übte	übte
nimmst	nimmst
tief	tief
lüge	lüge
erbet	erbet
gewinnen	gewinnen
lehret	lehret
ein	ein
Tagen	Tagen
strafe	strafe
Gläubige	Gläubige
Haue	Haue
würden	würden
stürze	stürze
brechet	brechet
gewinnet	gewinnet
Last	Last
verunreinigst	verunreinigst
wacht	wacht
möge	möge
Jahren	Jahren
hoffte	hoffte
schreiben	schreiben
wohnest	wohnest
schätzt	schätzt
Taufen	Taufen
Hirsche	Hirsche
Ende	Ende
helfet	helfet
Ordnung	Ordnung
bewährt	bewährt
Grenze	Grenze
zürnte	zürnte
schaffet	schaffet
Spießen	Spießen
verschonet	verschonet
zerreißest	zerreißest
aufmacht	aufmacht
erforscht	erforscht
schon	schon
verstörte	verstörte
solle	solle
füllst	füllst
Linken	Linken
aufwachst	aufwachst
Klage	Klage
Reif	Reif
ältesten	ältesten
Eines	Eines
Ochs	Ochs
Schilden	Schilden
Schläge	Schläge
Weh	Weh
verfolgt	verfolgt
Gebet	Gebet
abtrünnigen	abtrünnigen
liebet	liebet
Nehmt	Nehmt
verdeckte	verdeckte
Anschlägen	Anschlägen
erzürnet	erzürnet
tretet	tretet
ausfuhr	ausfuhr
setzest	setzest
lobte	lobte
Weinstöcken	Weinstöcken
Schiffe	Schiffe
Quellen	Quellen
verständige	verständige
lieben	lieben
wogen	wogen
erlaubt	erlaubt
Äxten	Äxten
Tiefen	Tiefen
tatet	tatet
verwirrt	verwirrt
Weihen	Weihen
Gut	Gut
gelangen	gelangen
Sieben	Sieben
rächest	rächest
bemühst	bemühst
schmelzt	schmelzt
jungen	jungen
Laie	Laie
Fröschen	Fröschen
Deutungen	Deutungen
ausrichtest	ausrichtest
Speise	Speise
lassest	lassest
Kriegen	Kriegen
Knechte	Knechte
schenkst	schenkst
wünschte	wünschte
pflanze	pflanze
verlobt	verlobt
Speere	Speere
auflöste	auflöste
linken	linken
Zähnen	Zähnen
spannt	spannt
Gesetzen	Gesetzen
Wunde	Wunde
Geschäfte	Geschäfte
reizest	reizest
Früchten	Früchten
Erstlinge	Erstlinge
bekennst	bekennst
Gängen	Gängen
Edelsteinen	Edelsteinen
regiere	regiere
erlöse	erlöse
erniedrigt	erniedrigt
Füchsen	Füchsen
heben	heben
innere	innere
lernst	lernst
Kristallen	Kristallen
Schafen	Schafen
reichte	reichte
holte	holte
Alte	Alte
fehlen	fehlen
reichen	reichen
steinigst	steinigst
Ecke	Ecke
Band	Band
Schwänzen	Schwänzen
fehlet	fehlet
befehle	befehle
Leide	Leide
Lüsten	Lüsten
