sända	sända
anletes	anletes
Kedars	Kedars
inrättade	inrättade
Simons	Simons
förtära	förtära
hör	hör
brännes	brännes
Abiram	Abiram
bortkastad	bortkastad
viskas	viskas
döda	döda
förleda	förleda
Jedutun	Jedutun
Bela	Bela
Kedar	Kedar
oren	oren
döma	döma
befälhavarna	befälhavarna
längten	längten
förlåte	förlåte
äppelträd	äppelträd
sköten	sköten
hölje	hölje
äppelträdet	äppelträdet
gudsfruktans	gudsfruktans
fördöma	fördöma
överlämnades	överlämnades
drucken	drucken
Abimeleks	Abimeleks
rädd	rädd
gileaditen	gileaditen
kasten	kasten
brändes	brändes
tända	tända
fatet	fatet
sons	sons
vandrade	vandrade
grumlade	grumlade
slagen	slagen
förvaltade	förvaltade
förbjuda	förbjuda
sårade	sårade
till	till
utsläckt	utsläckt
dragen	dragen
Hebron	Hebron
altare	altare
tycke	tycke
penningar	penningar
Libanon	Libanon
Samuels	Samuels
störste	störste
stadier	stadier
dödade	dödade
förenade	förenade
fördärv	fördärv
anstiftade	anstiftade
skänke	skänke
resas	resas
Leviatan	Leviatan
Ut	Ut
skrivare	skrivare
omsnärjt	omsnärjt
öppnades	öppnades
avståndet	avståndet
anförare	anförare
Massas	Massas
blottade	blottade
Babel	Babel
sakens	sakens
marks	marks
tillspillogivna	tillspillogivna
födda	födda
vävare	vävare
avbärgat	avbärgat
glada	glada
Undan	Undan
vett	vett
synds	synds
förrättades	förrättades
städ	städ
vedergälle	vedergälle
menen	menen
upplagda	upplagda
tacka	tacka
vädurarna	vädurarna
fogade	fogade
störes	störes
stormade	stormade
vingarna	vingarna
fårs	fårs
tillredda	tillredda
sänka	sänka
moderssköte	moderssköte
Davids	Davids
gömmes	gömmes
Hela	Hela
fjättrar	fjättrar
helgades	helgades
Seirs	Seirs
vilen	vilen
moderlivet	moderlivet
kärvarna	kärvarna
beskärt	beskärt
fötterna	fötterna
gode	gode
års	års
ekar	ekar
förundrade	förundrade
hämtade	hämtade
väckas	väckas
dukat	dukat
Isebels	Isebels
Kain	Kain
dräpt	dräpt
lamm	lamm
uppröres	uppröres
vinna	vinna
äldstes	äldstes
sena	sena
höj	höj
bäckarna	bäckarna
hemsökt	hemsökt
Rabba	Rabba
väva	väva
gräte	gräte
övergiven	övergiven
funna	funna
rörande	rörande
smältas	smältas
svängde	svängde
synd	synd
finnes	finnes
uppdraget	uppdraget
förmörkade	förmörkade
orenen	orenen
fullbordade	fullbordade
Rehabeam	Rehabeam
ort	ort
sådda	sådda
Stället	Stället
rätas	rätas
lugnade	lugnade
steka	steka
sport	sport
råds	råds
förutbestämt	förutbestämt
förblivande	förblivande
Leviatans	Leviatans
fördrives	fördrives
betänka	betänka
växe	växe
uppgiva	uppgiva
uppsöka	uppsöka
lycka	lycka
brännande	brännande
vann	vann
förslag	förslag
dammarna	dammarna
uppståndna	uppståndna
trampas	trampas
skådade	skådade
svinet	svinet
Moab	Moab
faste	faste
Ordet	Ordet
bitens	bitens
bedragna	bedragna
hals	hals
bägare	bägare
rätt	rätt
nödgas	nödgas
väljen	väljen
ingångarna	ingångarna
vit	vit
förste	förste
räcken	räcken
Talen	Talen
Maas	Maas
dömes	dömes
dyrkar	dyrkar
ringa	ringa
stjäl	stjäl
mätt	mätt
förtorkade	förtorkade
övriga	övriga
mottages	mottages
stallet	stallet
annan	annan
utsättes	utsättes
uppslukades	uppslukades
plåga	plåga
döpt	döpt
spejare	spejare
stjäla	stjäla
Jerusalem	Jerusalem
rycka	rycka
lända	lända
borrade	borrade
barn	barn
allting	allting
sitta	sitta
uträckas	uträckas
Amalek	Amalek
släta	släta
borgar	borgar
varandras	varandras
jagades	jagades
nedbrytes	nedbrytes
förena	förena
David	David
hämnas	hämnas
sänkt	sänkt
tyg	tyg
höljas	höljas
strävade	strävade
borttagen	borttagen
koka	koka
upptändes	upptändes
horn	horn
Hets	Hets
förbudet	förbudet
låta	låta
huggna	huggna
drivas	drivas
Jonatans	Jonatans
bytt	bytt
förödes	förödes
henne	henne
förtryckare	förtryckare
stigen	stigen
livs	livs
efterfölja	efterfölja
fyll	fyll
Lus	Lus
vakttornet	vakttornet
var	var
vilka	vilka
svävade	svävade
sko	sko
skål	skål
förbytes	förbytes
lägge	lägge
äldste	äldste
Job	Job
utföre	utföre
strutsarna	strutsarna
grannarna	grannarna
påbudet	påbudet
Akajas	Akajas
utsprida	utsprida
skiften	skiften
Marias	Marias
hurudana	hurudana
Sauls	Sauls
stadiers	stadiers
gjorda	gjorda
uppslukade	uppslukade
firade	firade
sken	sken
såren	såren
Balaks	Balaks
uträcken	uträcken
styckade	styckade
ringarna	ringarna
hugges	hugges
borttappade	borttappade
upptänt	upptänt
trängde	trängde
värmen	värmen
följe	följe
gifte	gifte
Bara	Bara
Uris	Uris
uppbygga	uppbygga
Den	Den
betäcka	betäcka
bära	bära
Moabs	Moabs
inga	inga
upplopp	upplopp
armen	armen
följd	följd
byggnadsverket	byggnadsverket
Folk	Folk
köpa	köpa
Kabuls	Kabuls
Nebajots	Nebajots
översta	översta
undantagen	undantagen
ut	ut
vrede	vrede
lögnprofeternas	lögnprofeternas
ätes	ätes
fåren	fåren
gripen	gripen
utrotades	utrotades
undan	undan
förlik	förlik
Anatot	Anatot
betar	betar
tycka	tycka
Ute	Ute
gileaditer	gileaditer
bedragare	bedragare
Vilka	Vilka
förskingrades	förskingrades
flotta	flotta
tillgiva	tillgiva
förhärligen	förhärligen
driva	driva
förras	förras
upprätta	upprätta
hälsades	hälsades
givna	givna
ålägga	ålägga
vinn	vinn
Under	Under
torn	torn
rövade	rövade
döm	döm
samme	samme
gäckas	gäckas
slunga	slunga
rov	rov
give	give
plågades	plågades
drage	drage
uppresa	uppresa
åter	åter
hus	hus
plugg	plugg
förlikt	förlikt
eder	eder
Baals	Baals
fattade	fattade
berg	berg
log	log
rättas	rättas
inbärgning	inbärgning
ämne	ämne
Aner	Aner
vaken	vaken
uppfylle	uppfylle
beställt	beställt
helgade	helgade
avvändes	avvändes
anfallen	anfallen
Jason	Jason
inträda	inträda
sky	sky
hörsamma	hörsamma
vind	vind
födde	födde
övrigt	övrigt
Tabors	Tabors
axet	axet
predikat	predikat
dennas	dennas
dödande	dödande
lugna	lugna
dräpe	dräpe
fullbordades	fullbordades
tillträde	tillträde
tryggade	tryggade
berömda	berömda
Berea	Berea
förtryckt	förtryckt
gap	gap
dödades	dödades
vändes	vändes
Hebers	Hebers
befäl	befäl
uppenbaras	uppenbaras
stickas	stickas
Mas	Mas
gästabudet	gästabudet
förstörde	förstörde
stiga	stiga
förstörs	förstörs
mark	mark
folk	folk
pressade	pressade
skurna	skurna
fortfara	fortfara
inbärgade	inbärgade
djur	djur
fattat	fattat
än	än
bjödo	bjödo
uppläsa	uppläsa
förtrycka	förtrycka
utgjutes	utgjutes
stenhuggare	stenhuggare
yngstes	yngstes
frälsare	frälsare
lider	lider
skrymtade	skrymtade
Aten	Aten
förunne	förunne
upptagen	upptagen
store	store
Sebaots	Sebaots
omgives	omgives
uppfödde	uppfödde
nymånadsdag	nymånadsdag
förfärade	förfärade
fiskade	fiskade
anlete	anlete
Persiens	Persiens
byarna	byarna
klagoropet	klagoropet
förhärligade	förhärligade
libyer	libyer
Allas	Allas
bevise	bevise
den	den
räknades	räknades
förbud	förbud
inbärgar	inbärgar
mättas	mättas
gläds	gläds
bortryckta	bortryckta
deltagande	deltagande
fästa	fästa
bespejare	bespejare
brännsåret	brännsåret
armes	armes
Omar	Omar
upprörd	upprörd
HERRENs	HERRENs
Sera	Sera
fältet	fältet
Det	Det
utföres	utföres
hören	hören
stillades	stillades
väges	väges
bespejen	bespejen
uppbådades	uppbådades
nämnes	nämnes
sälje	sälje
hållare	hållare
kända	kända
förkunnades	förkunnades
ringe	ringe
bruset	bruset
Salomo	Salomo
tankarna	tankarna
ökade	ökade
förfäras	förfäras
förgörare	förgörare
undantagna	undantagna
hon	hon
inbärga	inbärga
murbruk	murbruk
uddar	uddar
sväljen	sväljen
nästen	nästen
spjut	spjut
självt	självt
andas	andas
förbytt	förbytt
vände	vände
sann	sann
intagen	intagen
Haso	Haso
förlike	förlike
inrättades	inrättades
Meraris	Meraris
spottade	spottade
omgiva	omgiva
stjärntydare	stjärntydare
avfallen	avfallen
beskära	beskära
förströdde	förströdde
möte	möte
skriva	skriva
tvaget	tvaget
Natans	Natans
täckas	täckas
bönerna	bönerna
låte	låte
inhägnad	inhägnad
höjen	höjen
innan	innan
moder	moder
dia	dia
förståndet	förståndet
vedergälla	vedergälla
betäckt	betäckt
kände	kände
upprest	upprest
sitter	sitter
förföljda	förföljda
sköljes	sköljes
visen	visen
slakt	slakt
lidandet	lidandet
dragare	dragare
Baal	Baal
svin	svin
Naftalis	Naftalis
tillsättes	tillsättes
fylld	fylld
förstörda	förstörda
svala	svala
klädde	klädde
loge	loge
aktade	aktade
förrådshus	förrådshus
Heles	Heles
torka	torka
binda	binda
din	din
rört	rört
Anaks	Anaks
agas	agas
vilket	vilket
lösas	lösas
född	född
spridde	spridde
Beten	Beten
Absaloms	Absaloms
Bröder	Bröder
retas	retas
belopp	belopp
övermodet	övermodet
fotbladet	fotbladet
vreden	vreden
hjälpare	hjälpare
bitarna	bitarna
försörja	försörja
säte	säte
läger	läger
utforsken	utforsken
lyckas	lyckas
vänt	vänt
öppnade	öppnade
varandra	varandra
korsfästas	korsfästas
bruke	bruke
dröja	dröja
hämnare	hämnare
Rubens	Rubens
förordnade	förordnade
höra	höra
HERREN	HERREN
omkommo	omkommo
hyst	hyst
havande	havande
trängt	trängt
bäckens	bäckens
spott	spott
upprättade	upprättade
fördömde	fördömde
nymånadsdagen	nymånadsdagen
upphäven	upphäven
upptecknade	upptecknade
Inga	Inga
dräp	dräp
förvaltare	förvaltare
berget	berget
Husas	Husas
make	make
Judeen	Judeen
säges	säges
styrkes	styrkes
säge	säge
vrida	vrida
utstakade	utstakade
krig	krig
gömma	gömma
gångerna	gångerna
varen	varen
drog	drog
stinka	stinka
vederkvicka	vederkvicka
stupade	stupade
ställen	ställen
frambäres	frambäres
använda	använda
räknen	räknen
besöka	besöka
upplagt	upplagt
räcka	räcka
beta	beta
udd	udd
Beker	Beker
Elieser	Elieser
tungas	tungas
förtälj	förtälj
inträde	inträde
utbyta	utbyta
sova	sova
fortfarande	fortfarande
Abrams	Abrams
Man	Man
Sered	Sered
Salem	Salem
eländet	eländet
betydande	betydande
Hiskia	Hiskia
Barak	Barak
åts	åts
ödmjukade	ödmjukade
frälsa	frälsa
lärda	lärda
kärl	kärl
utröna	utröna
död	död
sikte	sikte
bud	bud
bränna	bränna
vägs	vägs
råder	råder
förundren	förundren
fikonträd	fikonträd
vise	vise
gjordes	gjordes
fare	fare
förblive	förblive
dugande	dugande
arbetare	arbetare
rövare	rövare
tillhörande	tillhörande
bevis	bevis
Salems	Salems
ansiktes	ansiktes
upptaga	upptaga
klipper	klipper
rikt	rikt
Susan	Susan
fräta	fräta
nät	nät
Ett	Ett
anföra	anföra
ihågkomma	ihågkomma
invånare	invånare
Gad	Gad
omsnärjde	omsnärjde
predikade	predikade
kallade	kallade
vitt	vitt
ställt	ställt
frukte	frukte
fruktan	fruktan
ed	ed
snår	snår
byten	byten
fött	fött
skött	skött
bestämda	bestämda
görare	görare
boks	boks
sanna	sanna
upphäves	upphäves
inviga	inviga
Aras	Aras
ofta	ofta
sports	sports
göden	göden
grunden	grunden
anställd	anställd
tillgiven	tillgiven
sökt	sökt
Akan	Akan
flottar	flottar
Ars	Ars
förgätna	förgätna
brytes	brytes
tages	tages
utbytte	utbytte
fördragen	fördragen
främmandes	främmandes
hjärta	hjärta
göres	göres
utdelat	utdelat
Mahalalel	Mahalalel
Arabien	Arabien
lagen	lagen
klippa	klippa
förtryck	förtryck
bedraga	bedraga
Johannes	Johannes
blygas	blygas
Heber	Heber
Gehennas	Gehennas
huvudet	huvudet
Goa	Goa
förnimma	förnimma
brevet	brevet
Vilket	Vilket
Natan	Natan
förkunnade	förkunnade
lida	lida
skugga	skugga
kokte	kokte
Jobs	Jobs
domar	domar
sälja	sälja
fordren	fordren
läses	läses
pluggarna	pluggarna
borrar	borrar
Jesaja	Jesaja
breda	breda
gladas	gladas
fruktade	fruktade
blotta	blotta
stekt	stekt
Både	Både
renat	renat
stode	stode
gjutes	gjutes
de	de
allas	allas
tillredes	tillredes
fråga	fråga
tog	tog
omsnärjer	omsnärjer
hjärtas	hjärtas
vändas	vändas
då	då
förstörare	förstörare
fört	fört
mister	mister
tiga	tiga
stänkt	stänkt
brinnande	brinnande
släppe	släppe
Gudarna	Gudarna
uppenbara	uppenbara
trätt	trätt
Ono	Ono
drivna	drivna
Akbors	Akbors
Orions	Orions
förstören	förstören
Meleks	Meleks
Vin	Vin
levande	levande
kullarna	kullarna
inställa	inställa
ära	ära
Faders	Faders
plågas	plågas
hacka	hacka
födes	födes
förgör	förgör
invigda	invigda
bars	bars
Mahalalels	Mahalalels
Gileads	Gileads
renades	renades
lamms	lamms
sjukt	sjukt
gemak	gemak
strids	strids
snara	snara
verkade	verkade
Asa	Asa
förtryckes	förtryckes
tänke	tänke
duga	duga
satta	satta
kors	kors
byggda	byggda
fotblad	fotblad
drabbade	drabbade
tagen	tagen
beredde	beredde
Abrahams	Abrahams
Sebaot	Sebaot
betrycktes	betrycktes
denne	denne
förbrännes	förbrännes
nedgjorde	nedgjorde
resande	resande
upphöjde	upphöjde
släckes	släckes
lägga	lägga
låge	låge
smädare	smädare
efterföljd	efterföljd
utfärdade	utfärdade
tillhöra	tillhöra
egyptierna	egyptierna
släppa	släppa
övergåve	övergåve
utsläckes	utsläckes
slaktdjur	slaktdjur
hylla	hylla
saker	saker
upphäva	upphäva
Milka	Milka
utpantat	utpantat
stängda	stängda
axens	axens
fördärvades	fördärvades
träta	träta
Sutelas	Sutelas
tvagna	tvagna
järn	järn
tröstar	tröstar
våldföres	våldföres
räddades	räddades
Ai	Ai
tillfrisknade	tillfrisknade
utlysa	utlysa
torg	torg
Obeds	Obeds
stöta	stöta
rest	rest
släcka	släcka
Ana	Ana
dragna	dragna
Tamar	Tamar
fyllen	fyllen
förfölja	förfölja
Berias	Berias
tryckte	tryckte
Satan	Satan
förökade	förökade
ringar	ringar
förlitat	förlitat
snärjas	snärjas
Joa	Joa
förgjordes	förgjordes
verke	verke
avhållen	avhållen
överfalla	överfalla
spridda	spridda
första	första
höljda	höljda
blodbadet	blodbadet
betänken	betänken
lyte	lyte
arbete	arbete
lägges	lägges
valkares	valkares
Ande	Ande
ställda	ställda
biträda	biträda
bygges	bygges
förvarade	förvarade
avskilda	avskilda
frossare	frossare
vädurens	vädurens
Resa	Resa
betyda	betyda
göras	göras
offrade	offrade
tågade	tågade
spände	spände
ek	ek
utforskade	utforskade
odjuret	odjuret
klädda	klädda
beten	beten
maka	maka
Hanok	Hanok
avsatt	avsatt
skrapa	skrapa
Assur	Assur
Leas	Leas
gravarna	gravarna
Het	Het
fördärvade	fördärvade
snöret	snöret
jublen	jublen
brödet	brödet
böjes	böjes
somt	somt
bedriva	bedriva
samtycka	samtycka
dolde	dolde
inmönstrade	inmönstrade
betrodda	betrodda
Sådan	Sådan
synderna	synderna
dräpen	dräpen
uppsatte	uppsatte
Sisak	Sisak
spotten	spotten
byta	byta
ställd	ställd
vetekornet	vetekornet
borgare	borgare
inmönstrades	inmönstrades
Satans	Satans
försvunno	försvunno
förliten	förliten
dyrkades	dyrkades
Manasse	Manasse
låret	låret
Lod	Lod
uträckt	uträckt
förundran	förundran
rädes	rädes
tillspillogiven	tillspillogiven
fast	fast
våldsverkarna	våldsverkarna
föreläses	föreläses
utpantning	utpantning
lyftes	lyftes
håla	håla
utslaget	utslaget
pålägges	pålägges
Eder	Eder
växt	växt
Hul	Hul
frätas	frätas
gören	gören
rycke	rycke
Ada	Ada
hjälpa	hjälpa
draga	draga
slaktades	slaktades
bryta	bryta
avlämnade	avlämnade
säljen	säljen
omkomma	omkomma
Rahab	Rahab
Abels	Abels
utdelade	utdelade
planterade	planterade
gräns	gräns
fatten	fatten
Joab	Joab
vakar	vakar
Jotams	Jotams
yttersta	yttersta
folket	folket
torkade	torkade
förtrycktas	förtrycktas
orterna	orterna
sändes	sändes
antända	antända
omringade	omringade
Merari	Merari
Hagar	Hagar
Isaks	Isaks
sans	sans
Judas	Judas
klappade	klappade
Efron	Efron
lika	lika
uppgiven	uppgiven
budord	budord
uppväcken	uppväcken
höje	höje
bärare	bärare
ansedde	ansedde
lära	lära
Arba	Arba
fetmas	fetmas
upplöst	upplöst
skildes	skildes
ökades	ökades
förstånd	förstånd
skjuta	skjuta
flyttade	flyttade
Lammet	Lammet
Kanaan	Kanaan
tårarna	tårarna
fästas	fästas
täcke	täcke
mods	mods
Vars	Vars
avhålla	avhålla
upptagna	upptagna
modersskötet	modersskötet
tänken	tänken
spännen	spännen
vars	vars
tagna	tagna
utsträcka	utsträcka
kysst	kysst
budbärare	budbärare
funnes	funnes
grunda	grunda
hembära	hembära
Rahabs	Rahabs
Soan	Soan
visas	visas
lögnprofeterna	lögnprofeterna
rannsakade	rannsakade
bjudes	bjudes
Et	Et
Jorams	Jorams
Labans	Labans
lysa	lysa
jämte	jämte
vållade	vållade
Rabbas	Rabbas
klappa	klappa
förlåta	förlåta
uttåget	uttåget
krossades	krossades
utsätta	utsätta
ämnade	ämnade
Abraham	Abraham
bunde	bunde
resa	resa
sökte	sökte
Lemeks	Lemeks
smide	smide
Joktan	Joktan
Jakob	Jakob
anklagade	anklagade
bästa	bästa
Sisaks	Sisaks
förbyta	förbyta
ingångens	ingångens
stötes	stötes
svarade	svarade
drives	drives
Denne	Denne
frambär	frambär
göra	göra
lagade	lagade
tänkt	tänkt
flöge	flöge
utbyte	utbyte
länder	länder
helas	helas
vredes	vredes
bältet	bältet
uppsatta	uppsatta
dessas	dessas
bortkastat	bortkastat
överdragna	överdragna
snart	snart
förödda	förödda
dina	dina
lysande	lysande
gud	gud
förbund	förbund
bete	bete
försvunna	försvunna
blyges	blyges
åka	åka
taket	taket
dräpa	dräpa
vållen	vållen
försörjare	försörjare
lärde	lärde
prisade	prisade
viljes	viljes
arglistighet	arglistighet
år	år
förvandlades	förvandlades
jubelåret	jubelåret
uträckte	uträckte
Sadoks	Sadoks
föröken	föröken
själva	själva
säkra	säkra
predikades	predikades
nitälskan	nitälskan
Sin	Sin
nätet	nätet
Husen	Husen
förfares	förfares
Benjamin	Benjamin
utbredda	utbredda
skilde	skilde
halt	halt
bröllop	bröllop
beseglade	beseglade
skilda	skilda
skarpt	skarpt
giva	giva
dricka	dricka
Jonatan	Jonatan
dröjen	dröjen
stenröse	stenröse
viskade	viskade
utlyst	utlyst
upptänd	upptänd
Vårt	Vårt
inbärgen	inbärgen
förstöres	förstöres
någon	någon
hemsöka	hemsöka
bredd	bredd
snärja	snärja
Kabul	Kabul
manas	manas
Aran	Aran
spik	spik
upphöjt	upphöjt
tillsätta	tillsätta
överdraga	överdraga
ödmjuka	ödmjuka
moln	moln
enes	enes
Abimelek	Abimelek
vika	vika
Ain	Ain
lyfta	lyfta
sån	sån
Vaken	Vaken
bevarade	bevarade
förgäta	förgäta
stycke	stycke
genomsöka	genomsöka
vila	vila
fot	fot
avsatte	avsatte
Uria	Uria
fullbordan	fullbordan
vant	vant
Saul	Saul
Loven	Loven
väns	väns
Manasses	Manasses
laga	laga
odjur	odjur
läkt	läkt
djuret	djuret
utgöres	utgöres
slås	slås
fördömda	fördömda
förödande	förödande
slickade	slickade
ben	ben
Josefs	Josefs
anklagare	anklagare
beloppet	beloppet
leden	leden
kastade	kastade
like	like
uträcka	uträcka
flögo	flögo
tvagen	tvagen
åker	åker
travare	travare
tusental	tusental
uppfödd	uppfödd
silverbägarna	silverbägarna
blåsa	blåsa
område	område
mödar	mödar
etiopier	etiopier
Helt	Helt
komma	komma
bliva	bliva
arglistige	arglistige
förhindrades	förhindrades
Ava	Ava
mött	mött
åten	åten
garn	garn
flyta	flyta
utgjuta	utgjuta
torget	torget
Jona	Jona
viska	viska
tjänen	tjänen
Salman	Salman
utvalda	utvalda
dräpes	dräpes
Samarias	Samarias
året	året
stadgas	stadgas
skälet	skälet
Sikems	Sikems
städer	städer
Amon	Amon
hela	hela
upplösa	upplösa
nästa	nästa
strålade	strålade
välva	välva
betryckta	betryckta
sådant	sådant
ögat	ögat
fördärven	fördärven
fattades	fattades
backarna	backarna
utsändes	utsändes
nära	nära
vingar	vingar
användes	användes
täckt	täckt
armodet	armodet
markerna	markerna
hembäre	hembäre
trampa	trampa
utföra	utföra
bundna	bundna
fälles	fälles
hot	hot
skålarna	skålarna
skäl	skäl
tiger	tiger
förrättade	förrättade
öra	öra
föden	föden
hålla	hålla
vet	vet
slösade	slösade
lytt	lytt
skrymtarna	skrymtarna
gjutna	gjutna
fäste	fäste
Syrien	Syrien
avhålle	avhålle
Betuels	Betuels
rista	rista
dråp	dråp
Lots	Lots
svänga	svänga
ytterst	ytterst
Kanaans	Kanaans
murare	murare
ålägges	ålägges
avfallna	avfallna
Ruben	Ruben
bortförde	bortförde
Gehenna	Gehenna
skapade	skapade
förskingrade	förskingrade
vis	vis
Jafets	Jafets
bjöden	bjöden
fordran	fordran
konungadömet	konungadömet
korn	korn
krossade	krossade
Asaf	Asaf
Kains	Kains
stinkande	stinkande
skylde	skylde
vårdar	vårdar
Vakna	Vakna
Noas	Noas
räta	räta
återstod	återstod
Lamm	Lamm
gräto	gräto
bade	bade
längs	längs
Gode	Gode
avsatserna	avsatserna
upplåten	upplåten
Israels	Israels
omvände	omvände
flyge	flyge
slaktet	slaktet
Melkisedek	Melkisedek
näpst	näpst
Asiens	Asiens
namns	namns
både	både
näste	näste
stjärntydarna	stjärntydarna
falls	falls
Datan	Datan
togs	togs
strida	strida
drömmar	drömmar
anställde	anställde
utstakat	utstakat
Massa	Massa
höres	höres
predikare	predikare
valkare	valkare
gods	gods
undersökt	undersökt
anförda	anförda
Jair	Jair
gödda	gödda
Bileams	Bileams
Svärd	Svärd
omfång	omfång
rötter	rötter
förmörkades	förmörkades
svans	svans
nedgjorda	nedgjorda
formade	formade
släktet	släktet
stärka	stärka
följeslagare	följeslagare
avstånd	avstånd
Naftali	Naftali
prisen	prisen
Seir	Seir
sänkas	sänkas
klagande	klagande
flyttades	flyttades
vårdare	vårdare
bestämde	bestämde
fördömd	fördömd
Abram	Abram
Egyptens	Egyptens
avskära	avskära
återstodo	återstodo
Arabiens	Arabiens
hälsade	hälsade
utsända	utsända
korer	korer
komme	komme
uppfyllda	uppfyllda
tjänarna	tjänarna
uppväcka	uppväcka
uppenbarade	uppenbarade
förökades	förökades
Isebel	Isebel
vilddjuret	vilddjuret
vakttorn	vakttorn
vanna	vanna
Evad	Evad
tysta	tysta
sjuke	sjuke
förvandlade	förvandlade
Assyrien	Assyrien
mördande	mördande
utrönt	utrönt
kommande	kommande
Elia	Elia
fyllas	fyllas
stormades	stormades
utkräves	utkräves
synas	synas
Anak	Anak
tiggare	tiggare
Jabins	Jabins
ansikte	ansikte
blåst	blåst
förlåtna	förlåtna
backar	backar
känna	känna
användas	användas
trälarbetet	trälarbetet
förtälja	förtälja
sårande	sårande
brukade	brukade
förtryckta	förtryckta
slagna	slagna
påskalammet	påskalammet
sändebud	sändebud
gränserna	gränserna
läras	läras
föda	föda
Hebrons	Hebrons
vita	vita
hoppade	hoppade
åt	åt
tillträda	tillträda
avsöndrade	avsöndrade
bygga	bygga
hämtades	hämtades
sålden	sålden
Iskariot	Iskariot
Tagen	Tagen
kriget	kriget
Sköt	Sköt
Salome	Salome
föröda	föröda
fallen	fallen
antalet	antalet
räddade	räddade
vittnesbörd	vittnesbörd
före	före
minne	minne
blodbad	blodbad
pålägga	pålägga
loven	loven
släkterna	släkterna
stilla	stilla
ark	ark
drive	drive
binde	binde
ingen	ingen
hindrades	hindrades
siktades	siktades
Belas	Belas
förlöst	förlöst
skäras	skäras
fostrade	fostrade
ändamål	ändamål
köpt	köpt
vilkas	vilkas
Serubbabels	Serubbabels
stenhuggarna	stenhuggarna
knyte	knyte
fjättrade	fjättrade
tackade	tackade
räddas	räddas
böja	böja
Fadern	Fadern
vandrarna	vandrarna
Hagars	Hagars
omringades	omringades
Jo	Jo
uträcker	uträcker
brända	brända
Babels	Babels
erövrare	erövrare
dömda	dömda
hövdingdömen	hövdingdömen
handlade	handlade
bakhållet	bakhållet
slita	slita
förtäljes	förtäljes
bevekt	bevekt
omvända	omvända
skifte	skifte
tjänare	tjänare
sätet	sätet
mönstrades	mönstrades
kyssa	kyssa
hörsammade	hörsammade
Simmas	Simmas
daglönare	daglönare
Benjamins	Benjamins
bröllopet	bröllopet
Samuel	Samuel
fången	fången
Kemuels	Kemuels
fördriva	fördriva
gör	gör
Taga	Taga
ansedda	ansedda
vara	vara
sågade	sågade
förbundet	förbundet
sådana	sådana
förgöra	förgöra
förbränna	förbränna
åkerstycke	åkerstycke
företaga	företaga
väckes	väckes
bon	bon
längtan	längtan
förstörd	förstörd
Arbas	Arbas
Joas	Joas
Antikrist	Antikrist
sida	sida
kort	kort
fint	fint
stärkt	stärkt
följande	följande
räknade	räknade
råka	råka
tändas	tändas
dödas	dödas
varde	varde
vare	vare
ammade	ammade
Anas	Anas
fälla	fälla
Bosras	Bosras
skuren	skuren
Abel	Abel
förre	förre
Efrons	Efrons
mjölet	mjölet
förutbestämde	förutbestämde
förehaven	förehaven
spenabarn	spenabarn
oxarna	oxarna
befälhavare	befälhavare
sådanas	sådanas
edens	edens
bortförd	bortförd
sångarna	sångarna
juble	juble
gileadit	gileadit
Gads	Gads
avmätt	avmätt
märka	märka
behålla	behålla
utrotade	utrotade
maakatéerna	maakatéerna
läge	läge
denna	denna
Edens	Edens
molnet	molnet
sträva	sträva
fostrare	fostrare
hjärtat	hjärtat
tak	tak
gudarna	gudarna
erövrade	erövrade
stadgar	stadgar
anstiftades	anstiftades
Jasons	Jasons
yngste	yngste
tränga	tränga
Dessa	Dessa
röras	röras
sådan	sådan
aga	aga
valvet	valvet
rykande	rykande
byggnadsverk	byggnadsverk
Absalom	Absalom
klagade	klagade
fots	fots
inställde	inställde
frambären	frambären
namn	namn
läka	läka
gileaditernas	gileaditernas
lånade	lånade
format	format
uppfylla	uppfylla
agat	agat
kröna	kröna
Diana	Diana
näst	näst
stänkes	stänkes
tröstare	tröstare
Johanna	Johanna
söks	söks
förslaget	förslaget
betänk	betänk
tillreds	tillreds
förströdda	förströdda
behållare	behållare
samma	samma
slätt	slätt
Serubbabel	Serubbabel
mörka	mörka
någons	någons
övrigas	övrigas
funne	funne
vävda	vävda
beredd	beredd
Dess	Dess
klöv	klöv
renade	renade
uppfyllen	uppfyllen
lämnade	lämnade
utkräva	utkräva
friade	friade
höjd	höjd
Vare	Vare
rörde	rörde
äta	äta
samlen	samlen
ägare	ägare
vakade	vakade
utvalde	utvalde
frälse	frälse
Adas	Adas
fostrades	fostrades
Hiskias	Hiskias
Dina	Dina
förres	förres
stillade	stillade
ha	ha
förtäre	förtäre
dammet	dammet
bekännare	bekännare
hurudant	hurudant
seende	seende
lovade	lovade
buren	buren
välvt	välvt
Öga	Öga
skrymtare	skrymtare
uppenbarades	uppenbarades
vittne	vittne
församlade	församlade
Nilens	Nilens
svalkas	svalkas
lärare	lärare
vända	vända
väta	väta
lösen	lösen
antal	antal
Abirams	Abirams
marker	marker
rike	rike
Dennes	Dennes
Rådet	Rådet
slån	slån
kläda	kläda
träda	träda
förunnade	förunnade
styra	styra
fördrivna	fördrivna
beskäres	beskäres
hackade	hackade
sås	sås
grav	grav
täcktes	täcktes
försåt	försåt
uppföra	uppföra
handla	handla
uppgivna	uppgivna
öga	öga
bevisade	bevisade
förehava	förehava
Asien	Asien
trampade	trampade
Ester	Ester
skyarna	skyarna
Israel	Israel
hos	hos
glänsande	glänsande
syns	syns
utför	utför
ute	ute
förlösa	förlösa
Syriens	Syriens
församlas	församlas
Hanes	Hanes
våra	våra
rådde	rådde
böjt	böjt
köpebrev	köpebrev
fördärvare	fördärvare
siare	siare
leven	leven
upplöses	upplöses
penningarna	penningarna
Gat	Gat
Ismael	Ismael
förstes	förstes
fiskare	fiskare
murar	murar
biträde	biträde
stengolv	stengolv
Sådana	Sådana
tornet	tornet
valla	valla
mottaga	mottaga
Jered	Jered
fatte	fatte
arbetade	arbetade
frågen	frågen
dråparna	dråparna
rötterna	rötterna
arks	arks
Seras	Seras
skrivna	skrivna
stige	stige
nedbryta	nedbryta
bärande	bärande
De	De
säljare	säljare
Abias	Abias
vattnas	vattnas
rena	rena
Urias	Urias
lår	lår
ända	ända
röres	röres
Resen	Resen
förnimmen	förnimmen
bespejade	bespejade
tigga	tigga
ost	ost
försonade	försonade
ödelägges	ödelägges
modet	modet
sjuka	sjuka
fläkt	fläkt
Bileam	Bileam
Sur	Sur
Elisa	Elisa
Ahab	Ahab
dröj	dröj
lägg	lägg
äga	äga
vedergäll	vedergäll
struts	struts
stillas	stillas
beskärde	beskärde
värden	värden
tänka	tänka
blåste	blåste
värde	värde
jämna	jämna
förlitade	förlitade
fordras	fordras
ena	ena
bit	bit
bjudna	bjudna
Hanan	Hanan
bosätten	bosätten
rådande	rådande
menade	menade
förordnades	förordnades
åkerstycken	åkerstycken
bytte	bytte
Högstes	Högstes
blott	blott
lyftas	lyftas
Bosra	Bosra
täckte	täckte
Sem	Sem
stores	stores
bosätta	bosätta
antändas	antändas
Falla	Falla
upphöjda	upphöjda
granne	granne
bön	bön
Bered	Bered
Asafs	Asafs
Ehud	Ehud
närande	närande
gripna	gripna
fällas	fällas
lidandes	lidandes
travarna	travarna
åte	åte
korset	korset
böjd	böjd
döva	döva
fördärvet	fördärvet
öre	öre
slags	slags
brännsår	brännsår
böjde	böjde
Elis	Elis
Jafet	Jafet
skära	skära
sovo	sovo
läggen	läggen
försonas	försonas
utfärdades	utfärdades
vetet	vetet
vindarna	vindarna
Jotam	Jotam
arms	arms
omfånget	omfånget
flyga	flyga
såld	såld
avlämnades	avlämnades
mala	mala
Ussia	Ussia
nödgade	nödgade
röra	röra
Akaja	Akaja
råda	råda
plats	plats
trycka	trycka
korna	korna
hållen	hållen
sin	sin
skydda	skydda
fiskar	fiskar
Joktans	Joktans
friköpa	friköpa
Farao	Farao
Ned	Ned
klagorop	klagorop
fria	fria
förföljare	förföljare
anskaffade	anskaffade
sabbat	sabbat
vikt	vikt
Efraim	Efraim
företagen	företagen
vårt	vårt
badade	badade
falla	falla
läst	läst
uppstånden	uppstånden
förgjorda	förgjorda
hålen	hålen
våldet	våldet
spikarna	spikarna
bräderna	bräderna
fortfare	fortfare
upphöjd	upphöjd
Beta	Beta
mätte	mätte
skrämma	skrämma
tyckes	tyckes
luta	luta
tankar	tankar
Sköna	Sköna
veten	veten
upptända	upptända
slösare	slösare
klädd	klädd
det	det
handlar	handlar
besatta	besatta
hugga	hugga
malen	malen
stjäle	stjäle
tabernakels	tabernakels
Råd	Råd
Nebajot	Nebajot
främmande	främmande
vittnesbördet	vittnesbördet
gäckade	gäckade
fadern	fadern
fyllde	fyllde
uppföda	uppföda
träffas	träffas
löpare	löpare
tage	tage
skyddade	skyddade
våld	våld
Jerikos	Jerikos
beställa	beställa
Akbor	Akbor
altaret	altaret
Alls	Alls
träffades	träffades
Edom	Edom
avla	avla
ihågkommen	ihågkommen
Surs	Surs
Nilen	Nilen
pelarna	pelarna
dövas	dövas
fullborde	fullborde
jagade	jagade
frågade	frågade
Hesron	Hesron
stjälen	stjälen
upplysa	upplysa
avvända	avvända
överstes	överstes
behöva	behöva
ringas	ringas
bäste	bäste
fördömen	fördömen
gräten	gräten
betrycktas	betrycktas
bevaren	bevaren
bindes	bindes
Brödet	Brödet
brunnarna	brunnarna
släkt	släkt
rikes	rikes
skapades	skapades
utroten	utroten
anställda	anställda
ringare	ringare
armod	armod
lånen	lånen
följda	följda
Ismaels	Ismaels
skjuten	skjuten
fördolda	fördolda
förra	förra
frossa	frossa
vandren	vandren
Obed	Obed
Ehuds	Ehuds
undersöka	undersöka
markens	markens
löftet	löftet
tabernakel	tabernakel
gapet	gapet
Folket	Folket
Gamaliel	Gamaliel
dödsrike	dödsrike
mäta	mäta
brev	brev
renas	renas
täckta	täckta
löpen	löpen
Datans	Datans
Joram	Joram
bruse	bruse
agade	agade
stadgen	stadgen
ödelägga	ödelägga
förfara	förfara
Sutela	Sutela
betade	betade
rannsaken	rannsaken
orena	orena
man	man
sättes	sättes
Simon	Simon
bedrives	bedrives
upplyste	upplyste
anklagades	anklagades
vänd	vänd
bindas	bindas
fångade	fångade
syndarna	syndarna
Meribas	Meribas
försåtet	försåtet
Elias	Elias
vetekorn	vetekorn
sväljt	sväljt
Laban	Laban
tränges	tränges
dödsriket	dödsriket
konungadöme	konungadöme
befästas	befästas
ledda	ledda
rovet	rovet
nymånadsdagar	nymånadsdagar
bevarades	bevarades
budordet	budordet
enas	enas
fattas	fattas
sto	sto
ene	ene
skiftade	skiftade
vilade	vilade
upptages	upptages
spenabarnet	spenabarnet
värma	värma
vanärade	vanärade
annat	annat
Assyriens	Assyriens
bjuda	bjuda
beredda	beredda
skuggade	skuggade
övermod	övermod
omskäres	omskäres
rövar	rövar
sköte	sköte
budbärarna	budbärarna
Talar	Talar
skåden	skåden
smälte	smälte
befästa	befästa
uppsökte	uppsökte
betrodde	betrodde
jublande	jublande
helade	helade
bevare	bevare
visar	visar
brunne	brunne
åkerstycket	åkerstycket
Tro	Tro
dömen	dömen
hjälpt	hjälpt
hyllade	hyllade
Denna	Denna
värme	värme
hysa	hysa
snärjda	snärjda
huvud	huvud
sångerna	sångerna
övergiva	övergiva
kor	kor
Allt	Allt
bortföra	bortföra
mörker	mörker
platserna	platserna
grumlen	grumlen
råd	råd
höre	höre
ryggas	ryggas
stört	stört
Dans	Dans
smides	smides
stötte	stötte
anställa	anställa
utsatte	utsatte
utplånade	utplånade
utsträckt	utsträckt
utbredde	utbredde
bekänna	bekänna
Akas	Akas
skänkt	skänkt
såddes	såddes
näpsa	näpsa
ställde	ställde
lame	lame
Amaleks	Amaleks
behövande	behövande
Betuel	Betuel
bortrycktes	bortrycktes
anfalla	anfalla
stor	stor
mista	mista
avfalla	avfalla
ösa	ösa
seendes	seendes
Milkas	Milkas
kramade	kramade
märkt	märkt
förtäres	förtäres
dryck	dryck
Sans	Sans
rev	rev
bestänkt	bestänkt
föreläsa	föreläsa
Nea	Nea
oss	oss
frambära	frambära
drype	drype
kärlet	kärlet
druckna	druckna
beträden	beträden
föra	föra
Susa	Susa
järnet	järnet
trygga	trygga
lama	lama
Våra	Våra
köpebrevet	köpebrevet
Assurs	Assurs
sträcka	sträcka
bestänka	bestänka
ristade	ristade
beröven	beröven
äktenskapsbrott	äktenskapsbrott
skada	skada
berömt	berömt
fat	fat
ax	ax
hennes	hennes
Fallen	Fallen
utslag	utslag
Edoms	Edoms
bohaget	bohaget
tåga	tåga
sälj	sälj
planteren	planteren
fläka	fläka
döpes	döpes
Josef	Josef
bedrage	bedrage
oxens	oxens
Jeriko	Jeriko
lösa	lösa
behövs	behövs
benet	benet
täcka	täcka
smälta	smälta
vette	vette
fören	fören
gripa	gripa
styrka	styrka
sjunga	sjunga
plågade	plågade
maakatéer	maakatéer
höljes	höljes
Ners	Ners
gifta	gifta
förskräckes	förskräckes
Lot	Lot
förvarades	förvarades
amma	amma
Lemek	Lemek
Rehabeams	Rehabeams
låga	låga
besatte	besatte
dryckerna	dryckerna
uppväckt	uppväckt
Om	Om
Ögat	Ögat
besökt	besökt
fält	fält
korsfästes	korsfästes
kalla	kalla
beseglades	beseglades
snåret	snåret
blive	blive
städerna	städerna
förskräcka	förskräcka
äte	äte
Abida	Abida
nederlaget	nederlaget
blindas	blindas
talade	talade
elände	elände
glädes	glädes
vin	vin
utgjutna	utgjutna
ryka	ryka
talades	talades
snöre	snöre
moderliv	moderliv
hövdingdömet	hövdingdömet
Onan	Onan
livet	livet
råkade	råkade
överfallen	överfallen
ring	ring
vätas	vätas
förtärda	förtärda
förlika	förlika
stänger	stänger
Melek	Melek
Elisas	Elisas
söka	söka
broders	broders
samlades	samlades
länge	länge
stänga	stänga
springa	springa
avbärga	avbärga
Vilken	Vilken
given	given
huggen	huggen
förgjorde	förgjorde
Esaus	Esaus
taga	taga
Amminadabs	Amminadabs
omgivna	omgivna
gångar	gångar
upphöjen	upphöjen
finne	finne
palats	palats
kullar	kullar
många	många
Din	Din
stärken	stärken
gudsfruktan	gudsfruktan
tjäna	tjäna
svalt	svalt
Jeremia	Jeremia
lever	lever
Sjustjärnornas	Sjustjärnornas
ende	ende
störstes	störstes
våldsverkare	våldsverkare
spjutet	spjutet
Gera	Gera
mätten	mätten
garnet	garnet
förrådshuset	förrådshuset
väckt	väckt
skrapade	skrapade
Vid	Vid
båda	båda
brinna	brinna
visst	visst
offrades	offrades
inbyggares	inbyggares
namnet	namnet
Jesajas	Jesajas
mångas	mångas
Jabin	Jabin
spänna	spänna
kläder	kläder
stänka	stänka
Faraos	Faraos
förskräckt	förskräckt
släktens	släktens
Ais	Ais
föres	föres
hörn	hörn
bräde	bräde
fikonträdet	fikonträdet
slaktdjuret	slaktdjuret
Hulda	Hulda
genomsökt	genomsökt
palatset	palatset
samlas	samlas
jubelår	jubelår
bevekande	bevekande
Sina	Sina
rulla	rulla
blåses	blåses
säga	säga
hövdingdöme	hövdingdöme
lärd	lärd
Gamaliels	Gamaliels
avsats	avsats
stycken	stycken
burna	burna
droge	droge
funno	funno
berömde	berömde
egyptiers	egyptiers
skylt	skylt
friköpt	friköpt
äktenskapsbrottet	äktenskapsbrottet
givare	givare
omsluten	omsluten
Sjustjärnorna	Sjustjärnorna
sändebudet	sändebudet
uppdrag	uppdrag
borttappat	borttappat
fördolde	fördolde
läkare	läkare
Mana	Mana
drabbades	drabbades
Melkisedeks	Melkisedeks
slicke	slicke
kallades	kallades
bok	bok
vida	vida
vid	vid
ändamålet	ändamålet
vrides	vrides
Simma	Simma
Sådant	Sådant
Asas	Asas
förstöra	förstöra
hörare	hörare
Hasor	Hasor
Båda	Båda
omsluta	omsluta
invånares	invånares
rätta	rätta
tystade	tystade
berövade	berövade
såge	såge
Samaria	Samaria
Aven	Aven
bara	bara
mödat	mödat
blotten	blotten
gästabud	gästabud
Jereds	Jereds
skäres	skäres
skänka	skänka
sticka	sticka
hornet	hornet
skölja	skölja
Hans	Hans
våldföra	våldföra
Visa	Visa
lutade	lutade
övergåvo	övergåvo
tjäne	tjäne
Salma	Salma
tryckes	tryckes
Guds	Guds
löst	löst
förlite	förlite
hjul	hjul
omstörtades	omstörtades
San	San
uppläst	uppläst
Res	Res
springare	springare
inhägnade	inhägnade
Sadok	Sadok
Efraims	Efraims
manade	manade
Isak	Isak
bortkastade	bortkastade
bunden	bunden
vallar	vallar
son	son
känden	känden
avbärgad	avbärgad
Amons	Amons
Tabor	Tabor
bohag	bohag
skadade	skadade
Anatots	Anatots
Antikrists	Antikrists
Nebo	Nebo
läsen	läsen
räckas	räckas
logarna	logarna
blinde	blinde
bakhåll	bakhåll
fogades	fogades
beskärda	beskärda
kläde	kläde
skrymtan	skrymtan
förjagade	förjagade
maakatéernas	maakatéernas
ställa	ställa
öppnas	öppnas
mötes	mötes
kokt	kokt
siares	siares
koken	koken
tillreda	tillreda
betänkt	betänkt
säkras	säkras
skattmästarna	skattmästarna
stenröset	stenröset
sabbaterna	sabbaterna
drypa	drypa
avskäres	avskäres
blottas	blottas
sätta	sätta
miste	miste
höjes	höjes
Balak	Balak
skänk	skänk
Jedutuns	Jedutuns
Sanna	Sanna
hörda	hörda
avsöndrades	avsöndrades
göre	göre
stadga	stadga
vässt	vässt
veta	veta
betänkte	betänkte
förgöres	förgöres
förlita	förlita
sålda	sålda
anklagen	anklagen
Kemuel	Kemuel
tusentals	tusentals
Tala	Tala
köpare	köpare
slitna	slitna
Tres	Tres
intaga	intaga
vana	vana
huset	huset
ledas	ledas
lammet	lammet
byar	byar
födas	födas
mat	mat
väcka	väcka
bälte	bälte
Att	Att
Bekers	Bekers
tår	tår
visade	visade
utsläcka	utsläcka
förbjudes	förbjudes
ryckes	ryckes
utgöra	utgöra
sakerna	sakerna
mönstrade	mönstrade
avmäta	avmäta
bröderna	bröderna
arglistigt	arglistigt
uppbådade	uppbådade
krönt	krönt
förskräckte	förskräckte
upptecknades	upptecknades
betryckt	betryckt
dåd	dåd
korsfästa	korsfästa
bäres	bäres
Persien	Persien
vätt	vätt
stengolvet	stengolvet
hava	hava
nitälsken	nitälsken
området	området
Varde	Varde
rättfärdigas	rättfärdigas
förtär	förtär
lidande	lidande
segrare	segrare
Visar	Visar
Maria	Maria
hindrade	hindrade
rullas	rullas
omstörtade	omstörtade
förtrycken	förtrycken
antändes	antändes
minskade	minskade
Saras	Saras
lärt	lärt
gripes	gripes
öken	öken
dolda	dolda
uttåg	uttåg
Jerusalems	Jerusalems
upprättades	upprättades
avskilde	avskilde
utrote	utrote
kännes	kännes
svalka	svalka
invigen	invigen
Lotan	Lotan
Hanoks	Hanoks
räckt	räckt
rädda	rädda
beviset	beviset
gjuta	gjuta
förtorkades	förtorkades
falle	falle
döpa	döpa
Sems	Sems
pelare	pelare
rykte	rykte
Svärdet	Svärdet
släkte	släkte
etiopierna	etiopierna
vederkvickt	vederkvickt
möta	möta
Joabs	Joabs
släckt	släckt
Alexander	Alexander
dyrkade	dyrkade
befälet	befälet
springande	springande
drömma	drömma
styrkt	styrkt
Sereds	Sereds
bådas	bådas
murbruket	murbruket
behållna	behållna
Mose	Mose
trälarbete	trälarbete
övergivna	övergivna
verket	verket
bjude	bjude
bägarna	bägarna
svarande	svarande
krigarna	krigarna
under	under
revo	revo
tunga	tunga
nämnda	nämnda
mördare	mördare
valv	valv
täckes	täckes
pressar	pressar
anden	anden
gileaditerna	gileaditerna
upploppet	upploppet
tröstade	tröstade
uppfylles	uppfylles
borgen	borgen
Meriba	Meriba
Landet	Landet
tjänade	tjänade
svansarna	svansarna
skapare	skapare
koret	koret
hålles	hålles
vissna	vissna
övertäckt	övertäckt
utbreda	utbreda
överdragen	överdragen
Land	Land
försvarare	försvarare
ordspråket	ordspråket
retade	retade
förjagades	förjagades
stött	stött
Gats	Gats
Johanans	Johanans
uppförd	uppförd
minnes	minnes
manades	manades
Hanna	Hanna
korsar	korsar
minska	minska
budet	budet
uppförde	uppförde
Ingen	Ingen
drogs	drogs
enda	enda
ödmjukas	ödmjukas
stall	stall
alltings	alltings
domarna	domarna
lämnades	lämnades
insatte	insatte
förhindrade	förhindrade
upptänts	upptänts
Berit	Berit
beskärd	beskärd
hjulet	hjulet
Geras	Geras
bröder	bröder
Eva	Eva
hat	hat
sträckt	sträckt
göda	göda
nästas	nästas
klövs	klövs
styrkas	styrkas
Tamars	Tamars
brus	brus
löses	löses
firades	firades
aktades	aktades
invig	invig
förgäte	förgäte
som	som
smida	smida
mätta	mätta
förkunnare	förkunnare
dennes	dennes
sina	sina
hälsa	hälsa
slites	slites
täckts	täckts
styre	styre
svävande	svävande
vilddjur	vilddjur
Dan	Dan
No	No
Iskariots	Iskariots
stickade	stickade
slungade	slungade
trängd	trängd
årens	årens
fördraga	fördraga
borttaga	borttaga
sov	sov
arvet	arvet
löfte	löfte
gömmas	gömmas
inbyggare	inbyggare
uppfört	uppfört
dessa	dessa
fetma	fetma
förda	förda
träd	träd
märke	märke
nämnde	nämnde
Orion	Orion
upptänden	upptänden
äras	äras
upptage	upptage
bereda	bereda
vanära	vanära
Beria	Beria
allt	allt
gives	gives
Ställ	Ställ
vaka	vaka
viljen	viljen
arv	arv
hoppas	hoppas
daglönares	daglönares
försvarade	försvarade
våldsverkares	våldsverkares
Tre	Tre
dess	dess
insatt	insatt
ens	ens
Nebos	Nebos
kastades	kastades
hemsökes	hemsökes
strålande	strålande
budens	budens
Hesrons	Hesrons
kränkt	kränkt
följeslagares	följeslagares
efterföljare	efterföljare
gånge	gånge
dom	dom
skarpa	skarpa
Amminadab	Amminadab
rygga	rygga
utspridde	utspridde
förleder	förleder
Dianas	Dianas
mödade	mödade
upplåtna	upplåtna
Nod	Nod
förstör	förstör
stod	stod
vittnade	vittnade
smältes	smältes
kallas	kallas
gemaket	gemaket
upprört	upprört
sjunge	sjunge
Juda	Juda
jämnas	jämnas
mana	mana
uppbygges	uppbygges
inne	inne
Ner	Ner
Gilead	Gilead
smädade	smädade
saknas	saknas
uppfyll	uppfyll
överlämnade	överlämnade
finna	finna
oftare	oftare
beträda	beträda
Jakobs	Jakobs
kärve	kärve
bin	bin
behöves	behöves
tänk	tänk
tills	tills
flytt	flytt
avbärgade	avbärgade
hala	hala
läsa	läsa
sliten	sliten
utvaldas	utvaldas
Ussias	Ussias
Esau	Esau
förehaves	förehaves
rättfärdiga	rättfärdiga
mördade	mördade
vilken	vilken
Gud	Gud
vässer	vässer
libyerna	libyerna
tyget	tyget
föröke	föröke
brodern	brodern
Son	Son
vete	vete
förkunnen	förkunnen
lovar	lovar
blottades	blottades
Ard	Ard
Lea	Lea
tillfrisknat	tillfrisknat
arglistig	arglistig
skuldoffersvädur	skuldoffersvädur
betryckte	betryckte
utsatta	utsatta
Barn	Barn
leva	leva
Esters	Esters
utfören	utfören
öst	öst
Lovat	Lovat
fyllt	fyllt
fästes	fästes
fyllda	fyllda
buds	buds
Libanons	Libanons
skrämmes	skrämmes
fylla	fylla
mången	mången
driven	driven
silverbägare	silverbägare
hindarna	hindarna
Alexanders	Alexanders
omskära	omskära
säljes	säljes
knyta	knyta
hörsammades	hörsammades
lames	lames
Jeremias	Jeremias
anskaffades	anskaffades
brunnens	brunnens
kos	kos
Rebeckas	Rebeckas
drages	drages
kramades	kramades
Bera	Bera
arme	arme
hållna	hållna
övergive	övergive
Moses	Moses
Eliesers	Eliesers
spejade	spejade
damm	damm
Sikem	Sikem
nederlag	nederlag
förtäljen	förtäljen
fallna	fallna
dån	dån
Ren	Ren
Egypten	Egypten
blygs	blygs
uppgives	uppgives
mjöl	mjöl
talar	talar
spända	spända
påskalamm	påskalamm
sköta	sköta
svälja	svälja
skattmästare	skattmästare
bortförda	bortförda
hölja	hölja
saknade	saknade
fara	fara
läs	läs
skuldoffersväduren	skuldoffersväduren
sen	sen
talen	talen
Judeens	Judeens
Ord	Ord
ordspråk	ordspråk
slaktade	slaktade
Sara	Sara
påbud	påbud
stupa	stupa
vattnade	vattnade
upphöja	upphöja
glänsa	glänsa
Jairs	Jairs
omgiven	omgiven
alls	alls
Noa	Noa
öppnen	öppnen
jämt	jämt
fällda	fällda
linda	linda
avlat	avlat
hinder	hinder
hurudan	hurudan
förlåten	förlåten
satte	satte
döme	döme
välj	välj
dricke	dricke
förbliva	förbliva
övertäcka	övertäcka
kränka	kränka
inbärgat	inbärgat
eds	eds
liden	liden
sändas	sändas
utstött	utstött
upplåta	upplåta
bäre	bäre
bot	bot
sprida	sprida
utstöta	utstöta
lindade	lindade
sålde	sålde
faders	faders
upptändas	upptändas
segrar	segrar
samtycke	samtycke
Lud	Lud
släppt	släppt
utplånades	utplånades
viken	viken
uppbyggda	uppbyggda
dukade	dukade
Ahabs	Ahabs
känd	känd
Rebecka	Rebecka
säg	säg
Johanan	Johanan
löpa	löpa
bortfört	bortfört
blinda	blinda
Högste	Högste
stoderna	stoderna
kon	kon
Baraks	Baraks
deltaga	deltaga
klövarna	klövarna
visa	visa
