systerson	systerson
tillkommelsen	tillkommelsen
landstingsdirektörens	landstingsdirektörens
tvillings	tvillings
kilarna	kilarna
rulltårtan	rulltårtan
tremänningarna	tremänningarna
palindroms	palindroms
massförstörelsevapens	massförstörelsevapens
pudel	pudel
pulver	pulver
församla	församla
altruisternas	altruisternas
uppmanande	uppmanande
kokande	kokande
överleva	överleva
förgör	förgör
uppfylls	uppfylls
upptagnast	upptagnast
etiketterna	etiketterna
besök	besök
bilagornas	bilagornas
underskriften	underskriften
afrikanskan	afrikanskan
sedvänjor	sedvänjor
judoutövaren	judoutövaren
slagares	slagares
söks	söks
twittrande	twittrande
korsord	korsord
mätt	mätt
namnars	namnars
gladd	gladd
diarieförande	diarieförande
kristadelfians	kristadelfians
vinklande	vinklande
uppvärmning	uppvärmning
dyrkades	dyrkades
löste	löste
epitets	epitets
musikinstrument	musikinstrument
selleri	selleri
trycks	trycks
framsteg	framsteg
bränna	bränna
kommutatorn	kommutatorn
urladdningars	urladdningars
inramningars	inramningars
fononernas	fononernas
försonats	försonats
sen	sen
nejlikornas	nejlikornas
regenter	regenter
rättfärdiga	rättfärdiga
regleringsbrevets	regleringsbrevets
avtaget	avtaget
kufarna	kufarna
murare	murare
består	består
samfund	samfund
distributive	distributive
livstids	livstids
bordas	bordas
arkiverats	arkiverats
tågats	tågats
nittondels	nittondels
hakar	hakar
polera	polera
rödhaken	rödhaken
önskans	önskans
sexpacks	sexpacks
undantagen	undantagen
pennvässare	pennvässare
förgjorde	förgjorde
dämpare	dämpare
påbuds	påbuds
indoktrineringen	indoktrineringen
fakultetsnämnden	fakultetsnämnden
viktiga	viktiga
besiktigas	besiktigas
används	används
framstegen	framstegen
vindhåls	vindhåls
porren	porren
ungdomsförbund	ungdomsförbund
kokades	kokades
rustningars	rustningars
determinant	determinant
malströmmar	malströmmar
judoutövares	judoutövares
utesluts	utesluts
förgiftad	förgiftad
presenningen	presenningen
viktige	viktige
avgudens	avgudens
kombinerande	kombinerande
fagottisterna	fagottisterna
dominerade	dominerade
läroverk	läroverk
såga	såga
kokas	kokas
morfism	morfism
uppenbara	uppenbara
fjättras	fjättras
bered	bered
refererande	refererande
äppelträds	äppelträds
givandet	givandet
kvitteras	kvitteras
snöre	snöre
rödingars	rödingars
preliminärskattens	preliminärskattens
bränn	bränn
olla	olla
bromsat	bromsat
ispravniks	ispravniks
kofferts	kofferts
kloridernas	kloridernas
partistyrelserna	partistyrelserna
ögonhålornas	ögonhålornas
ballonger	ballonger
gorillas	gorillas
förkastas	förkastas
lokaliserande	lokaliserande
olivträd	olivträd
substraten	substraten
färgbildernas	färgbildernas
bilagorna	bilagorna
fattade	fattade
nittondelar	nittondelar
minikjolars	minikjolars
elektronhjärnorna	elektronhjärnorna
snöres	snöres
bilägger	bilägger
förfors	förfors
kläcka	kläcka
polisbyråerna	polisbyråerna
användande	användande
sexpackets	sexpackets
beteckna	beteckna
tysthetens	tysthetens
utfärdad	utfärdad
kvällstidnings	kvällstidnings
strålen	strålen
modernast	modernast
knackas	knackas
prissummas	prissummas
besöka	besöka
löjtnanten	löjtnanten
sanera	sanera
utbuden	utbuden
uteslöts	uteslöts
fåtölj	fåtölj
förgörs	förgörs
ryggsims	ryggsims
flunsa	flunsa
propan	propan
tågades	tågades
leksak	leksak
atomfysikens	atomfysikens
örlogsskolor	örlogsskolor
fontänerna	fontänerna
annexet	annexet
additionerna	additionerna
upptagnare	upptagnare
kombinerade	kombinerade
upplösas	upplösas
nejlikan	nejlikan
strålblomma	strålblomma
patrullerats	patrullerats
stöts	stöts
absids	absids
infiltrerades	infiltrerades
vittna	vittna
stenas	stenas
specialtecken	specialtecken
nynorskan	nynorskan
hyresvärden	hyresvärden
förändrat	förändrat
tala	tala
cykelpumparna	cykelpumparna
intrångs	intrångs
fagottisten	fagottisten
förståndets	förståndets
uttagning	uttagning
jobbs	jobbs
förkunnat	förkunnat
kvantiteter	kvantiteter
trakassera	trakassera
dyrkad	dyrkad
rättfärdigas	rättfärdigas
tagen	tagen
radavståndet	radavståndet
murarnas	murarnas
agitatorns	agitatorns
tågade	tågade
presenning	presenning
fjättrade	fjättrade
oxidationstal	oxidationstal
anglicismen	anglicismen
fackverk	fackverk
doktorands	doktorands
påvar	påvar
svepande	svepande
blidkad	blidkad
tillgängliggjord	tillgängliggjord
vrida	vrida
formas	formas
dunstar	dunstar
årsfester	årsfester
oscillations	oscillations
utgörande	utgörande
finansmarknadens	finansmarknadens
busschaufförerna	busschaufförerna
halvimperialen	halvimperialen
kuddarnas	kuddarnas
västliga	västliga
infogad	infogad
felfortplantningen	felfortplantningen
sändande	sändande
rövas	rövas
ylande	ylande
akvarellmålares	akvarellmålares
departementssekreterare	departementssekreterare
reklamationen	reklamationen
ambassadsekreterares	ambassadsekreterares
trädstammens	trädstammens
kokade	kokade
substrat	substrat
havererade	havererade
varulvs	varulvs
afrikanskors	afrikanskors
härdsmältors	härdsmältors
filtren	filtren
nöjer	nöjer
peruans	peruans
eskimåernas	eskimåernas
porträtterade	porträtterade
rötternas	rötternas
godtyckliga	godtyckliga
upplys	upplys
översikts	översikts
köksön	köksön
syrgas	syrgas
möjliggörande	möjliggörande
undantaget	undantaget
pråmars	pråmars
korsfästes	korsfästes
kvacksalvares	kvacksalvares
återlämnande	återlämnande
lamans	lamans
ellipser	ellipser
indoktrinera	indoktrinera
blottades	blottades
mittpunkts	mittpunkts
citrusfrukters	citrusfrukters
räddare	räddare
barrskog	barrskog
ratificera	ratificera
dubbelmackorna	dubbelmackorna
musikliv	musikliv
eldgaffel	eldgaffel
anticyklons	anticyklons
kommunikations	kommunikations
uppfyller	uppfyller
moppar	moppar
flatas	flatas
anpassningars	anpassningars
givna	givna
tryckarna	tryckarna
kruciverbisten	kruciverbisten
talande	talande
lur	lur
prokrastinerande	prokrastinerande
pub	pub
konservburkars	konservburkars
kontextuelle	kontextuelle
försonas	försonas
jeeparna	jeeparna
älgar	älgar
departementsråds	departementsråds
fackverket	fackverket
rekommenderade	rekommenderade
centralafrikan	centralafrikan
pappersknivar	pappersknivar
utrikespolitiks	utrikespolitiks
lämpas	lämpas
fängelsehålans	fängelsehålans
anlöpta	anlöpta
satt	satt
handläggs	handläggs
borrar	borrar
notställ	notställ
koffert	koffert
åttondels	åttondels
eskimåer	eskimåer
pluskvamperfekten	pluskvamperfekten
bryggkaffet	bryggkaffet
X-kromosomens	X-kromosomens
kära	kära
X-kromosom	X-kromosom
upplag	upplag
kantrad	kantrad
son	son
radianer	radianer
sköte	sköte
kuddarna	kuddarna
stickmygga	stickmygga
utsträck	utsträck
bronsmedalj	bronsmedalj
ministeriers	ministeriers
inrättande	inrättande
förkortningens	förkortningens
sjungits	sjungits
böjs	böjs
fästena	fästena
grundämnet	grundämnet
kuddars	kuddars
odjurets	odjurets
nynorskans	nynorskans
tänkare	tänkare
surdegarna	surdegarna
avbildades	avbildades
trigonometrin	trigonometrin
disponeras	disponeras
citrusfrukten	citrusfrukten
ax	ax
särk	särk
fogas	fogas
arkivarierna	arkivarierna
blattes	blattes
flydda	flydda
villig	villig
saknade	saknade
sydnäktergalarnas	sydnäktergalarnas
könskromosomernas	könskromosomernas
bildsidor	bildsidor
sändes	sändes
kvaddar	kvaddar
resecheckens	resecheckens
förmörkas	förmörkas
blödas	blödas
byråassistents	byråassistents
pennvässares	pennvässares
bedrivet	bedrivet
överser	överser
offras	offras
musikinstruments	musikinstruments
sutenören	sutenören
ansad	ansad
svängts	svängts
skickade	skickade
oxens	oxens
utvandrande	utvandrande
oboens	oboens
bedrövande	bedrövande
säkrande	säkrande
åtnjutas	åtnjutas
bevisande	bevisande
transaktionerna	transaktionerna
hållplatsers	hållplatsers
värnpliktskongress	värnpliktskongress
kompilerar	kompilerar
inramningen	inramningen
nallens	nallens
särkarnas	särkarnas
gruvstolparnas	gruvstolparnas
utbytes	utbytes
önska	önska
täcken	täcken
laotiskans	laotiskans
kids	kids
underskattad	underskattad
tranbärs	tranbärs
stöta	stöta
åskväder	åskväder
arbetsveckorna	arbetsveckorna
förhindrats	förhindrats
mysande	mysande
förflyttningarnas	förflyttningarnas
korsordet	korsordet
citronsyrans	citronsyrans
uzbekerna	uzbekerna
bokriserna	bokriserna
jagas	jagas
föräldralösa	föräldralösa
tystad	tystad
dyrkande	dyrkande
räknestickors	räknestickors
förändrade	förändrade
tumnagel	tumnagel
bigamis	bigamis
kedjehusets	kedjehusets
ekobrottets	ekobrottets
sjungs	sjungs
mikroelektronikens	mikroelektronikens
löst	löst
homografens	homografens
rastade	rastade
källingars	källingars
småländskas	småländskas
halshugga	halshugga
klöven	klöven
twittrats	twittrats
stadsstadgan	stadsstadgan
transporterande	transporterande
eforn	eforn
betecknat	betecknat
accenterna	accenterna
förtryckas	förtryckas
socialförsäkringsministrar	socialförsäkringsministrar
ringmuskelns	ringmuskelns
gifts	gifts
halsbanden	halsbanden
fågelskådares	fågelskådares
kriteriet	kriteriet
legitimiteten	legitimiteten
affine	affine
institutionella	institutionella
mon	mon
existentielle	existentielle
inropen	inropen
hedersbetygelsen	hedersbetygelsen
korsfästs	korsfästs
kryptan	kryptan
förspel	förspel
barnbördshuset	barnbördshuset
egyptierna	egyptierna
debattören	debattören
mjölksyras	mjölksyras
blidkas	blidkas
släktena	släktena
kokosnöts	kokosnöts
stativ	stativ
ljudlöse	ljudlöse
ögonglobs	ögonglobs
antimaterias	antimaterias
grindarna	grindarna
chilenares	chilenares
flyttats	flyttats
moppars	moppars
vålds	vålds
klädd	klädd
intellektuella	intellektuella
baltisk	baltisk
blåmes	blåmes
fattas	fattas
fallera	fallera
duetterna	duetterna
kräftor	kräftor
manlige	manlige
ystades	ystades
störtkrukors	störtkrukors
drängs	drängs
försynen	försynen
kommutatorns	kommutatorns
polerar	polerar
öppnat	öppnat
avlägsnas	avlägsnas
konstarter	konstarter
pluskvamperfekt	pluskvamperfekt
knacka	knacka
gallerior	gallerior
ödmjuke	ödmjuke
fiskmaten	fiskmaten
årors	årors
skulptör	skulptör
sexhörningarnas	sexhörningarnas
eftersträvar	eftersträvar
simbassängernas	simbassängernas
embarkeringskortens	embarkeringskortens
licentiaten	licentiaten
exponerad	exponerad
statschefer	statschefer
tyristorerna	tyristorerna
korniskan	korniskan
oändlig	oändlig
undermeny	undermeny
anställdes	anställdes
benämns	benämns
blattarna	blattarna
spenderas	spenderas
våld	våld
förkunnades	förkunnades
gaffeln	gaffeln
bronsmedaljer	bronsmedaljer
ansträngd	ansträngd
kirrande	kirrande
förenar	förenar
signerade	signerade
existentiellt	existentiellt
blankstegs	blankstegs
antända	antända
holonymens	holonymens
fakulteternas	fakulteternas
pärmars	pärmars
näpna	näpna
handlägga	handlägga
tryckas	tryckas
ondast	ondast
alkoholismens	alkoholismens
voltens	voltens
förkunnats	förkunnats
accelerationen	accelerationen
möts	möts
elddop	elddop
holonym	holonym
vilde	vilde
kröner	kröner
limpans	limpans
partistyrelses	partistyrelses
vifta	vifta
golfklubbs	golfklubbs
qvadrats	qvadrats
trofastheten	trofastheten
adelssläktens	adelssläktens
berömde	berömde
lärda	lärda
talas	talas
protesterad	protesterad
arrendes	arrendes
julaftnarnas	julaftnarnas
additionens	additionens
sköt	sköt
handlade	handlade
tv:n	tv:n
mikrofonerna	mikrofonerna
arkivrådens	arkivrådens
olivträdets	olivträdets
brunbjörnarna	brunbjörnarna
äggulors	äggulors
fanfaronaders	fanfaronaders
sökas	sökas
indikera	indikera
begrundades	begrundades
utkommen	utkommen
utbytena	utbytena
låter	låter
hotfull	hotfull
säkrades	säkrades
massakern	massakern
bildrullens	bildrullens
vittnesbördets	vittnesbördets
eolsharpors	eolsharpors
bokmärken	bokmärken
blottas	blottas
vingarnas	vingarnas
nejets	nejets
kutad	kutad
stimulerat	stimulerat
modet	modet
zappade	zappade
rövade	rövade
diskuterats	diskuterats
centralafrikaners	centralafrikaners
tensorer	tensorer
epitetet	epitetet
könsnorm	könsnorm
skrinlägger	skrinlägger
konfigurerande	konfigurerande
sjöboden	sjöboden
åskvädren	åskvädren
åttondelar	åttondelar
particips	particips
rulltårta	rulltårta
metern	metern
klistra	klistra
visen	visen
killingar	killingar
dövt	dövt
ovanor	ovanor
bukar	bukar
undermenyernas	undermenyernas
påvisar	påvisar
dyrkade	dyrkade
elektronhjärnas	elektronhjärnas
koffertarnas	koffertarnas
konsortiets	konsortiets
mångfacetterat	mångfacetterat
beskyddare	beskyddare
accelerationens	accelerationens
chilenarens	chilenarens
kommunikationers	kommunikationers
finansmarknaderna	finansmarknaderna
galningarna	galningarna
kronologiska	kronologiska
rasmassa	rasmassa
terroriserande	terroriserande
trycka	trycka
kejsarens	kejsarens
huvars	huvars
stärk	stärk
protestera	protestera
åskådar	åskådar
lösare	lösare
sydnäktergalarna	sydnäktergalarna
ystats	ystats
utför	utför
linjekartans	linjekartans
jodens	jodens
sökts	sökts
markörerna	markörerna
antänder	antänder
marinbiologin	marinbiologin
adelssläkt	adelssläkt
kämpad	kämpad
mötande	mötande
kombineras	kombineras
enslinjerna	enslinjerna
pubarna	pubarna
renades	renades
såld	såld
klon	klon
anklagades	anklagades
anpassningar	anpassningar
lärt	lärt
fotgängaren	fotgängaren
avlagda	avlagda
beskriver	beskriver
korsfästa	korsfästa
renade	renade
rumäner	rumäner
oskadliggör	oskadliggör
konungadömens	konungadömens
bältens	bältens
flädermärgskulornas	flädermärgskulornas
dissekerat	dissekerat
svavelstickan	svavelstickan
känd	känd
pilsnerns	pilsnerns
befästa	befästa
utföras	utföras
bovs	bovs
kulsprutas	kulsprutas
affin	affin
svindeln	svindeln
domäns	domäns
borra	borra
visheten	visheten
nöjt	nöjt
oxarna	oxarna
upphäver	upphäver
ymnighetens	ymnighetens
barntås	barntås
beskrivningsspråken	beskrivningsspråken
spenderar	spenderar
förgöra	förgöra
misshandlar	misshandlar
begås	begås
stridsmedlen	stridsmedlen
koncentrera	koncentrera
obegränsae	obegränsae
altruistisk	altruistisk
tjugofemöringens	tjugofemöringens
skriftligt	skriftligt
butikskedjor	butikskedjor
kemikaliens	kemikaliens
byråkratiskt	byråkratiskt
benämnande	benämnande
amperena	amperena
hycklare	hycklare
5-öring	5-öring
webbplats	webbplats
slagverkares	slagverkares
fingeravtrycks	fingeravtrycks
kålroten	kålroten
joden	joden
varierades	varierades
dateras	dateras
nonan	nonan
besegra	besegra
respekterad	respekterad
redaktionssekreteraren	redaktionssekreteraren
anrättningar	anrättningar
halshuggande	halshuggande
redaktionssekreterarnas	redaktionssekreterarnas
uppenbarades	uppenbarades
nickas	nickas
örfilarna	örfilarna
webbplatser	webbplatser
gorillor	gorillor
möttes	möttes
krokodilers	krokodilers
konvoluts	konvoluts
klämdagar	klämdagar
sökt	sökt
ambassadsekreterare	ambassadsekreterare
konverterades	konverterades
förtvivla	förtvivla
essenserna	essenserna
upphävande	upphävande
provisoriets	provisoriets
finländaren	finländaren
fiskmatens	fiskmatens
determinanter	determinanter
bilfärjornas	bilfärjornas
nästen	nästen
anarkister	anarkister
villkoren	villkoren
hyresnämnden	hyresnämnden
anklagade	anklagade
brunbjörnar	brunbjörnar
korsförhöret	korsförhöret
inspekterat	inspekterat
stödstrumpans	stödstrumpans
lydelses	lydelses
Fourierserier	Fourierserier
doktorsgraderna	doktorsgraderna
sidensvans	sidensvans
translationer	translationer
förstods	förstods
utträdesarbetet	utträdesarbetet
jordreforms	jordreforms
lavs	lavs
trombs	trombs
aktivismen	aktivismen
antytt	antytt
abonnemangsavgiften	abonnemangsavgiften
kläckts	kläckts
mös	mös
kontrabas	kontrabas
arkiverad	arkiverad
antänt	antänt
twittras	twittras
cichliders	cichliders
klämdagarna	klämdagarna
förmörka	förmörka
avbildande	avbildande
koncentrationerna	koncentrationerna
spridd	spridd
kanslisekreterare	kanslisekreterare
ungkarl	ungkarl
färgad	färgad
förnimma	förnimma
kostande	kostande
sexpacken	sexpacken
upphandlingars	upphandlingars
disponerad	disponerad
lagstiftningen	lagstiftningen
signalement	signalement
dubbelmacka	dubbelmacka
laman	laman
muggen	muggen
nästes	nästes
barberad	barberad
konservburks	konservburks
stridsmedel	stridsmedel
nämner	nämner
vattenkannans	vattenkannans
noggrant	noggrant
hämmas	hämmas
saltstången	saltstången
mittpunkten	mittpunkten
lämpande	lämpande
reduktioners	reduktioners
oskadliggjorde	oskadliggjorde
förhandlar	förhandlar
droppade	droppade
isotonens	isotonens
förkunnas	förkunnas
givet	givet
diarieför	diarieför
vridas	vridas
preciserade	preciserade
snedstreck	snedstreck
bronsmedaljs	bronsmedaljs
delade	delade
gelés	gelés
luffarens	luffarens
trollas	trollas
massförstörelsevapen	massförstörelsevapen
essensers	essensers
sänd	sänd
surdegen	surdegen
tjugofemöringarna	tjugofemöringarna
gifta	gifta
patentera	patentera
anklagas	anklagas
skånken	skånken
blottar	blottar
hotfulle	hotfulle
ventilens	ventilens
renas	renas
slickepinnen	slickepinnen
slickepinnar	slickepinnar
jaga	jaga
roa	roa
maskuliner	maskuliner
punktlista	punktlista
sanerade	sanerade
naturvården	naturvården
tyglas	tyglas
blankstegen	blankstegen
twittra	twittra
öppnades	öppnades
provisorierna	provisorierna
redigeringskrigs	redigeringskrigs
rörmokaren	rörmokaren
vishets	vishets
prissumman	prissumman
könsnormer	könsnormer
förtvivlat	förtvivlat
pagens	pagens
trugat	trugat
passusar	passusar
rökrutas	rökrutas
genomslaget	genomslaget
läs	läs
retirera	retirera
renar	renar
avstånds	avstånds
bakhålls	bakhålls
vinrankans	vinrankans
släktet	släktet
örtagård	örtagård
hjälpsam	hjälpsam
indoktrineras	indoktrineras
klämdag	klämdag
könskromosom	könskromosom
chiffers	chiffers
grymmare	grymmare
förhindra	förhindra
knarka	knarka
mikrofonens	mikrofonens
ringare	ringare
traditionella	traditionella
förmörkat	förmörkat
bordläggande	bordläggande
provisoriers	provisoriers
5-öringens	5-öringens
brandväggarnas	brandväggarnas
potentielle	potentielle
senare	senare
utfärdat	utfärdat
blotta	blotta
upptagen	upptagen
inmatningsfältet	inmatningsfältet
ljudlös	ljudlös
smittskydd	smittskydd
fonons	fonons
vitsars	vitsars
hitlistas	hitlistas
kläckt	kläckt
uddarna	uddarna
lodjuret	lodjuret
ändligdimensionelle	ändligdimensionelle
åttondelars	åttondelars
bebott	bebott
departementschefens	departementschefens
varulvarna	varulvarna
utökades	utökades
cerebrospinalvätska	cerebrospinalvätska
källingen	källingen
meterna	meterna
öppna	öppna
extentor	extentor
fördelaktig	fördelaktig
blåmesarnas	blåmesarnas
betecknad	betecknad
fagotts	fagotts
getingarna	getingarna
marinbiologis	marinbiologis
maskros	maskros
gross	gross
bajskorven	bajskorven
återbesöken	återbesöken
doktorsexamen	doktorsexamen
vattnar	vattnar
terosens	terosens
retsticka	retsticka
sålde	sålde
linets	linets
dräp	dräp
blidkats	blidkats
täcka	täcka
oxideras	oxideras
ugglors	ugglors
befordran	befordran
slidans	slidans
utökas	utökas
genade	genade
överdomstolen	överdomstolen
avhärvlade	avhärvlade
underskrifts	underskrifts
kuddes	kuddes
singlas	singlas
tillgängligheten	tillgängligheten
namne	namne
anklaga	anklaga
lönnmördas	lönnmördas
krokodilen	krokodilen
tretalets	tretalets
åttondedelar	åttondedelar
duetts	duetts
raggare	raggare
byråkratiske	byråkratiske
varieras	varieras
dominerad	dominerad
gelé	gelé
hämtats	hämtats
konungadömes	konungadömes
doktorsavhandling	doktorsavhandling
småviltet	småviltet
grundämne	grundämne
uppenbarat	uppenbarat
prutten	prutten
härdsmältans	härdsmältans
bokriser	bokriser
köpingen	köpingen
åttondedelars	åttondedelars
högskolelags	högskolelags
mustasch	mustasch
anticyklonens	anticyklonens
arvedelen	arvedelen
annandagars	annandagars
dementerad	dementerad
käre	käre
asbest	asbest
konvojens	konvojens
blåhaken	blåhaken
utsträcka	utsträcka
sörgårdsidyllen	sörgårdsidyllen
retstickor	retstickor
kattdjuret	kattdjuret
överlevnaden	överlevnaden
jugoslaviskorna	jugoslaviskorna
svågrarnas	svågrarnas
mopps	mopps
bridge	bridge
tröghet	tröghet
expanderade	expanderade
brassades	brassades
händelsehorisonter	händelsehorisonter
passusens	passusens
borstars	borstars
arbetssättet	arbetssättet
kolonisters	kolonisters
surjektionens	surjektionens
väljarnas	väljarnas
plusteckens	plusteckens
galningars	galningars
fästes	fästes
vilddjurs	vilddjurs
ansade	ansade
omnämnandes	omnämnandes
resurskrävande	resurskrävande
ytteröra	ytteröra
tig	tig
fornengelskan	fornengelskan
vattenkonsts	vattenkonsts
provocerats	provocerats
roten	roten
bilagt	bilagt
rymdfysiks	rymdfysiks
karoliner	karoliner
möers	möers
inmatningsfältets	inmatningsfältets
extentans	extentans
ordlistor	ordlistor
tjeckiskans	tjeckiskans
höjningars	höjningars
bast	bast
justitieministrars	justitieministrars
enar	enar
rappande	rappande
studium	studium
samfunds	samfunds
täckt	täckt
rot	rot
doktriners	doktriners
stjärten	stjärten
trycker	trycker
ungdomsförbundet	ungdomsförbundet
absiderna	absiderna
maskrosen	maskrosen
korsfäst	korsfäst
använda	använda
snarast	snarast
sedens	sedens
domän	domän
skötte	skötte
flunsors	flunsors
joniske	joniske
byttan	byttan
snigelns	snigelns
nyårsaftons	nyårsaftons
guldfiskarna	guldfiskarna
mentor	mentor
a-kassornas	a-kassornas
pilsners	pilsners
dubbelklickets	dubbelklickets
fria	fria
moppen	moppen
enas	enas
bombarderats	bombarderats
säkrar	säkrar
vishet	vishet
stridsmedlet	stridsmedlet
fåtöljen	fåtöljen
sedeslöshetens	sedeslöshetens
graverades	graverades
piercingars	piercingars
morgonsofforna	morgonsofforna
katalansk	katalansk
rättfärdigade	rättfärdigade
undantagna	undantagna
årornas	årornas
jordskredet	jordskredet
sjudande	sjudande
terroristen	terroristen
sandas	sandas
eldgaffelns	eldgaffelns
besegrades	besegrades
sornas	sornas
arkeologens	arkeologens
långstrumpas	långstrumpas
förmörkade	förmörkade
förledets	förledets
knarkats	knarkats
kruciverbists	kruciverbists
odjur	odjur
tanzanier	tanzanier
örtagårdar	örtagårdar
stöttes	stöttes
ledarsidorna	ledarsidorna
inspekterades	inspekterades
begrundas	begrundas
kantrar	kantrar
ändligdimensionellt	ändligdimensionellt
gruvstolpar	gruvstolpar
svensexors	svensexors
transporterade	transporterade
blöte	blöte
atomfysik	atomfysik
steningen	steningen
besiktigades	besiktigades
befordrans	befordrans
sändas	sändas
ås	ås
ollades	ollades
monsuners	monsuners
ministerium	ministerium
befästas	befästas
historisk	historisk
kapitalisternas	kapitalisternas
rörmokares	rörmokares
höjningar	höjningar
fungerade	fungerade
indikerad	indikerad
upplyses	upplyses
plommonen	plommonen
framsäten	framsäten
annandagens	annandagens
basketbollarnas	basketbollarnas
leverera	leverera
löse	löse
förgätas	förgätas
flugits	flugits
memen	memen
tröstas	tröstas
slaktas	slaktas
justeras	justeras
täckta	täckta
magsmärta	magsmärta
upptagne	upptagne
länders	länders
interagera	interagera
sutenörens	sutenörens
fira	fira
barkas	barkas
minimumet	minimumet
polisbyrås	polisbyrås
givandets	givandets
modets	modets
stötte	stötte
afrikanskorna	afrikanskorna
handläggares	handläggares
förtövades	förtövades
avlagde	avlagde
inrikesministeriums	inrikesministeriums
försona	försona
pages	pages
dominikaners	dominikaners
prokrastinera	prokrastinera
kronologiske	kronologiske
försynens	försynens
beskärt	beskärt
kvantifiera	kvantifiera
framsäte	framsäte
morgonsoffas	morgonsoffas
tunnbrödsrullen	tunnbrödsrullen
legitimitetens	legitimitetens
snöret	snöret
korsförhörens	korsförhörens
drogerna	drogerna
kompletterade	kompletterade
galleriorna	galleriorna
ledarsidor	ledarsidor
vattenplanings	vattenplanings
eftersträvas	eftersträvas
isotoner	isotoner
vävstolens	vävstolens
stiftades	stiftades
daggkåpan	daggkåpan
lövträdets	lövträdets
förfars	förfars
vattenkannas	vattenkannas
intrången	intrången
löjtnantens	löjtnantens
rustningarnas	rustningarnas
mustascherna	mustascherna
hyresvärd	hyresvärd
atommassornas	atommassornas
asbestens	asbestens
beskärde	beskärde
bilfärja	bilfärja
långtradaren	långtradaren
expanderas	expanderas
rov	rov
tvilling	tvilling
jeepars	jeepars
avståndet	avståndet
volten	volten
teros	teros
befästes	befästes
gäckade	gäckade
tensorns	tensorns
bekräftade	bekräftade
erinrade	erinrade
sidensvansar	sidensvansar
antimaterian	antimaterian
homogena	homogena
lärkorna	lärkorna
finsko	finsko
retronym	retronym
undersökande	undersökande
slagverkaren	slagverkaren
förordnandet	förordnandet
höghjulingarna	höghjulingarna
falsifierade	falsifierade
arkivariens	arkivariens
bältets	bältets
medfödde	medfödde
narra	narra
snedstrecks	snedstrecks
radiostationens	radiostationens
svastikornas	svastikornas
fritösers	fritösers
marinbiologers	marinbiologers
utkom	utkom
bajskorvarna	bajskorvarna
modedockorna	modedockorna
allegorin	allegorin
överseende	överseende
utplånades	utplånades
hitlistornas	hitlistornas
vektorfälts	vektorfälts
tremänningen	tremänningen
skärva	skärva
kommandoknapps	kommandoknapps
brassat	brassat
haverera	haverera
sänts	sänts
världsmästaren	världsmästaren
upplösande	upplösande
bryggkaffets	bryggkaffets
segra	segra
förutsätts	förutsätts
såpbubblorna	såpbubblorna
släktets	släktets
dalarna	dalarna
infogade	infogade
steningar	steningar
albanskas	albanskas
vittnande	vittnande
dödsfallet	dödsfallet
rövande	rövande
rötter	rötter
nämna	nämna
grindarnas	grindarnas
ambassadsekreteraren	ambassadsekreteraren
lösdriverska	lösdriverska
nattduksbordet	nattduksbordet
småländska	småländska
sädesledaren	sädesledaren
sambands	sambands
uppställa	uppställa
gestaltning	gestaltning
tanzanierna	tanzanierna
fördelaktiga	fördelaktiga
landstingsdirektören	landstingsdirektören
monsunernas	monsunernas
dunstats	dunstats
skalärprodukter	skalärprodukter
bestå	bestå
hycklarnas	hycklarnas
nejs	nejs
rötmånadernas	rötmånadernas
landstingsrådens	landstingsrådens
fyllda	fyllda
datavetenskap	datavetenskap
värmebehandlar	värmebehandlar
nyanseras	nyanseras
skämtsamme	skämtsamme
ponerad	ponerad
åskvädrens	åskvädrens
fraser	fraser
förtrycker	förtrycker
planeras	planeras
utbjudande	utbjudande
svordom	svordom
peruanen	peruanen
konverteras	konverteras
rättshaverist	rättshaverist
lärde	lärde
förbehålla	förbehålla
murares	murares
förfrågans	förfrågans
eolsharpor	eolsharpor
flygas	flygas
utgöra	utgöra
allegorier	allegorier
kräftans	kräftans
tyglades	tyglades
raggmunk	raggmunk
utträdesarbete	utträdesarbete
anglicism	anglicism
ordlistors	ordlistors
tålmodigt	tålmodigt
ambassadsekreterarnas	ambassadsekreterarnas
barrskogar	barrskogar
bosatte	bosatte
dyrkas	dyrkas
avgasrörets	avgasrörets
mäter	mäter
vädur	vädur
epitet	epitet
älg	älg
matlagningen	matlagningen
svågern	svågern
vidlyftig	vidlyftig
fakultet	fakultet
lösande	lösande
arkivskåp	arkivskåp
arvedelar	arvedelar
pudels	pudels
lavarnas	lavarnas
uppenbaras	uppenbaras
bovarna	bovarna
trädstammen	trädstammen
knäveck	knäveck
sedeslöshet	sedeslöshet
undersöka	undersöka
kursfordran	kursfordran
garantifonden	garantifonden
snörena	snörena
alkoholism	alkoholism
kela	kela
konsekvente	konsekvente
förlät	förlät
notställens	notställens
emigrerade	emigrerade
argentinskans	argentinskans
översedd	översedd
hajande	hajande
skymmas	skymmas
kulsprutorna	kulsprutorna
katalanske	katalanske
öppnats	öppnats
drängen	drängen
återbesökets	återbesökets
antändande	antändande
handlägg	handlägg
tandvårdens	tandvårdens
packets	packets
bröades	bröades
använt	använt
kedjehus	kedjehus
departementsråd	departementsråd
dubbelklicka	dubbelklicka
döva	döva
altarets	altarets
indoktrinerings	indoktrinerings
talat	talat
defenestrerad	defenestrerad
chipspåsarnas	chipspåsarnas
föräldralöst	föräldralöst
byttornas	byttornas
beaktandeledens	beaktandeledens
undervattensbåtars	undervattensbåtars
vilddjuret	vilddjuret
sudda	sudda
begynde	begynde
matchen	matchen
krondiken	krondiken
borras	borras
sök	sök
domänerna	domänerna
klaffels	klaffels
tordes	tordes
småvilts	småvilts
censors	censors
duka	duka
årtusendes	årtusendes
tålmodiga	tålmodiga
utgjord	utgjord
kolgruvan	kolgruvan
smyckena	smyckena
öppnas	öppnas
kommunicera	kommunicera
svavelvätes	svavelvätes
forskningsbibliotek	forskningsbibliotek
länderna	länderna
ögonglobers	ögonglobers
antropologin	antropologin
snören	snören
minska	minska
automatiskt	automatiskt
egyptologins	egyptologins
byrådirektör	byrådirektör
ungkarlens	ungkarlens
epistel	epistel
snökedja	snökedja
klaffelen	klaffelen
översikt	översikt
föreställas	föreställas
rymdfysikens	rymdfysikens
censor	censor
inträffades	inträffades
sprängmedel	sprängmedel
högskolestyrelses	högskolestyrelses
chipspåsars	chipspåsars
altruisters	altruisters
mårkor	mårkor
mysterier	mysterier
komikers	komikers
påbudet	påbudet
versionerna	versionerna
lågt	lågt
kabinettssekreterare	kabinettssekreterare
välkomnad	välkomnad
bridges	bridges
doktorsgraders	doktorsgraders
tåga	tåga
racingbanan	racingbanan
uppmana	uppmana
örlogsskolas	örlogsskolas
årsfest	årsfest
bröar	bröar
delat	delat
deisters	deisters
derivatorna	derivatorna
homofoners	homofoners
rädd	rädd
glädjas	glädjas
cyklotroners	cyklotroners
ordstävets	ordstävets
öknamn	öknamn
rötmånaders	rötmånaders
tillgängliggörs	tillgängliggörs
energikälla	energikälla
hedersbetygelsens	hedersbetygelsens
länsledningens	länsledningens
barberar	barberar
arbetskamraterna	arbetskamraterna
bevisad	bevisad
fotoners	fotoners
livslängden	livslängden
dirigistiskt	dirigistiskt
använd	använd
öknamnens	öknamnens
omnämnandenas	omnämnandenas
talades	talades
konfiskerad	konfiskerad
krattorna	krattorna
förenklad	förenklad
homeopati	homeopati
vittnesbörd	vittnesbörd
versioner	versioner
regleringsbrev	regleringsbrev
begynt	begynt
renad	renad
potentiellt	potentiellt
begått	begått
kvantifierar	kvantifierar
cichlids	cichlids
urladdningen	urladdningen
nonanet	nonanet
ettstrukna	ettstrukna
polygonernas	polygonernas
metansyra	metansyra
homograferna	homograferna
terrorists	terrorists
50-öring	50-öring
hon	hon
fegisars	fegisars
lexikografiska	lexikografiska
utvandrade	utvandrade
påbudens	påbudens
torts	torts
holländska	holländska
blåhakarna	blåhakarna
åklagar	åklagar
uttalad	uttalad
näpet	näpet
bokrisen	bokrisen
raggmunkarna	raggmunkarna
pack	pack
hållplats	hållplats
förkunnade	förkunnade
tungt	tungt
oxiderande	oxiderande
telegrafis	telegrafis
lös	lös
flunsornas	flunsornas
koka	koka
retirerat	retirerat
dubbelklickar	dubbelklickar
skymd	skymd
blixtnedslaget	blixtnedslaget
möjliggjordes	möjliggjordes
interagerade	interagerade
korskrank	korskrank
bevarades	bevarades
docerande	docerande
fyllt	fyllt
preciserat	preciserat
filialens	filialens
lokaliserad	lokaliserad
anlöpte	anlöpte
kaoset	kaoset
kraftkabels	kraftkabels
oxen	oxen
paketera	paketera
radavståndets	radavståndets
bränns	bränns
juices	juices
jagat	jagat
svavelstickas	svavelstickas
fjäderbrickorna	fjäderbrickorna
spelpjäsen	spelpjäsen
narkomanens	narkomanens
renat	renat
brassas	brassas
svordomars	svordomars
patenterade	patenterade
arkivråden	arkivråden
modernt	modernt
blöt	blöt
upplagens	upplagens
antydde	antydde
dieseln	dieseln
paketerar	paketerar
abonnemangsavgifts	abonnemangsavgifts
flyttar	flyttar
sjöslag	sjöslag
bastat	bastat
ponerar	ponerar
bokmärkes	bokmärkes
gendriver	gendriver
kinesens	kinesens
linslusens	linslusens
barka	barka
tvivlande	tvivlande
kokat	kokat
a-kassa	a-kassa
årtusendena	årtusendena
utfärdar	utfärdar
dräptes	dräptes
formeln	formeln
kursfordrans	kursfordrans
slakta	slakta
flickvänner	flickvänner
falsifierad	falsifierad
substansens	substansens
söka	söka
platås	platås
upptäcktsresa	upptäcktsresa
klövarna	klövarna
mustens	mustens
åtalar	åtalar
stjärtars	stjärtars
ögonhålas	ögonhålas
åskådade	åskådade
knäveckets	knäveckets
kolväten	kolväten
trigonometri	trigonometri
ekobrott	ekobrott
studiet	studiet
nominerat	nominerat
saknas	saknas
äppelmos	äppelmos
mons	mons
händelsehorisonten	händelsehorisonten
elektriciteten	elektriciteten
släktes	släktes
ruinera	ruinera
upptäcks	upptäcks
blödd	blödd
utspelad	utspelad
använde	använde
svängdes	svängdes
täck	täck
killingars	killingars
fungerar	fungerar
panteisters	panteisters
kommuteras	kommuteras
sjöbods	sjöbods
faktisk	faktisk
sexpacket	sexpacket
kolgruvors	kolgruvors
fattat	fattat
gravitationens	gravitationens
asgarvar	asgarvar
bedrivne	bedrivne
punktlistan	punktlistan
vinterdäckets	vinterdäckets
fäste	fäste
kokar	kokar
matlagning	matlagning
rekommenderat	rekommenderat
clowneriet	clowneriet
socialförsäkringsministers	socialförsäkringsministers
förnimmande	förnimmande
trollade	trollade
bordlägga	bordlägga
kvaddas	kvaddas
slipas	slipas
snökedjorna	snökedjorna
tryckarens	tryckarens
etiketten	etiketten
gårdsplaner	gårdsplaner
förgöras	förgöras
utbudet	utbudet
barnbördshus	barnbördshus
ringmuskels	ringmuskels
svavelväte	svavelväte
kaktus	kaktus
vårdkasarna	vårdkasarna
värdemängds	värdemängds
davnad	davnad
galningen	galningen
förståndet	förståndet
kelar	kelar
utsändas	utsändas
vits	vits
fisket	fisket
fiskades	fiskades
porträtterad	porträtterad
besviken	besviken
tystades	tystades
ödmjuka	ödmjuka
förtryckts	förtryckts
förvarade	förvarade
begravt	begravt
förstår	förstår
pärlugglor	pärlugglor
penningkistor	penningkistor
roande	roande
saltstångs	saltstångs
bestämmer	bestämmer
utsändande	utsändande
stötas	stötas
bifloder	bifloder
kulsprutor	kulsprutor
masochists	masochists
mångfacetterade	mångfacetterade
bifloderna	bifloderna
mjölksyran	mjölksyran
mitokondries	mitokondries
uddens	uddens
höghjuling	höghjuling
kaos	kaos
infiltreras	infiltreras
spanjorerna	spanjorerna
uttalas	uttalas
valrossar	valrossar
avtagne	avtagne
agitatorer	agitatorer
munskänkar	munskänkar
värka	värka
dissars	dissars
utgjordes	utgjordes
bereds	bereds
förmörkades	förmörkades
diesel	diesel
slangordet	slangordet
spisoffrets	spisoffrets
efterfrågan	efterfrågan
kuf	kuf
deklarerar	deklarerar
inträffa	inträffa
påve	påve
krockars	krockars
vårdkasens	vårdkasens
korsfästande	korsfästande
kloriderna	kloriderna
bergfinkars	bergfinkars
kabinettssekreteraren	kabinettssekreteraren
kulturlivs	kulturlivs
justitieministrar	justitieministrar
preliminäre	preliminäre
äggulans	äggulans
anrättade	anrättade
skatbo	skatbo
stånd	stånd
mät	mät
historiska	historiska
utrikespolitiken	utrikespolitiken
mentorer	mentorer
omdefinierande	omdefinierande
förvarande	förvarande
altruistiskt	altruistiskt
meddelats	meddelats
ruinerande	ruinerande
qvald	qvald
byttor	byttor
50-öringarna	50-öringarna
tillgodogöra	tillgodogöra
spårade	spårade
rots	rots
dubbelklicket	dubbelklicket
oboerna	oboerna
cykelhandlaren	cykelhandlaren
graverad	graverad
bildsidan	bildsidan
suspensoarens	suspensoarens
formande	formande
korskrankens	korskrankens
beryll	beryll
ursprungskällas	ursprungskällas
kommunicerat	kommunicerat
nyponen	nyponen
inägas	inägas
kombinerat	kombinerat
ackumuleras	ackumuleras
tänker	tänker
femörings	femörings
bergochdalbanorna	bergochdalbanorna
författningen	författningen
lagades	lagades
fästens	fästens
förvånande	förvånande
livstiders	livstiders
tänkares	tänkares
bromsade	bromsade
gestaltningars	gestaltningars
lugg	lugg
initiativtagarna	initiativtagarna
luggs	luggs
filatelister	filatelister
pennalen	pennalen
uppfyll	uppfyll
beskrivningsspråk	beskrivningsspråk
nagellacker	nagellacker
lösdriverskas	lösdriverskas
glidyta	glidyta
odjurs	odjurs
barrträd	barrträd
vattna	vattna
vinge	vinge
palindromers	palindromers
räkor	räkor
utsträckt	utsträckt
intressera	intressera
rodnat	rodnat
glidytas	glidytas
frisörers	frisörers
förbehåller	förbehåller
fångenskapens	fångenskapens
närståendes	närståendes
dukades	dukades
vattenkonster	vattenkonster
torkarnas	torkarnas
cypriotiskas	cypriotiskas
rovets	rovets
kända	kända
rökrutor	rökrutor
golfklubbens	golfklubbens
enslinjes	enslinjes
världsmästarna	världsmästarna
anställd	anställd
bundne	bundne
sökte	sökte
höljets	höljets
godtycklige	godtycklige
krattors	krattors
plommon	plommon
insamlade	insamlade
befäst	befäst
anställs	anställs
svänger	svänger
asgarvande	asgarvande
busschaufförs	busschaufförs
gravvårdarnas	gravvårdarnas
sädesledarens	sädesledarens
ratificerades	ratificerades
cabbars	cabbars
sörgårdsidyllers	sörgårdsidyllers
vävstol	vävstol
insamlande	insamlande
blottande	blottande
spåra	spåra
upphävdes	upphävdes
spisoffret	spisoffret
fästenas	fästenas
dropp	dropp
simbassängens	simbassängens
förkunnar	förkunnar
inrop	inrop
nattduksbord	nattduksbord
köksöars	köksöars
färgbild	färgbild
yla	yla
räkornas	räkornas
deister	deister
krullparentesens	krullparentesens
vridande	vridande
åran	åran
musikallåt	musikallåt
nattduksbordets	nattduksbordets
signalementet	signalementet
kommuterar	kommuterar
ratas	ratas
sporde	sporde
morfismerna	morfismerna
fiskas	fiskas
begravde	begravde
bildordbokens	bildordbokens
undkom	undkom
filter	filter
förgätit	förgätit
talats	talats
juicen	juicen
spanjorers	spanjorers
underavdelningarnas	underavdelningarnas
firas	firas
nertiders	nertiders
pila	pila
nyktre	nyktre
felfortplantningarna	felfortplantningarna
kommutativ	kommutativ
krondikena	krondikena
högskolelagarna	högskolelagarna
åttiondelars	åttiondelars
bombarderades	bombarderades
minikjols	minikjols
länsledningar	länsledningar
döve	döve
fanfaronads	fanfaronads
pilar	pilar
forskningsbiblioteks	forskningsbiblioteks
pärlugglorna	pärlugglorna
malströmmarna	malströmmarna
vinklades	vinklades
besveks	besveks
doktrins	doktrins
kloner	kloner
bordat	bordat
intellektuellt	intellektuellt
vinylskivornas	vinylskivornas
frisörens	frisörens
ejder	ejder
ellipsen	ellipsen
lagstiftningens	lagstiftningens
slipat	slipat
bagatells	bagatells
oscillation	oscillation
föreställ	föreställ
beskyddarens	beskyddarens
gäsparna	gäsparna
draget	draget
förvarar	förvarar
åsens	åsens
ettstrukne	ettstrukne
riksantikvarien	riksantikvarien
emigreras	emigreras
törsta	törsta
batteriholken	batteriholken
hämta	hämta
konvojers	konvojers
skånks	skånks
kroppsvätskans	kroppsvätskans
förläts	förläts
droppat	droppat
obetalbar	obetalbar
kontrasterades	kontrasterades
kapitalisterna	kapitalisterna
elverken	elverken
cabbarna	cabbarna
uppställde	uppställde
snuten	snuten
licentiats	licentiats
mäta	mäta
vindhålets	vindhålets
upplöst	upplöst
borrmaskinens	borrmaskinens
hjorts	hjorts
ordnings	ordnings
kortslutande	kortslutande
preliminär	preliminär
fajternas	fajternas
bereder	bereder
bröade	bröade
buks	buks
komiker	komiker
ovanorna	ovanorna
läser	läser
kläck	kläck
dörjade	dörjade
barntårs	barntårs
omstruktureras	omstruktureras
stenat	stenat
namnens	namnens
muggar	muggar
kakkalas	kakkalas
cypriotiska	cypriotiska
svensexorna	svensexorna
förvånas	förvånas
kulminera	kulminera
såpbubblors	såpbubblors
dödsdagarna	dödsdagarna
hons	hons
möjliggjord	möjliggjord
äppelträden	äppelträden
aqvedukt	aqvedukt
förordnandenas	förordnandenas
gäspar	gäspar
tjeckiskorna	tjeckiskorna
retades	retades
femöring	femöring
lägsta	lägsta
luffarnas	luffarnas
satsar	satsar
garantifond	garantifond
årorna	årorna
röding	röding
allmänspråklige	allmänspråklige
konsekventa	konsekventa
tumnagelns	tumnagelns
kålrots	kålrots
vinrankors	vinrankors
baltiskt	baltiskt
tatuerarnas	tatuerarnas
koncentrationer	koncentrationer
fagott	fagott
ketonerna	ketonerna
bromspedal	bromspedal
småländskan	småländskan
attackerar	attackerar
skickad	skickad
utfärdas	utfärdas
departementssekreterarens	departementssekreterarens
utplåna	utplåna
blottat	blottat
oxes	oxes
halvimperials	halvimperials
qväljes	qväljes
återlämnats	återlämnats
väljares	väljares
bytande	bytande
snödroppe	snödroppe
rovs	rovs
fegis	fegis
släkten	släkten
efor	efor
svågrars	svågrars
stadsbibliotek	stadsbibliotek
åtgärdsbedömning	åtgärdsbedömning
säkrast	säkrast
masochisten	masochisten
datavetenskapens	datavetenskapens
stärkas	stärkas
antikvarier	antikvarier
grymme	grymme
justitiekanslerer	justitiekanslerer
bastet	bastet
beställningsarbete	beställningsarbete
svastikans	svastikans
kontrasterar	kontrasterar
ringfingret	ringfingret
skörten	skörten
altares	altares
antikvarien	antikvarien
rastades	rastades
utsträcker	utsträcker
derivatas	derivatas
ond	ond
referera	referera
borrats	borrats
antände	antände
sandades	sandades
embarkeringskort	embarkeringskort
lagade	lagade
klövs	klövs
skriftlig	skriftlig
papperskniv	papperskniv
kolonistens	kolonistens
domänens	domänens
vattnades	vattnades
elektricitet	elektricitet
röva	röva
pärms	pärms
mött	mött
krypta	krypta
spritt	spritt
spände	spände
restaurerar	restaurerar
villkor	villkor
ässets	ässets
kontrabasens	kontrabasens
mögs	mögs
linjekartor	linjekartor
delgrupperna	delgrupperna
platåerna	platåerna
beröms	beröms
ospontane	ospontane
jugoslaviskor	jugoslaviskor
påbud	påbud
filial	filial
samvetena	samvetena
böjen	böjen
fordrades	fordrades
vinylskiva	vinylskiva
långtradares	långtradares
sänds	sänds
kattdjur	kattdjur
verklighets	verklighets
brandväggar	brandväggar
repmånaden	repmånaden
ackuschör	ackuschör
kronprins	kronprins
minimum	minimum
daterat	daterat
kosta	kosta
hyresnämnderna	hyresnämnderna
graverar	graverar
lönnmördats	lönnmördats
fegisens	fegisens
flickväns	flickväns
uttagningars	uttagningars
blottats	blottats
julaftonens	julaftonens
stött	stött
manchesters	manchesters
räknestickans	räknestickans
laktosintolerant	laktosintolerant
vises	vises
killingarnas	killingarnas
noggranne	noggranne
beställs	beställs
bagateller	bagateller
konstartens	konstartens
ösregnens	ösregnens
anfangers	anfangers
åtnjuta	åtnjuta
underskattat	underskattat
kexet	kexet
deklarera	deklarera
indiskans	indiskans
resecheckars	resecheckars
förvånad	förvånad
annex	annex
massakerns	massakerns
muskedundren	muskedundren
assisterad	assisterad
ansträng	ansträng
anlöpt	anlöpt
dementeras	dementeras
sköter	sköter
betäckas	betäckas
trofasthet	trofasthet
automatiska	automatiska
låta	låta
hämtar	hämtar
gäckas	gäckas
bakhåll	bakhåll
överdomstols	överdomstols
ugglas	ugglas
omdefinierar	omdefinierar
smaragden	smaragden
vattenplaningen	vattenplaningen
avhärvlat	avhärvlat
överlevnad	överlevnad
provocerade	provocerade
jordbävnings	jordbävnings
friat	friat
debattörerna	debattörerna
uzbeks	uzbeks
terrorismens	terrorismens
kvitterande	kvitterande
cykelpump	cykelpump
dragne	dragne
gravvårdar	gravvårdar
ackuschören	ackuschören
systematiseras	systematiseras
konverterad	konverterad
lexikografisk	lexikografisk
syrgasen	syrgasen
vinterdäck	vinterdäck
beröm	beröm
kristadelfianernas	kristadelfianernas
förenas	förenas
gena	gena
psykologers	psykologers
tvillingars	tvillingars
applicera	applicera
talade	talade
skötet	skötet
åttiondelarna	åttiondelarna
minskade	minskade
cerebrospinalvätskans	cerebrospinalvätskans
öppnande	öppnande
efterfrågans	efterfrågans
ripjaktens	ripjaktens
högskolestyrelsernas	högskolestyrelsernas
ryggsimmet	ryggsimmet
förhandlad	förhandlad
participet	participet
manliga	manliga
munskänken	munskänken
kufen	kufen
retronymens	retronymens
federationer	federationer
trumpetare	trumpetare
skörtet	skörtet
panteistens	panteistens
hjortar	hjortar
tillkommelsens	tillkommelsens
leksakerna	leksakerna
ockupationen	ockupationen
basketbollar	basketbollar
satsa	satsa
suddar	suddar
trakasserat	trakasserat
skjuls	skjuls
linslusar	linslusar
ballongpelare	ballongpelare
tryckt	tryckt
ringfinger	ringfinger
exponerade	exponerade
borgaren	borgaren
oändligaste	oändligaste
betäck	betäck
fogat	fogat
fritös	fritös
Fourierseriens	Fourierseriens
filatelisterna	filatelisterna
rannsakas	rannsakas
utgiftstaken	utgiftstaken
homofons	homofons
ospontant	ospontant
arrestera	arrestera
väduren	väduren
basta	basta
avlägsna	avlägsna
tillgodogör	tillgodogör
bollklubbens	bollklubbens
skjul	skjul
vidhäftande	vidhäftande
byrådirektörernas	byrådirektörernas
fågelskådarnas	fågelskådarnas
vägrade	vägrade
ripjakts	ripjakts
kulminerar	kulminerar
levererade	levererade
gårdsplanens	gårdsplanens
omdefinierades	omdefinierades
anlöpas	anlöpas
diss	diss
skotskt	skotskt
syddes	syddes
funderades	funderades
utarmande	utarmande
lin	lin
lästes	lästes
bageriers	bageriers
landstingsråds	landstingsråds
myste	myste
grossen	grossen
konfigurera	konfigurera
bromspedalen	bromspedalen
redigeringskrig	redigeringskrig
stridsmedels	stridsmedels
hämma	hämma
upplöser	upplöser
rodna	rodna
mötas	mötas
seds	seds
systersonen	systersonen
assisterade	assisterade
egyptier	egyptier
torkare	torkare
stickmyggor	stickmyggor
fontäners	fontäners
våte	våte
interagerande	interagerande
bundna	bundna
magsmärtan	magsmärtan
penningkistorna	penningkistorna
ursprungskällans	ursprungskällans
svängande	svängande
matchs	matchs
stativens	stativens
åklagande	åklagande
homogene	homogene
stötande	stötande
snörens	snörens
maskulinet	maskulinet
regentens	regentens
gärningsmannen	gärningsmannen
dörjande	dörjande
berylls	berylls
ockupationers	ockupationers
lösts	lösts
butikskedja	butikskedja
glåporden	glåporden
antänd	antänd
surjektionen	surjektionen
polarforsknings	polarforsknings
cykloheptanets	cykloheptanets
förleder	förleder
bytas	bytas
bebodde	bebodde
flädermärgskulors	flädermärgskulors
terapeuts	terapeuts
kombinerar	kombinerar
lövträdet	lövträdet
medelhavs	medelhavs
bältena	bältena
tatuerares	tatuerares
debattörer	debattörer
påbuden	påbuden
bältes	bältes
finskors	finskors
förvånade	förvånade
rödhakars	rödhakars
vittnesbörden	vittnesbörden
tegs	tegs
läroverket	läroverket
arbetskamrat	arbetskamrat
signera	signera
lagats	lagats
tennislag	tennislag
borgarens	borgarens
tänkte	tänkte
åtalas	åtalas
svindel	svindel
specialtecknets	specialtecknets
jordbävningen	jordbävningen
anrättas	anrättas
vilddjur	vilddjur
fogar	fogar
nigande	nigande
lokaliserades	lokaliserades
kraftkabeln	kraftkabeln
ordningens	ordningens
släktens	släktens
jagad	jagad
tävlingsbanors	tävlingsbanors
tyristorer	tyristorer
gravvårdars	gravvårdars
pingis	pingis
uppenbarande	uppenbarande
departementschefers	departementschefers
fästande	fästande
koffertarna	koffertarna
naturvårds	naturvårds
fängelsehålorna	fängelsehålorna
förgiftade	förgiftade
embarkeringskortets	embarkeringskortets
skottdagen	skottdagen
kortslutas	kortslutas
gemaket	gemaket
äppelträdet	äppelträdet
lyste	lyste
musikallåtar	musikallåtar
kvällstidningarnas	kvällstidningarnas
sedvänja	sedvänja
badvädret	badvädret
fjortondel	fjortondel
kvantifierade	kvantifierade
sjöds	sjöds
draksegel	draksegel
bestämmande	bestämmande
kolumnbredd	kolumnbredd
önskningarna	önskningarna
fordra	fordra
lydelse	lydelse
täckte	täckte
polygonen	polygonen
koncentrerande	koncentrerande
tågstationerna	tågstationerna
bronsmedaljen	bronsmedaljen
diskuteras	diskuteras
gasta	gasta
anklagats	anklagats
misshandlade	misshandlade
utbjuda	utbjuda
förenklar	förenklar
reduktions	reduktions
tävlingsbana	tävlingsbana
vädurarna	vädurarna
akvarellmålare	akvarellmålare
klistrande	klistrande
fingeravtryckets	fingeravtryckets
singla	singla
nominera	nominera
defenestrerat	defenestrerat
systematiserad	systematiserad
påves	påves
örfilarnas	örfilarnas
halsband	halsband
byrådirektörer	byrådirektörer
tågas	tågas
tryckte	tryckte
snutits	snutits
bevarad	bevarad
örtagårdars	örtagårdars
förgjort	förgjort
respekterades	respekterades
medelhavet	medelhavet
mysteriums	mysteriums
plommons	plommons
ryggsäckens	ryggsäckens
radian	radian
vilt	vilt
sexhörningars	sexhörningars
utplånande	utplånande
oxidationstalet	oxidationstalet
index	index
snödroppens	snödroppens
inrikesministerium	inrikesministerium
pennalens	pennalens
preciseras	preciseras
köpingens	köpingens
beställningsarbetes	beställningsarbetes
upptäckte	upptäckte
spelpjäserna	spelpjäserna
bagerier	bagerier
stadsbiblioteks	stadsbiblioteks
fotgängarna	fotgängarna
genomslagets	genomslagets
gångjärn	gångjärn
killingarna	killingarna
radiostationen	radiostationen
slickepinnens	slickepinnens
kompletteras	kompletteras
doktorsexamens	doktorsexamens
förlett	förlett
svågers	svågers
limpan	limpan
tromb	tromb
getingars	getingars
undkomma	undkomma
dödsfalls	dödsfalls
fäst	fäst
utgiftstakets	utgiftstakets
spenderande	spenderande
mötts	mötts
möjliggör	möjliggör
kolumnbredder	kolumnbredder
statsrådsberedningars	statsrådsberedningars
fattades	fattades
överblickat	överblickat
förutsatt	förutsatt
minimera	minimera
raggarna	raggarna
oxe	oxe
misshandlas	misshandlas
lösa	lösa
fogad	fogad
gastade	gastade
uppenbarad	uppenbarad
handläggas	handläggas
kirrade	kirrade
skatbons	skatbons
altaret	altaret
fajtens	fajtens
nobelpristagares	nobelpristagares
smaragders	smaragders
koordinatsystem	koordinatsystem
ringaren	ringaren
markörers	markörers
meddelade	meddelade
holländsk	holländsk
slutlige	slutlige
energifrågor	energifrågor
handläggare	handläggare
ytterörats	ytterörats
kexets	kexets
zappa	zappa
beskrivit	beskrivit
fordrande	fordrande
offrade	offrade
lurarnas	lurarnas
ståndens	ståndens
kokosnötters	kokosnötters
förena	förena
homeopatis	homeopatis
sprängmedlen	sprängmedlen
oxar	oxar
arkeologen	arkeologen
bildrullars	bildrullars
kejsares	kejsares
sväng	sväng
firad	firad
skottdags	skottdags
valrossars	valrossars
sälj	sälj
krockarnas	krockarnas
skotsk	skotsk
kommandoknappar	kommandoknappar
inrätta	inrätta
modedockan	modedockan
badvädrets	badvädrets
dal	dal
episteln	episteln
ventilers	ventilers
blottade	blottade
utfördes	utfördes
isters	isters
förenklats	förenklats
beställde	beställde
svavelstickors	svavelstickors
lärkas	lärkas
säker	säker
åtgärdsbedömningar	åtgärdsbedömningar
flunsorna	flunsorna
inrättat	inrättat
borsten	borsten
återbesöket	återbesöket
terapeuter	terapeuter
arresterar	arresterar
återbesök	återbesök
överraskas	överraskas
bergfinken	bergfinken
duad	duad
hjälpsamma	hjälpsamma
sy	sy
egyptologis	egyptologis
blidka	blidka
spanjorens	spanjorens
yrkesutövningen	yrkesutövningen
säljs	säljs
tillgänglighet	tillgänglighet
förkortningarna	förkortningarna
trugad	trugad
odjuret	odjuret
fallerar	fallerar
förtövande	förtövande
bildordboken	bildordboken
fjäderbrickans	fjäderbrickans
accent	accent
kolvätets	kolvätets
jonisk	jonisk
förflyttningar	förflyttningar
lagstiftningar	lagstiftningar
rappad	rappad
beskärd	beskärd
comebackerna	comebackerna
sava	sava
tryckande	tryckande
patrullerar	patrullerar
lodjurens	lodjurens
närstående	närstående
klätt	klätt
dissekera	dissekera
snar	snar
berömmande	berömmande
dräps	dräps
cellulosanitrat	cellulosanitrat
minskar	minskar
bröas	bröas
löses	löses
qvadrater	qvadrater
ymnighets	ymnighets
sänt	sänt
berömts	berömts
byråassistenterna	byråassistenterna
preliminärskatt	preliminärskatt
atommassor	atommassor
murarens	murarens
fångenskaps	fångenskaps
överlever	överlever
barrträdets	barrträdets
lärd	lärd
psykologs	psykologs
bergochdalbanors	bergochdalbanors
antropologins	antropologins
gräslöken	gräslöken
fatta	fatta
stödstrumpors	stödstrumpors
stadsstadgornas	stadsstadgornas
oxarnas	oxarnas
oxars	oxars
kompilerats	kompilerats
snigel	snigel
delgrupp	delgrupp
tvivla	tvivla
klövens	klövens
krullparentesers	krullparentesers
piercings	piercings
arrendena	arrendena
mårkorna	mårkorna
duande	duande
undervattensbåts	undervattensbåts
nattklubb	nattklubb
statsbudgetar	statsbudgetar
reta	reta
vidhäftade	vidhäftade
bedrövas	bedrövas
ässen	ässen
rättvisans	rättvisans
verkligheten	verkligheten
mandatet	mandatet
granden	granden
citronsyran	citronsyran
stimuleras	stimuleras
gravitation	gravitation
tigs	tigs
äggula	äggula
fras	fras
utsträcks	utsträcks
anställa	anställa
savat	savat
epiteten	epiteten
skämtsamt	skämtsamt
niga	niga
hajade	hajade
davnas	davnas
tennislaget	tennislaget
påvars	påvars
överblickas	överblickas
nallarnas	nallarnas
bakgrundsstrålnings	bakgrundsstrålnings
börja	börja
depå	depå
fattar	fattar
gräslökens	gräslökens
flyttas	flyttas
vädurs	vädurs
gömde	gömde
traditionelle	traditionelle
upptäcktsresas	upptäcktsresas
transaktioner	transaktioner
gendrivande	gendrivande
smittskyddet	smittskyddet
jeeparnas	jeeparnas
rumänen	rumänen
justitiekanslerns	justitiekanslerns
droppen	droppen
åra	åra
meter	meter
berömma	berömma
pråmar	pråmar
utgjorde	utgjorde
pilspetsen	pilspetsen
grandets	grandets
restaurerades	restaurerades
skyhöge	skyhöge
marinbiologs	marinbiologs
sjöslagen	sjöslagen
ryggsäcken	ryggsäcken
anställas	anställas
lösaste	lösaste
färgat	färgat
sitt	sitt
nypon	nypon
gemak	gemak
skärvors	skärvors
kutar	kutar
affint	affint
bollklubb	bollklubb
koordinatsystemets	koordinatsystemets
anrättningars	anrättningars
karoliners	karoliners
vakansers	vakansers
statschefers	statschefers
docerade	docerade
blixtnedslagen	blixtnedslagen
gångjärnens	gångjärnens
konsortier	konsortier
värmebehandlat	värmebehandlat
dräpas	dräpas
justerande	justerande
beställda	beställda
byrådirektören	byrådirektören
rötterna	rötterna
kombinerad	kombinerad
ordstäv	ordstäv
kartografiska	kartografiska
repmånader	repmånader
slangordets	slangordets
kulturliv	kulturliv
mitokondriers	mitokondriers
tvillingar	tvillingar
argentinskorna	argentinskorna
hakens	hakens
slickepinnes	slickepinnes
drogens	drogens
beaktandeleds	beaktandeleds
kartografisk	kartografisk
obetalbara	obetalbara
glåpords	glåpords
dräpt	dräpt
sköts	sköts
dominikans	dominikans
kroppsvätskors	kroppsvätskors
jordskreds	jordskreds
ösregns	ösregns
stiftas	stiftas
omstrukturerades	omstrukturerades
svepts	svepts
ispravniken	ispravniken
nagellackets	nagellackets
skulptörs	skulptörs
arbetssätts	arbetssätts
anfangen	anfangen
flydde	flydde
fyllde	fyllde
assisterar	assisterar
ödmjuk	ödmjuk
äggulor	äggulor
rättvisan	rättvisan
cykelhandlares	cykelhandlares
procentenheten	procentenheten
kämpade	kämpade
täcke	täcke
västlig	västlig
racingbanors	racingbanors
påvisat	påvisat
nyårsaftonen	nyårsaftonen
visars	visars
tigits	tigits
attackeras	attackeras
initiativtagares	initiativtagares
mög	mög
underavdelningars	underavdelningars
kines	kines
dirigistiske	dirigistiske
ekobrottet	ekobrottet
inägorna	inägorna
luftmassan	luftmassan
utfärdades	utfärdades
clowneri	clowneri
cellulosanitrats	cellulosanitrats
anklagar	anklagar
institutionelle	institutionelle
translationen	translationen
gömda	gömda
huvens	huvens
fästas	fästas
relaterar	relaterar
flata	flata
bevaras	bevaras
tystande	tystande
spanjors	spanjors
indiskorna	indiskorna
piruetters	piruetters
tyngste	tyngste
