palatset	palatset
omskäres	omskäres
tunga	tunga
fyllt	fyllt
maakatéerna	maakatéerna
förres	förres
såge	såge
Jeremia	Jeremia
främmandes	främmandes
utbytte	utbytte
Jeremias	Jeremias
Anas	Anas
klädda	klädda
stycke	stycke
lärt	lärt
plats	plats
Dan	Dan
förtrycktas	förtrycktas
ledas	ledas
Orions	Orions
rykte	rykte
slita	slita
tända	tända
genomsöka	genomsöka
utgöres	utgöres
betrycktes	betrycktes
skrapa	skrapa
gives	gives
närande	närande
Ruben	Ruben
fullborde	fullborde
flyttade	flyttade
skyarna	skyarna
väckt	väckt
förslaget	förslaget
Att	Att
lögnprofeternas	lögnprofeternas
sköta	sköta
rovet	rovet
vette	vette
nitälskan	nitälskan
anföra	anföra
berget	berget
inne	inne
säljen	säljen
fördraga	fördraga
omsnärjt	omsnärjt
bortfört	bortfört
Abrahams	Abrahams
Ren	Ren
kos	kos
nitälsken	nitälsken
lägga	lägga
Rubens	Rubens
gör	gör
bevekt	bevekt
svänga	svänga
biträde	biträde
förödande	förödande
vinn	vinn
omringade	omringade
äppelträd	äppelträd
Ute	Ute
spenabarn	spenabarn
sken	sken
bakhåll	bakhåll
gudsfruktan	gudsfruktan
orena	orena
travarna	travarna
funnes	funnes
tycka	tycka
Inga	Inga
självt	självt
känden	känden
nästen	nästen
falls	falls
Elis	Elis
sålda	sålda
stjärntydarna	stjärntydarna
Tabor	Tabor
fången	fången
skäl	skäl
utrönt	utrönt
slitna	slitna
räddade	räddade
nät	nät
beseglades	beseglades
uträcka	uträcka
bitarna	bitarna
utföre	utföre
mötes	mötes
upprört	upprört
verket	verket
Din	Din
tog	tog
upptages	upptages
vandren	vandren
Esters	Esters
bröder	bröder
vänt	vänt
Alexander	Alexander
nämnes	nämnes
segrare	segrare
hemsökes	hemsökes
bestänka	bestänka
berömt	berömt
vändes	vändes
Heber	Heber
vingar	vingar
Vilken	Vilken
koken	koken
svängde	svängde
svarade	svarade
köpt	köpt
märkt	märkt
konungadöme	konungadöme
bytte	bytte
budord	budord
förfares	förfares
vissna	vissna
hålla	hålla
födas	födas
Helt	Helt
dräpes	dräpes
följd	följd
Abia	Abia
ark	ark
brytes	brytes
antal	antal
Omar	Omar
möte	möte
Båda	Båda
talen	talen
tackade	tackade
mångas	mångas
förhindrade	förhindrade
lämnades	lämnades
påbudet	påbudet
stadier	stadier
flytt	flytt
drype	drype
slagen	slagen
gömmes	gömmes
gripa	gripa
styra	styra
förlåtna	förlåtna
flottar	flottar
rådde	rådde
firade	firade
åte	åte
strida	strida
tankarna	tankarna
yttersta	yttersta
armod	armod
snärjas	snärjas
pelarna	pelarna
överstes	överstes
knyta	knyta
springande	springande
Vid	Vid
Rehabeams	Rehabeams
Vaken	Vaken
lägges	lägges
betänken	betänken
faste	faste
omgiven	omgiven
nedbryta	nedbryta
Gode	Gode
dröjen	dröjen
talade	talade
dräpen	dräpen
förordnades	förordnades
förhärligade	förhärligade
övermodet	övermodet
Jasons	Jasons
Berit	Berit
bjudes	bjudes
antändes	antändes
menen	menen
förunnade	förunnade
tåga	tåga
Kain	Kain
förliten	förliten
sågade	sågade
Dessa	Dessa
Datans	Datans
bön	bön
Amaleks	Amaleks
insatt	insatt
anstiftades	anstiftades
höj	höj
uppfyll	uppfyll
åker	åker
fällda	fällda
kramade	kramade
Akajas	Akajas
bundna	bundna
stärken	stärken
Amminadabs	Amminadabs
fördömde	fördömde
korsfästes	korsfästes
jublande	jublande
strålande	strålande
korsfästa	korsfästa
dricka	dricka
åter	åter
Sina	Sina
gjordes	gjordes
år	år
inställde	inställde
gudsfruktans	gudsfruktans
faders	faders
sändebudet	sändebudet
beviset	beviset
Jona	Jona
utstött	utstött
tigga	tigga
förrådshus	förrådshus
invånares	invånares
fattas	fattas
brus	brus
Arba	Arba
inbärgning	inbärgning
Edom	Edom
komma	komma
stor	stor
uppsökte	uppsökte
höje	höje
inhägnade	inhägnade
Milka	Milka
tårarna	tårarna
bådas	bådas
tryggade	tryggade
yngste	yngste
gästabudet	gästabudet
skrivna	skrivna
övergiva	övergiva
förlåte	förlåte
utsätta	utsätta
fördolda	fördolda
Sutelas	Sutelas
lärda	lärda
plåga	plåga
livs	livs
sälje	sälje
sådant	sådant
fetmas	fetmas
sänkt	sänkt
vandrarna	vandrarna
annan	annan
penningarna	penningarna
prisen	prisen
arbetare	arbetare
utplånades	utplånades
våldsverkare	våldsverkare
Belas	Belas
Satans	Satans
skilde	skilde
tabernakel	tabernakel
hindarna	hindarna
fyll	fyll
bjödo	bjödo
gånge	gånge
betryckt	betryckt
uträckte	uträckte
armes	armes
avmätt	avmätt
valla	valla
leva	leva
släktens	släktens
anklagade	anklagade
Rebecka	Rebecka
Vare	Vare
stycken	stycken
lägge	lägge
stigen	stigen
Hagars	Hagars
jubelår	jubelår
bortförd	bortförd
Jair	Jair
vaken	vaken
dyrkades	dyrkades
Sutela	Sutela
travare	travare
Jedutuns	Jedutuns
utsatta	utsatta
vägs	vägs
styrkes	styrkes
minnes	minnes
budet	budet
Abimeleks	Abimeleks
eländet	eländet
mödat	mödat
uppståndna	uppståndna
skäres	skäres
borrade	borrade
spottade	spottade
Akas	Akas
vilken	vilken
fördärvare	fördärvare
övergåvo	övergåvo
egyptierna	egyptierna
träffas	träffas
mjöl	mjöl
lama	lama
omsnärjde	omsnärjde
ordspråket	ordspråket
silverbägare	silverbägare
skänkt	skänkt
vrides	vrides
vederkvicka	vederkvicka
friköpa	friköpa
Mahalalel	Mahalalel
brännes	brännes
förlitar	förlitar
läs	läs
bygga	bygga
utslag	utslag
Gamaliel	Gamaliel
hövdingdömet	hövdingdömet
Abram	Abram
fäste	fäste
Anaks	Anaks
slaktade	slaktade
tröstar	tröstar
sådana	sådana
deltagande	deltagande
äga	äga
stode	stode
fostrare	fostrare
tusentals	tusentals
avbärga	avbärga
gjutna	gjutna
rättfärdiga	rättfärdiga
Bera	Bera
beröven	beröven
fordren	fordren
träffades	träffades
skadade	skadade
lever	lever
ring	ring
utgjuta	utgjuta
sålden	sålden
förstör	förstör
vredes	vredes
söks	söks
försonade	försonade
Jereds	Jereds
David	David
hemsökt	hemsökt
torka	torka
Asiens	Asiens
murbruk	murbruk
fören	fören
mönstrades	mönstrades
utslaget	utslaget
hysa	hysa
styrka	styrka
snara	snara
avstånd	avstånd
avsöndrade	avsöndrade
slickade	slickade
försåt	försåt
dess	dess
hjärtas	hjärtas
stormades	stormades
tagen	tagen
gräns	gräns
hala	hala
kort	kort
omsluten	omsluten
gräto	gräto
fläka	fläka
sovo	sovo
dyrkar	dyrkar
beskäres	beskäres
dräpa	dräpa
hörsamma	hörsamma
uppfört	uppfört
lyckas	lyckas
brännande	brännande
Johannes	Johannes
folket	folket
båda	båda
föröken	föröken
Baals	Baals
skugga	skugga
samtycka	samtycka
uppbådades	uppbådades
skålarna	skålarna
fräta	fräta
tjänare	tjänare
rista	rista
spända	spända
Josefs	Josefs
budens	budens
samlas	samlas
hjälpa	hjälpa
tjäne	tjäne
Meribas	Meribas
efterföljare	efterföljare
ut	ut
Bröder	Bröder
jagades	jagades
utföres	utföres
stadgen	stadgen
behålla	behålla
leven	leven
avståndet	avståndet
sabbat	sabbat
sända	sända
klagorop	klagorop
bekänna	bekänna
avbärgad	avbärgad
slätt	slätt
nymånadsdagen	nymånadsdagen
Ord	Ord
betar	betar
påskalammet	påskalammet
Eliesers	Eliesers
mördare	mördare
Asaf	Asaf
hämnas	hämnas
blåses	blåses
tränges	tränges
förbundet	förbundet
tänkt	tänkt
förnimma	förnimma
Ono	Ono
undantagen	undantagen
Alexanders	Alexanders
gripen	gripen
kalla	kalla
vind	vind
Assyriens	Assyriens
lösen	lösen
ansedda	ansedda
göre	göre
slaktdjuret	slaktdjuret
Heles	Heles
brinnande	brinnande
avhålle	avhålle
vilen	vilen
fört	fört
kastade	kastade
fötterna	fötterna
Abiram	Abiram
fördriva	fördriva
kon	kon
trängde	trängde
vilka	vilka
Johanans	Johanans
löftet	löftet
rev	rev
brev	brev
läka	läka
fot	fot
borttaga	borttaga
plugg	plugg
Iskariots	Iskariots
släcka	släcka
Vakna	Vakna
Lemek	Lemek
blåste	blåste
rätas	rätas
Mahalalels	Mahalalels
Jesaja	Jesaja
vittnesbörd	vittnesbörd
skyddade	skyddade
mat	mat
Vilket	Vilket
dräpt	dräpt
dukade	dukade
uppsatte	uppsatte
Jeriko	Jeriko
intagen	intagen
offrade	offrade
ena	ena
Aran	Aran
förödes	förödes
övriga	övriga
odjuret	odjuret
rygga	rygga
utroten	utroten
föda	föda
soven	soven
anställde	anställde
Elisa	Elisa
Man	Man
vädurarna	vädurarna
förskingrade	förskingrade
Surs	Surs
förbud	förbud
Benjamins	Benjamins
Kabul	Kabul
helgade	helgade
sjunga	sjunga
avlämnade	avlämnade
Moab	Moab
bärare	bärare
Et	Et
Berias	Berias
tänk	tänk
utlysa	utlysa
Leas	Leas
öre	öre
drabbade	drabbade
Sems	Sems
beseglade	beseglade
bräde	bräde
modersskötet	modersskötet
rörde	rörde
längten	längten
lames	lames
Tre	Tre
ämnade	ämnade
pelare	pelare
Jotams	Jotams
uträckas	uträckas
Susan	Susan
inhägnad	inhägnad
kärve	kärve
varde	varde
kysst	kysst
Bered	Bered
hören	hören
förstörd	förstörd
utplånade	utplånade
drucken	drucken
uppfyllen	uppfyllen
klövarna	klövarna
skänke	skänke
ödmjuka	ödmjuka
förfölja	förfölja
stoderna	stoderna
brunnarna	brunnarna
brända	brända
hyst	hyst
borttappade	borttappade
trampa	trampa
klagoropet	klagoropet
spik	spik
Hagar	Hagar
omstörtade	omstörtade
Joktans	Joktans
stinkande	stinkande
ofta	ofta
vårdar	vårdar
Lammet	Lammet
Babel	Babel
dricke	dricke
Falla	Falla
slites	slites
låte	låte
markens	markens
Elia	Elia
öppnades	öppnades
beloppet	beloppet
grunda	grunda
lindade	lindade
skurna	skurna
svin	svin
Undan	Undan
Noas	Noas
dyrkade	dyrkade
lamm	lamm
kramades	kramades
fattades	fattades
skrivare	skrivare
Folk	Folk
sköljes	sköljes
Högstes	Högstes
omringades	omringades
förvaltade	förvaltade
predikades	predikades
uppenbaras	uppenbaras
Talar	Talar
ek	ek
renade	renade
mörka	mörka
Anatots	Anatots
Abias	Abias
sabbaterna	sabbaterna
beställa	beställa
fiskar	fiskar
sport	sport
rättas	rättas
lovade	lovade
dråp	dråp
aga	aga
frambäres	frambäres
området	området
slunga	slunga
höre	höre
kände	kände
görare	görare
behöves	behöves
öppnas	öppnas
äktenskapsbrott	äktenskapsbrott
Samarias	Samarias
stillade	stillade
utvalda	utvalda
höjes	höjes
döda	döda
någons	någons
handlade	handlade
lyte	lyte
dryckerna	dryckerna
tillträda	tillträda
städer	städer
korsar	korsar
Om	Om
sälja	sälja
förgörare	förgörare
fullbordades	fullbordades
utrote	utrote
göra	göra
hurudan	hurudan
arglistige	arglistige
lända	lända
sårade	sårade
sanna	sanna
uträckt	uträckt
stickade	stickade
Naftali	Naftali
ihågkommen	ihågkommen
hinder	hinder
Rahab	Rahab
träta	träta
utvaldas	utvaldas
var	var
Abraham	Abraham
böjd	böjd
krig	krig
Balaks	Balaks
det	det
moder	moder
förstånd	förstånd
kullarna	kullarna
förra	förra
Beta	Beta
Akbors	Akbors
årens	årens
råka	råka
område	område
uppbådade	uppbådade
slungade	slungade
bruke	bruke
fattade	fattade
ryka	ryka
gästabud	gästabud
domarna	domarna
Persiens	Persiens
betryckte	betryckte
Dina	Dina
ringar	ringar
bägare	bägare
skära	skära
borttagen	borttagen
vrede	vrede
Joa	Joa
döva	döva
varen	varen
vävare	vävare
Persien	Persien
överdraga	överdraga
tändas	tändas
slicke	slicke
bägarna	bägarna
bespejare	bespejare
henne	henne
skarpt	skarpt
Ais	Ais
utpantat	utpantat
förslag	förslag
utsatte	utsatte
mörker	mörker
Meriba	Meriba
ordspråk	ordspråk
trätt	trätt
bortförda	bortförda
följda	följda
fördärvade	fördärvade
dessa	dessa
utgjutes	utgjutes
Taga	Taga
Satan	Satan
flyga	flyga
murbruket	murbruket
retade	retade
minne	minne
Nebajot	Nebajot
folk	folk
betänk	betänk
Sera	Sera
vädurens	vädurens
sons	sons
rest	rest
Baraks	Baraks
förutbestämde	förutbestämde
glädes	glädes
Stället	Stället
uppbygges	uppbygges
Syrien	Syrien
snärja	snärja
tage	tage
fläkt	fläkt
Salems	Salems
upphöjen	upphöjen
klagande	klagande
grumlen	grumlen
anställd	anställd
avfallna	avfallna
Arbas	Arbas
falle	falle
dräp	dräp
ed	ed
klappa	klappa
barn	barn
Den	Den
fyllda	fyllda
yngstes	yngstes
vakade	vakade
hos	hos
lugna	lugna
räckt	räckt
församlas	församlas
Elisas	Elisas
stört	stört
Dianas	Dianas
vedergäll	vedergäll
Gad	Gad
förgjorde	förgjorde
hindrades	hindrades
stormade	stormade
glada	glada
resas	resas
backarna	backarna
efterföljd	efterföljd
vinna	vinna
Ehuds	Ehuds
sändebud	sändebud
skydda	skydda
anletes	anletes
korn	korn
förunne	förunne
förutbestämt	förutbestämt
öga	öga
Milkas	Milkas
upplåten	upplåten
fatet	fatet
Seirs	Seirs
axens	axens
bit	bit
tillreda	tillreda
gömma	gömma
synds	synds
förbytes	förbytes
vållen	vållen
kallades	kallades
hugga	hugga
oftare	oftare
Hanok	Hanok
vakttorn	vakttorn
platserna	platserna
uppfödde	uppfödde
Geras	Geras
driva	driva
brännsår	brännsår
rötterna	rötterna
uppfylla	uppfylla
inrättades	inrättades
Sebaot	Sebaot
länder	länder
tillhöra	tillhöra
hjulet	hjulet
stige	stige
utsträcka	utsträcka
beställt	beställt
samtycke	samtycke
blodbad	blodbad
förtälj	förtälj
uppförd	uppförd
Gats	Gats
ene	ene
altare	altare
hembära	hembära
näst	näst
beredd	beredd
vårdare	vårdare
förbliva	förbliva
upprätta	upprätta
Simmas	Simmas
bindas	bindas
föreläsa	föreläsa
borgare	borgare
Sådana	Sådana
beträden	beträden
din	din
dödande	dödande
hövdingdömen	hövdingdömen
bortkastade	bortkastade
Balak	Balak
släckt	släckt
bjude	bjude
Anak	Anak
Davids	Davids
återstodo	återstodo
predikade	predikade
förtorkades	förtorkades
utfören	utfören
fallna	fallna
edens	edens
siare	siare
bevarades	bevarades
våld	våld
vändas	vändas
stinka	stinka
Bosra	Bosra
gångar	gångar
Abrams	Abrams
sångarna	sångarna
drogs	drogs
Ai	Ai
Hebron	Hebron
Allas	Allas
lider	lider
binde	binde
beskärt	beskärt
försvarade	försvarade
moderssköte	moderssköte
somt	somt
höjen	höjen
gjuta	gjuta
upptage	upptage
fast	fast
djuret	djuret
lösa	lösa
Moabs	Moabs
Sjustjärnorna	Sjustjärnorna
klappade	klappade
döm	döm
bjöden	bjöden
förvandlade	förvandlade
råda	råda
ämne	ämne
förlikt	förlikt
räknade	räknade
like	like
frälsa	frälsa
använda	använda
dövas	dövas
överdragen	överdragen
laga	laga
förkunnades	förkunnades
make	make
Kemuel	Kemuel
biträda	biträda
låge	låge
övergive	övergive
mödar	mödar
slösade	slösade
ort	ort
säga	säga
förrättade	förrättade
binda	binda
nästa	nästa
syndarna	syndarna
avvändes	avvändes
stöta	stöta
hövdingdöme	hövdingdöme
helas	helas
budbärare	budbärare
rätt	rätt
Tagen	Tagen
liden	liden
bröderna	bröderna
tillgiva	tillgiva
efterfölja	efterfölja
glänsande	glänsande
vässt	vässt
säkras	säkras
utkräva	utkräva
levande	levande
hjärta	hjärta
annat	annat
förstörs	förstörs
döma	döma
Hiskias	Hiskias
bältet	bältet
Datan	Datan
bestämda	bestämda
saker	saker
Sådant	Sådant
brunnens	brunnens
förkunnare	förkunnare
hållna	hållna
fotblad	fotblad
bot	bot
försonas	försonas
räta	räta
tagna	tagna
Fallen	Fallen
läsa	läsa
tyckes	tyckes
bohaget	bohaget
arme	arme
Jorams	Jorams
bete	bete
sin	sin
åkerstycke	åkerstycke
bärande	bärande
Bosras	Bosras
försörjare	försörjare
rädda	rädda
Massas	Massas
Lots	Lots
denne	denne
fylld	fylld
dråparna	dråparna
upprättades	upprättades
hennes	hennes
daglönare	daglönare
mister	mister
Het	Het
böjt	böjt
oxens	oxens
skrymtarna	skrymtarna
formade	formade
Kedar	Kedar
böjes	böjes
stenhuggarna	stenhuggarna
sänka	sänka
kläda	kläda
giva	giva
stenhuggare	stenhuggare
tjäna	tjäna
utbyta	utbyta
flotta	flotta
bevaren	bevaren
domar	domar
beträda	beträda
upptänts	upptänts
gäckas	gäckas
budbärarna	budbärarna
inga	inga
seendes	seendes
Landet	Landet
menade	menade
rötter	rötter
skiften	skiften
vant	vant
invig	invig
övertäcka	övertäcka
blottade	blottade
brändes	brändes
gräte	gräte
siste	siste
uppfylles	uppfylles
anfallen	anfallen
väckes	väckes
Bekers	Bekers
torg	torg
etiopier	etiopier
Samuel	Samuel
städ	städ
andas	andas
förlike	förlike
gud	gud
rövade	rövade
vid	vid
stallet	stallet
offrades	offrades
utgöra	utgöra
kallade	kallade
plågas	plågas
befälhavarna	befälhavarna
Mas	Mas
föröke	föröke
uppfödd	uppfödd
täcke	täcke
spenabarnet	spenabarnet
renas	renas
ansiktes	ansiktes
avvända	avvända
blotta	blotta
användes	användes
Alls	Alls
omsluta	omsluta
format	format
tungas	tungas
blinda	blinda
ändamål	ändamål
berövade	berövade
Salma	Salma
orterna	orterna
ödmjukade	ödmjukade
Res	Res
inbärgar	inbärgar
ökade	ökade
smälte	smälte
uppröres	uppröres
råd	råd
nedgjorde	nedgjorde
trängd	trängd
växt	växt
kännes	kännes
Simons	Simons
fostrades	fostrades
sjukt	sjukt
Aras	Aras
vässer	vässer
kokt	kokt
dragare	dragare
förskräckte	förskräckte
givare	givare
lära	lära
drog	drog
dödas	dödas
hjärtat	hjärtat
gräten	gräten
näpsa	näpsa
bindes	bindes
Marias	Marias
Hanna	Hanna
åts	åts
hjälpare	hjälpare
ingångens	ingångens
frambären	frambären
varandras	varandras
upptecknades	upptecknades
taga	taga
trampade	trampade
ringas	ringas
drömma	drömma
väns	väns
tjänade	tjänade
Tamars	Tamars
finnes	finnes
förlitade	förlitade
uppfyllda	uppfyllda
orenen	orenen
klövs	klövs
dolde	dolde
ryggas	ryggas
gifte	gifte
rikt	rikt
Joas	Joas
höljes	höljes
styre	styre
tvagna	tvagna
Jabin	Jabin
före	före
klagade	klagade
Serubbabels	Serubbabels
vana	vana
ätes	ätes
veta	veta
våldsverkares	våldsverkares
Tro	Tro
Ahab	Ahab
våldet	våldet
lysande	lysande
förbrännes	förbrännes
värden	värden
svinet	svinet
bjudna	bjudna
hals	hals
Berea	Berea
säge	säge
visst	visst
köpebrevet	köpebrevet
förtryckes	förtryckes
fortfarande	fortfarande
betäckt	betäckt
övertäckt	övertäckt
vanära	vanära
anskaffade	anskaffade
Elias	Elias
stod	stod
resa	resa
odjur	odjur
förfäras	förfäras
betänkte	betänkte
bedragare	bedragare
Amminadab	Amminadab
förbudet	förbudet
hackade	hackade
fjättrar	fjättrar
Sur	Sur
Egyptens	Egyptens
avhållen	avhållen
blotten	blotten
Isak	Isak
fikonträdet	fikonträdet
vika	vika
syns	syns
fat	fat
utsändes	utsändes
Amons	Amons
Nilen	Nilen
utsättes	utsättes
uppenbarades	uppenbarades
säljes	säljes
drabbades	drabbades
prisade	prisade
vingarna	vingarna
bygges	bygges
länge	länge
Bileams	Bileams
Orion	Orion
upphöjda	upphöjda
Rådet	Rådet
sjuke	sjuke
utfärdade	utfärdade
vilddjur	vilddjur
försörja	försörja
upphäva	upphäva
förkunnade	förkunnade
föröda	föröda
bitens	bitens
allas	allas
förtälja	förtälja
utbredda	utbredda
taket	taket
nära	nära
Son	Son
gudarna	gudarna
dukat	dukat
fara	fara
arglistig	arglistig
räcken	räcken
släppe	släppe
lamms	lamms
följeslagares	följeslagares
siares	siares
koka	koka
flöge	flöge
sån	sån
gladas	gladas
bade	bade
inmönstrade	inmönstrade
äktenskapsbrottet	äktenskapsbrottet
friade	friade
Asien	Asien
vallar	vallar
förehaves	förehaves
upplagda	upplagda
gileaditer	gileaditer
frossa	frossa
förundran	förundran
vederkvickt	vederkvickt
Ars	Ars
utstöta	utstöta
tillsätta	tillsätta
förvandlades	förvandlades
vattnade	vattnade
övergiven	övergiven
fullbordade	fullbordade
Jonatan	Jonatan
rulla	rulla
första	första
springa	springa
förlösa	förlösa
Obed	Obed
förenade	förenade
bok	bok
stadgas	stadgas
övermod	övermod
beredde	beredde
sida	sida
Ners	Ners
förda	förda
tillhörande	tillhörande
gödda	gödda
Loven	Loven
själva	själva
gäckade	gäckade
vedergälle	vedergälle
lagen	lagen
mottaga	mottaga
kröna	kröna
djur	djur
ställa	ställa
utbyte	utbyte
saknas	saknas
blåst	blåst
stengolvet	stengolvet
avlat	avlat
stänger	stänger
byggnadsverk	byggnadsverk
fyllas	fyllas
uppfylle	uppfylle
Sanna	Sanna
Ner	Ner
Hans	Hans
beskärda	beskärda
styrkt	styrkt
dolda	dolda
sen	sen
mäta	mäta
inbärga	inbärga
jämnas	jämnas
undersökt	undersökt
ösa	ösa
klippa	klippa
uppslukade	uppslukade
betrycktas	betrycktas
ammade	ammade
avbärgade	avbärgade
hela	hela
slaktdjur	slaktdjur
falla	falla
snart	snart
fiskade	fiskade
återstod	återstod
hjälpt	hjälpt
skrapade	skrapade
Nea	Nea
tiga	tiga
rena	rena
hyllade	hyllade
dessas	dessas
nedbrytes	nedbrytes
Beker	Beker
värde	värde
Akan	Akan
mätt	mätt
verke	verke
gjutes	gjutes
utbredde	utbredde
fördärv	fördärv
utstakat	utstakat
göres	göres
breda	breda
skilt	skilt
åkerstycken	åkerstycken
stilla	stilla
Joram	Joram
hugges	hugges
befälhavare	befälhavare
oss	oss
broders	broders
äldstes	äldstes
avskäres	avskäres
valv	valv
hörsammades	hörsammades
hörda	hörda
Isebel	Isebel
snärjda	snärjda
halt	halt
Noa	Noa
upphöjde	upphöjde
utfärdades	utfärdades
sto	sto
denna	denna
väges	väges
Kabuls	Kabuls
dröja	dröja
ingen	ingen
Efrons	Efrons
bruse	bruse
uppstånden	uppstånden
upptändes	upptändes
ledda	ledda
vitt	vitt
störstes	störstes
grumlade	grumlade
bevis	bevis
sans	sans
upptecknade	upptecknade
Eva	Eva
Gamaliels	Gamaliels
göras	göras
påskalamm	påskalamm
bäste	bäste
bäres	bäres
vetekorn	vetekorn
slags	slags
Ard	Ard
synderna	synderna
Denne	Denne
förföljda	förföljda
omkommo	omkommo
Gera	Gera
skött	skött
Betuel	Betuel
köpare	köpare
tår	tår
håla	håla
ringe	ringe
Ned	Ned
smälta	smälta
Kedars	Kedars
järn	järn
förtäre	förtäre
sättes	sättes
Allt	Allt
hembäre	hembäre
stänga	stänga
tryckes	tryckes
Bileam	Bileam
maka	maka
fördärven	fördärven
stadgar	stadgar
smida	smida
vittne	vittne
Joab	Joab
Salome	Salome
lovar	lovar
Jerusalem	Jerusalem
bestänkt	bestänkt
Ava	Ava
invigen	invigen
sådan	sådan
dennas	dennas
kor	kor
bunden	bunden
smältes	smältes
Hulda	Hulda
täckes	täckes
väljen	väljen
hålen	hålen
namn	namn
upplöses	upplöses
Onan	Onan
altaret	altaret
dammet	dammet
fördärvet	fördärvet
slakt	slakt
dräpe	dräpe
rörande	rörande
libyerna	libyerna
åka	åka
följande	följande
utkräves	utkräves
bosätten	bosätten
Johanan	Johanan
Melek	Melek
Land	Land
tillgiven	tillgiven
Ögat	Ögat
ökades	ökades
fälles	fälles
skjuten	skjuten
Det	Det
Ordet	Ordet
sikte	sikte
bunde	bunde
spikarna	spikarna
buren	buren
antalet	antalet
Diana	Diana
minska	minska
lida	lida
Moses	Moses
följeslagare	följeslagare
skrymtade	skrymtade
jagade	jagade
vedergälla	vedergälla
uddar	uddar
ytterst	ytterst
öppnen	öppnen
hacka	hacka
uträcker	uträcker
fruktan	fruktan
hälsade	hälsade
välva	välva
krossade	krossade
Rehabeam	Rehabeam
Assur	Assur
fattat	fattat
trängt	trängt
löses	löses
fästas	fästas
Ismael	Ismael
Gat	Gat
tröstare	tröstare
brännsåret	brännsåret
lärd	lärd
mättas	mättas
druckna	druckna
uppbyggda	uppbyggda
sålde	sålde
malen	malen
lyftes	lyftes
mördande	mördande
grunden	grunden
stärka	stärka
renat	renat
give	give
hämtades	hämtades
uttåg	uttåg
övrigas	övrigas
intaga	intaga
vetekornet	vetekornet
klädd	klädd
Lea	Lea
garnet	garnet
behöva	behöva
ändamålet	ändamålet
väckas	väckas
uppdrag	uppdrag
anstiftade	anstiftade
övrigt	övrigt
låta	låta
betalen	betalen
främmande	främmande
sina	sina
strålade	strålade
ära	ära
visen	visen
förbund	förbund
Både	Både
armodet	armodet
tillreds	tillreds
vållade	vållade
utspridde	utspridde
förras	förras
uppgivna	uppgivna
Ana	Ana
räcka	räcka
inställa	inställa
säte	säte
utforskade	utforskade
förtär	förtär
skylde	skylde
vare	vare
finne	finne
lår	lår
predikat	predikat
förföljare	förföljare
antända	antända
Edens	Edens
silverbägarna	silverbägarna
besöka	besöka
friköpt	friköpt
Saras	Saras
slaktades	slaktades
längtan	längtan
inbärgen	inbärgen
Tabors	Tabors
frossare	frossare
torn	torn
sliten	sliten
Joabs	Joabs
fördolde	fördolde
Hela	Hela
befäl	befäl
marker	marker
täckte	täckte
omsnärjer	omsnärjer
drivas	drivas
jublen	jublen
Sisak	Sisak
dödsriket	dödsriket
uppgiva	uppgiva
Bara	Bara
väcka	väcka
slagna	slagna
handlar	handlar
hörsammade	hörsammade
mödade	mödade
sårande	sårande
födde	födde
löpen	löpen
bestämde	bestämde
förbytt	förbytt
springare	springare
fortfare	fortfare
byten	byten
läggen	läggen
Baal	Baal
oxarna	oxarna
Hanoks	Hanoks
Sköt	Sköt
fördömda	fördömda
Tamar	Tamar
som	som
upphöja	upphöja
skäras	skäras
inträda	inträda
utsläckes	utsläckes
upprörd	upprörd
skål	skål
upplysa	upplysa
frambär	frambär
alltings	alltings
ställt	ställt
talades	talades
vanärade	vanärade
gripes	gripes
köpa	köpa
vrida	vrida
täcktes	täcktes
anskaffades	anskaffades
tillspillogiven	tillspillogiven
omvända	omvända
San	San
Assurs	Assurs
sträckt	sträckt
upplåta	upplåta
arvet	arvet
Talen	Talen
överlämnade	överlämnade
sports	sports
ringa	ringa
bevisade	bevisade
avbärgat	avbärgat
sväljt	sväljt
bortryckta	bortryckta
omgivna	omgivna
slås	slås
bud	bud
bars	bars
undan	undan
ens	ens
mana	mana
etiopierna	etiopierna
följe	följe
rådande	rådande
bjuda	bjuda
förskingrades	förskingrades
betyda	betyda
dryck	dryck
upplyste	upplyste
namns	namns
udd	udd
tänken	tänken
fördragen	fördragen
glänsa	glänsa
hörare	hörare
svävande	svävande
förvarade	förvarade
vanna	vanna
uppföda	uppföda
valkare	valkare
Jerikos	Jerikos
blive	blive
kläder	kläder
No	No
kända	kända
skilts	skilts
uppslukades	uppslukades
borgen	borgen
avsatserna	avsatserna
upplopp	upplopp
Kanaans	Kanaans
Salman	Salman
upptänd	upptänd
stenröse	stenröse
födes	födes
bäckarna	bäckarna
mottages	mottages
hälsades	hälsades
vara	vara
förstörda	förstörda
Sköna	Sköna
Sadoks	Sadoks
Nebo	Nebo
byta	byta
uppföra	uppföra
rädes	rädes
Adas	Adas
elände	elände
ställda	ställda
lärde	lärde
övergåve	övergåve
mönstrade	mönstrade
Sadok	Sadok
förlitat	förlitat
förskräcka	förskräcka
spännen	spännen
strids	strids
gods	gods
grannarna	grannarna
väta	väta
Beten	Beten
fullbordan	fullbordan
förströdde	förströdde
förtäljes	förtäljes
släckes	släckes
Dess	Dess
satte	satte
förlite	förlite
gångerna	gångerna
blottades	blottades
fallen	fallen
mördade	mördade
hämnare	hämnare
befälet	befälet
buds	buds
borgar	borgar
mista	mista
förlik	förlik
böjde	böjde
svala	svala
Gads	Gads
moln	moln
anförare	anförare
köpebrev	köpebrev
Jairs	Jairs
Sisaks	Sisaks
betänkt	betänkt
eder	eder
kommande	kommande
flögo	flögo
upplagt	upplagt
betade	betade
bosätta	bosätta
bredd	bredd
drage	drage
Ahabs	Ahabs
Visa	Visa
omkomma	omkomma
stjärntydare	stjärntydare
förrådshuset	förrådshuset
enda	enda
Resen	Resen
förstörare	förstörare
tabernakels	tabernakels
Hanes	Hanes
burna	burna
stengolv	stengolv
öra	öra
armen	armen
bortrycktes	bortrycktes
röra	röra
Libanon	Libanon
drivna	drivna
kriget	kriget
förleder	förleder
såddes	såddes
Nilens	Nilens
vårt	vårt
lånen	lånen
Urias	Urias
arms	arms
fordran	fordran
arbetade	arbetade
Antikrists	Antikrists
dragna	dragna
förtryckare	förtryckare
frambära	frambära
förtära	förtära
manade	manade
Simon	Simon
skänk	skänk
Rabba	Rabba
fångade	fångade
tänka	tänka
göden	göden
förhärligen	förhärligen
beskärde	beskärde
sälj	sälj
välj	välj
invånare	invånare
lammet	lammet
täckas	täckas
skrämma	skrämma
åt	åt
upprättade	upprättade
råds	råds
spridda	spridda
enes	enes
sätet	sätet
dugande	dugande
Jafet	Jafet
anden	anden
utföra	utföra
Uria	Uria
fruktade	fruktade
talar	talar
vakttornet	vakttornet
maakatéernas	maakatéernas
sky	sky
gileaditen	gileaditen
försåtet	försåtet
nätet	nätet
sova	sova
Lot	Lot
Asa	Asa
pålägges	pålägges
utstakade	utstakade
kränkt	kränkt
tillfrisknade	tillfrisknade
förena	förena
uttåget	uttåget
svalt	svalt
trygga	trygga
arglistighet	arglistighet
murare	murare
Ussias	Ussias
förståndet	förståndet
vise	vise
dia	dia
valkares	valkares
avskilda	avskilda
korsfästas	korsfästas
böja	böja
många	många
uppgiven	uppgiven
Jonatans	Jonatans
dragen	dragen
vit	vit
ringare	ringare
fare	fare
vakar	vakar
rätta	rätta
föden	föden
förmörkades	förmörkades
Nebos	Nebos
kastades	kastades
ögat	ögat
gravarna	gravarna
ekar	ekar
frätas	frätas
Sered	Sered
skrymtare	skrymtare
påbud	påbud
utrotades	utrotades
hör	hör
föreläses	föreläses
förundren	förundren
skiftade	skiftade
kasten	kasten
träd	träd
manades	manades
gode	gode
Lod	Lod
vandrade	vandrade
ålägga	ålägga
göda	göda
seende	seende
fots	fots
säges	säges
visade	visade
förlita	förlita
förbjuda	förbjuda
tiger	tiger
fatte	fatte
bäckens	bäckens
omstörtades	omstörtades
avskilde	avskilde
samma	samma
hålles	hålles
stadga	stadga
skifte	skifte
kärvarna	kärvarna
bohag	bohag
ålägges	ålägges
rycka	rycka
Aner	Aner
dröj	dröj
skölja	skölja
bälte	bälte
Under	Under
hälsa	hälsa
behövande	behövande
kränka	kränka
horn	horn
funne	funne
lyftas	lyftas
axet	axet
fälla	fälla
spott	spott
anställa	anställa
Våra	Våra
Svärd	Svärd
ödelägga	ödelägga
förgör	förgör
flyta	flyta
Saul	Saul
markerna	markerna
beten	beten
fiskare	fiskare
sakens	sakens
tryckte	tryckte
struts	struts
nämnde	nämnde
tillspillogivna	tillspillogivna
bräderna	bräderna
stenröset	stenröset
nederlaget	nederlaget
uppenbarade	uppenbarade
uppresa	uppresa
Tres	Tres
pressade	pressade
gläds	gläds
sväljen	sväljen
mött	mött
fästes	fästes
våldföres	våldföres
upptänden	upptänden
Seras	Seras
undersöka	undersöka
tages	tages
vänd	vänd
plågade	plågade
avsöndrades	avsöndrades
stores	stores
skrymtan	skrymtan
ute	ute
skilda	skilda
rövare	rövare
Hul	Hul
resande	resande
släkte	släkte
besatte	besatte
huggen	huggen
räknen	räknen
Esaus	Esaus
fogade	fogade
visa	visa
bespejen	bespejen
fylla	fylla
läsen	läsen
smädade	smädade
Nebajots	Nebajots
hot	hot
vars	vars
städerna	städerna
samlades	samlades
stötte	stötte
mjölet	mjölet
Samuels	Samuels
lyfta	lyfta
kullar	kullar
skylt	skylt
lögnprofeterna	lögnprofeterna
röras	röras
Dans	Dans
Akbor	Akbor
inbärgade	inbärgade
utdelade	utdelade
Natan	Natan
Eder	Eder
juble	juble
budordet	budordet
Syriens	Syriens
förrättades	förrättades
inrättade	inrättade
svalka	svalka
svansarna	svansarna
Seir	Seir
torkade	torkade
stupade	stupade
hjul	hjul
upprest	upprest
avsatt	avsatt
blyges	blyges
lika	lika
såld	såld
Soan	Soan
gemaket	gemaket
Jakobs	Jakobs
vilade	vilade
arv	arv
fördömd	fördömd
Jered	Jered
förlåta	förlåta
berg	berg
upphäven	upphäven
pressar	pressar
Kains	Kains
hörn	hörn
Absaloms	Absaloms
invigda	invigda
Sauls	Sauls
säkra	säkra
aktade	aktade
släppa	släppa
dammarna	dammarna
fotbladet	fotbladet
Juda	Juda
vin	vin
maakatéer	maakatéer
tystade	tystade
förstöres	förstöres
gap	gap
stött	stött
agat	agat
firades	firades
ödmjukas	ödmjukas
brevet	brevet
byggda	byggda
beta	beta
gören	gören
rädd	rädd
smide	smide
hon	hon
upptagna	upptagna
loge	loge
slån	slån
född	född
Sin	Sin
uppläsa	uppläsa
gileaditerna	gileaditerna
någon	någon
ost	ost
täcka	täcka
mark	mark
under	under
hållare	hållare
förmörkade	förmörkade
nästas	nästas
räknades	räknades
Sådan	Sådan
Abirams	Abirams
betale	betale
sticka	sticka
libyer	libyer
känna	känna
förehava	förehava
utsläcka	utsläcka
våldföra	våldföra
klädde	klädde
viska	viska
Sans	Sans
svävade	svävade
försvunna	försvunna
nymånadsdag	nymånadsdag
fortfara	fortfara
tjänen	tjänen
förtrycken	förtrycken
skådade	skådade
jämt	jämt
Jo	Jo
förskräckt	förskräckt
Högste	Högste
Rebeckas	Rebeckas
fyllde	fyllde
läkare	läkare
Elieser	Elieser
skarpa	skarpa
både	både
betryckta	betryckta
Hebers	Hebers
strutsarna	strutsarna
amma	amma
planterade	planterade
Arabiens	Arabiens
anklagen	anklagen
vätt	vätt
krigarna	krigarna
trampas	trampas
Absalom	Absalom
Leviatans	Leviatans
Ismaels	Ismaels
gränserna	gränserna
stjäle	stjäle
tröstade	tröstade
inbärgat	inbärgat
rannsakade	rannsakade
bästa	bästa
skapades	skapades
vända	vända
skuldoffersväduren	skuldoffersväduren
avfalla	avfalla
vreden	vreden
flyge	flyge
murar	murar
skänka	skänka
löpa	löpa
hylla	hylla
förtäljen	förtäljen
ihågkomma	ihågkomma
behållare	behållare
vet	vet
spejare	spejare
upptaga	upptaga
våldsverkarna	våldsverkarna
upplåtna	upplåtna
skattmästarna	skattmästarna
frågade	frågade
Libanons	Libanons
Ada	Ada
sträcka	sträcka
sista	sista
bakhållet	bakhållet
förtärda	förtärda
Bela	Bela
Laban	Laban
Antikrist	Antikrist
hava	hava
längs	längs
Uris	Uris
Lud	Lud
stillades	stillades
utlyst	utlyst
Ester	Ester
tänke	tänke
läkt	läkt
sköten	sköten
anförda	anförda
uppförde	uppförde
Abels	Abels
rike	rike
bönerna	bönerna
överfalla	överfalla
fåren	fåren
uppenbara	uppenbara
höres	höres
värma	värma
draga	draga
värme	värme
drages	drages
spejade	spejade
förblive	förblive
stjäla	stjäla
Iskariot	Iskariot
plågades	plågades
dömda	dömda
vis	vis
hurudana	hurudana
förökade	förökade
Ställ	Ställ
flyttades	flyttades
skildes	skildes
boks	boks
nödgas	nödgas
huvud	huvud
äte	äte
tvagen	tvagen
gapet	gapet
togs	togs
Jafets	Jafets
förstören	förstören
HERREN	HERREN
skjuta	skjuta
förvaltare	förvaltare
Vilka	Vilka
äldste	äldste
Lamm	Lamm
täckt	täckt
krossades	krossades
näpst	näpst
Egypten	Egypten
renades	renades
Asas	Asas
stängda	stängda
steka	steka
drives	drives
förordnade	förordnade
Susa	Susa
blygas	blygas
föres	föres
vett	vett
stänkes	stänkes
död	död
väva	väva
rövar	rövar
Folket	Folket
strävade	strävade
märke	märke
fetma	fetma
pålägga	pålägga
höljas	höljas
avskära	avskära
omfång	omfång
svalkas	svalkas
skälet	skälet
Nod	Nod
Sara	Sara
spridde	spridde
dom	dom
stiga	stiga
Amalek	Amalek
hindrade	hindrade
Anatot	Anatot
krönt	krönt
oren	oren
ende	ende
våra	våra
fordras	fordras
Gehennas	Gehennas
sann	sann
Aten	Aten
modet	modet
fördöma	fördöma
mången	mången
förbyta	förbyta
sko	sko
sås	sås
hornet	hornet
tyg	tyg
upptänt	upptänt
beredda	beredda
säg	säg
uppväckt	uppväckt
åkerstycket	åkerstycket
erövrare	erövrare
Guds	Guds
De	De
stärkt	stärkt
avhålla	avhålla
utforsken	utforsken
förjagades	förjagades
gileaditernas	gileaditernas
namnet	namnet
varandra	varandra
son	son
sänkas	sänkas
Ande	Ande
vita	vita
störste	störste
Tala	Tala
läger	läger
förgätna	förgätna
ryckes	ryckes
Maria	Maria
sätta	sätta
Meleks	Meleks
byar	byar
inbyggares	inbyggares
koret	koret
överdragna	överdragna
genomsökt	genomsökt
upphäves	upphäves
viljen	viljen
bruset	bruset
tågade	tågade
tillredda	tillredda
förbjudes	förbjudes
sträva	sträva
tyget	tyget
uppsöka	uppsöka
Natans	Natans
berömde	berömde
betrodde	betrodde
tillträde	tillträde
rättfärdigas	rättfärdigas
betänka	betänka
bedriva	bedriva
ockrare	ockrare
lidandet	lidandet
ägare	ägare
Naftalis	Naftalis
sökte	sökte
molnet	molnet
Hiskia	Hiskia
blåsa	blåsa
snöret	snöret
än	än
avfallen	avfallen
sprida	sprida
Hets	Hets
klöv	klöv
förtryckt	förtryckt
betäcka	betäcka
omgives	omgives
stadiers	stadiers
agade	agade
höljda	höljda
Faraos	Faraos
Maas	Maas
bedrives	bedrives
förgöra	förgöra
blottas	blottas
Assyrien	Assyrien
rört	rört
tankar	tankar
försvarare	försvarare
kärl	kärl
anfalla	anfalla
Melkisedek	Melkisedek
stötes	stötes
Samaria	Samaria
drypa	drypa
uppsatta	uppsatta
lidandes	lidandes
upploppet	upploppet
uppläst	uppläst
vetet	vetet
användas	användas
innan	innan
utvalde	utvalde
märka	märka
Efraims	Efraims
Ingen	Ingen
förstöra	förstöra
Sebaots	Sebaots
eds	eds
Jakob	Jakob
avlämnades	avlämnades
borrar	borrar
Husas	Husas
bin	bin
släkt	släkt
ockra	ockra
slösare	slösare
lysa	lysa
Gud	Gud
vaka	vaka
skattmästare	skattmästare
rycke	rycke
befästa	befästa
trälarbete	trälarbete
låret	låret
Lus	Lus
Barn	Barn
Varde	Varde
veten	veten
förehaven	förehaven
förgjordes	förgjordes
hus	hus
dömen	dömen
korna	korna
loven	loven
vilket	vilket
förste	förste
värmen	värmen
blodbadet	blodbadet
kors	kors
Leviatan	Leviatan
Benjamin	Benjamin
skapare	skapare
tillsättes	tillsättes
HERRENs	HERRENs
sångerna	sångerna
förströdda	förströdda
skuldoffersvädur	skuldoffersvädur
blott	blott
bevarade	bevarade
undantagna	undantagna
förskräckes	förskräckes
bortförde	bortförde
tvaget	tvaget
helade	helade
tiggare	tiggare
upptändas	upptändas
bevise	bevise
tills	tills
betrodda	betrodda
antändas	antändas
bytt	bytt
Hanan	Hanan
förgäte	förgäte
Råd	Råd
dödade	dödade
nederlag	nederlag
välvt	välvt
fria	fria
Rabbas	Rabbas
upptända	upptända
dåd	dåd
brunne	brunne
frukte	frukte
vilkas	vilkas
smides	smides
Resa	Resa
knyte	knyte
byarna	byarna
byggnadsverket	byggnadsverket
vila	vila
snår	snår
svarande	svarande
höjd	höjd
lugnade	lugnade
slaktet	slaktet
styrkas	styrkas
läge	läge
Isebels	Isebels
lagade	lagade
viken	viken
rikes	rikes
leden	leden
hölje	hölje
bortföra	bortföra
Labans	Labans
Mana	Mana
betydande	betydande
huset	huset
manas	manas
fördrivna	fördrivna
Sjustjärnornas	Sjustjärnornas
backar	backar
fördärvades	fördärvades
inbyggare	inbyggare
blinde	blinde
upphöjt	upphöjt
äras	äras
brödet	brödet
Efron	Efron
lidande	lidande
utgjutna	utgjutna
minskade	minskade
Gudarna	Gudarna
läras	läras
läst	läst
gripna	gripna
förlöst	förlöst
mods	mods
deltaga	deltaga
brodern	brodern
smädare	smädare
spjut	spjut
Kemuels	Kemuels
uppväcken	uppväcken
dån	dån
löpare	löpare
omgiva	omgiva
omskära	omskära
nödgade	nödgade
Vars	Vars
samlen	samlen
råkade	råkade
uppväcka	uppväcka
dödsrike	dödsrike
bara	bara
uppbygga	uppbygga
döme	döme
Ain	Ain
bekännare	bekännare
snöre	snöre
insatte	insatte
stupa	stupa
stänkt	stänkt
verkade	verkade
utbreda	utbreda
Visar	Visar
vete	vete
berömda	berömda
Vin	Vin
arks	arks
fördömen	fördömen
anklagades	anklagades
smältas	smältas
borttappat	borttappat
Jabins	Jabins
döpt	döpt
beskära	beskära
besatta	besatta
förtorkade	förtorkade
löfte	löfte
Goa	Goa
ansedde	ansedde
Kanaan	Kanaan
utsträckt	utsträckt
styckade	styckade
klipper	klipper
hat	hat
sjuka	sjuka
Gehenna	Gehenna
bespejade	bespejade
segrar	segrar
förvarades	förvarades
skuren	skuren
Judeen	Judeen
duga	duga
mätta	mätta
brinna	brinna
året	året
översta	översta
revo	revo
Arabien	Arabien
rullas	rullas
utrotade	utrotade
låga	låga
sov	sov
sökt	sökt
Meraris	Meraris
stjäl	stjäl
Hebrons	Hebrons
Isaks	Isaks
allt	allt
nymånadsdagar	nymånadsdagar
granne	granne
fråga	fråga
tusental	tusental
Manasses	Manasses
bedragna	bedragna
fostrade	fostrade
fyllen	fyllen
vittnesbördet	vittnesbördet
vittnade	vittnade
företaga	företaga
huvudet	huvudet
lånade	lånade
frälsare	frälsare
mätte	mätte
omfånget	omfånget
moderlivet	moderlivet
Joktan	Joktan
läses	läses
Abel	Abel
korer	korer
sändas	sändas
mätten	mätten
Farao	Farao
bryta	bryta
stänka	stänka
vikt	vikt
inträde	inträde
badade	badade
mala	mala
frågen	frågen
kyssa	kyssa
Jesajas	Jesajas
tycke	tycke
Salem	Salem
Amon	Amon
benet	benet
synd	synd
tysta	tysta
förjagade	förjagade
döpes	döpes
Husen	Husen
Hesron	Hesron
stjälen	stjälen
trälarbetet	trälarbetet
bränna	bränna
äta	äta
såren	såren
fällas	fällas
man	man
fadern	fadern
moderliv	moderliv
viljes	viljes
Vårt	Vårt
släktet	släktet
avla	avla
Massa	Massa
Abida	Abida
höra	höra
svans	svans
retas	retas
avsats	avsats
bortkastat	bortkastat
näste	näste
sådanas	sådanas
Aven	Aven
sitta	sitta
alls	alls
Lotan	Lotan
uträcken	uträcken
hölja	hölja
kokte	kokte
skriva	skriva
Israels	Israels
Ett	Ett
drömmar	drömmar
Betuels	Betuels
tillredes	tillredes
huggna	huggna
synas	synas
upptagen	upptagen
döpa	döpa
jubelåret	jubelåret
skuggade	skuggade
förtrycka	förtrycka
funna	funna
hållen	hållen
Brödet	Brödet
den	den
anklagare	anklagare
äppelträdet	äppelträdet
Jedutun	Jedutun
ristade	ristade
tjänarna	tjänarna
upphöjd	upphöjd
skapade	skapade
förfara	förfara
garn	garn
Dennes	Dennes
brukade	brukade
damm	damm
hämtade	hämtade
predikare	predikare
avsatte	avsatte
ställen	ställen
löst	löst
vattnas	vattnas
tränga	tränga
Jotam	Jotam
fästa	fästa
fatten	fatten
utsläckt	utsläckt
behövs	behövs
Judas	Judas
räddades	räddades
stekt	stekt
förblivande	förblivande
skada	skada
skåden	skåden
Ut	Ut
fjättrade	fjättrade
linda	linda
Sem	Sem
fält	fält
Manasse	Manasse
täckts	täckts
födda	födda
växe	växe
bortkastad	bortkastad
droge	droge
miste	miste
Faders	Faders
röres	röres
träda	träda
penningar	penningar
snåret	snåret
sjunge	sjunge
Sikem	Sikem
Job	Job
förkunnen	förkunnen
ansikte	ansikte
Evad	Evad
erövrade	erövrade
till	till
ringarna	ringarna
förgöres	förgöres
fött	fött
Asafs	Asafs
uppgives	uppgives
lytt	lytt
svälja	svälja
församlade	församlade
bäre	bäre
hurudant	hurudant
allting	allting
rov	rov
räckas	räckas
bevekande	bevekande
Israel	Israel
sakerna	sakerna
Abimelek	Abimelek
känd	känd
upplöst	upplöst
släta	släta
bedrage	bedrage
förödda	förödda
säljare	säljare
Gilead	Gilead
lycka	lycka
släppt	släppt
omvände	omvände
Denna	Denna
rykande	rykande
tillfrisknat	tillfrisknat
samme	samme
agas	agas
Ussia	Ussia
förtryck	förtryck
övergivna	övergivna
lärare	lärare
dina	dina
Lovat	Lovat
förstörde	förstörde
tornet	tornet
sena	sena
Ehud	Ehud
befästas	befästas
Hesrons	Hesrons
Lemeks	Lemeks
öst	öst
järnet	järnet
logarna	logarna
luta	luta
Svärdet	Svärdet
Melkisedeks	Melkisedeks
förgjorda	förgjorda
stall	stall
visas	visas
Efraim	Efraim
spjutet	spjutet
förgäta	förgäta
fint	fint
Mose	Mose
föra	föra
kärlet	kärlet
förundrade	förundrade
kallas	kallas
livet	livet
bon	bon
förökades	förökades
bära	bära
besökt	besökt
sköte	sköte
räddas	räddas
råder	råder
bliva	bliva
Barak	Barak
bereda	bereda
uppdraget	uppdraget
ha	ha
anställda	anställda
driven	driven
utröna	utröna
hoppas	hoppas
anlete	anlete
förleda	förleda
företagen	företagen
hoppade	hoppade
aktades	aktades
spänna	spänna
förlåten	förlåten
saknade	saknade
nedgjorda	nedgjorda
stillas	stillas
tak	tak
förre	förre
sådda	sådda
spotten	spotten
ödelägges	ödelägges
fogades	fogades
drive	drive
bedraga	bedraga
störes	störes
förtäres	förtäres
vätas	vätas
havande	havande
gemak	gemak
utpantning	utpantning
då	då
Jason	Jason
visar	visar
frälse	frälse
täckta	täckta
helgades	helgades
söka	söka
Gileads	Gileads
Fadern	Fadern
satta	satta
vävda	vävda
given	given
bevare	bevare
store	store
öppnade	öppnade
trycka	trycka
vilddjuret	vilddjuret
vände	vände
Haso	Haso
hemsöka	hemsöka
Beria	Beria
Merari	Merari
Jobs	Jobs
förbränna	förbränna
åten	åten
upplösa	upplösa
förhindrades	förhindrades
Babels	Babels
fältet	fältet
blindas	blindas
utsprida	utsprida
lutade	lutade
Salomo	Salomo
gileadit	gileadit
de	de
skrämmes	skrämmes
försvunno	försvunno
fårs	fårs
torget	torget
log	log
Öga	Öga
förfärade	förfärade
inviga	inviga
blygs	blygs
dödades	dödades
förtryckta	förtryckta
Judeens	Judeens
gjorda	gjorda
gifta	gifta
Jerusalems	Jerusalems
lägg	lägg
ingångarna	ingångarna
vindarna	vindarna
års	års
daglönares	daglönares
komme	komme
utsända	utsända
jämna	jämna
rannsaken	rannsaken
Josef	Josef
överlämnades	överlämnades
ax	ax
spände	spände
valvet	valvet
bröllop	bröllop
öken	öken
stickas	stickas
Obeds	Obeds
dennes	dennes
Simma	Simma
Hasor	Hasor
Sikems	Sikems
släkterna	släkterna
förstes	förstes
Esau	Esau
Serubbabel	Serubbabel
lämnade	lämnade
jämte	jämte
lame	lame
tacka	tacka
sändes	sändes
Rahabs	Rahabs
belopp	belopp
funno	funno
utdelat	utdelat
överfallen	överfallen
behållna	behållna
lösas	lösas
givna	givna
arglistigt	arglistigt
Sereds	Sereds
palats	palats
fikonträd	fikonträd
vida	vida
Akaja	Akaja
utför	utför
korset	korset
enas	enas
dömes	dömes
nämnda	nämnda
Johanna	Johanna
ben	ben
ställde	ställde
möta	möta
konungadömet	konungadömet
sitter	sitter
kläde	kläde
marks	marks
bröllopet	bröllopet
viskade	viskade
vann	vann
siktades	siktades
fördrives	fördrives
Edoms	Edoms
gömmas	gömmas
förlika	förlika
pluggarna	pluggarna
finna	finna
avmäta	avmäta
planteren	planteren
ställd	ställd
egyptiers	egyptiers
viskas	viskas
beskärd	beskärd
handla	handla
grav	grav
arbete	arbete
ända	ända
förnimmen	förnimmen
inmönstrades	inmönstrades
