малом	малом
поверили	поверили
меха	меха
ослабеть	ослабеть
нерадите	нерадите
рулем	рулем
совершился	совершился
твердою	твердою
упоминайте	упоминайте
умножить	умножить
стенали	стенали
принимай	принимай
населенного	населенного
червю	червю
главные	главные
ступите	ступите
расспросите	расспросите
славить	славить
сокрытый	сокрытый
прилагайте	прилагайте
блудодействуешь	блудодействуешь
богах	богах
заплатите	заплатите
открытую	открытую
вторым	вторым
собирай	собирай
узнаете	узнаете
вскормила	вскормила
первых	первых
скрытых	скрытых
Духа	Духа
сторожа	сторожа
цвета	цвета
помышляли	помышляли
отрезать	отрезать
Приветствуйте	Приветствуйте
возненавидели	возненавидели
приветствовали	приветствовали
завещевает	завещевает
продолжай	продолжай
пророчествуйте	пророчествуйте
чьи	чьи
последовать	последовать
ведите	ведите
написали	написали
страху	страху
испекла	испекла
ком	ком
встать	встать
истукан	истукан
отыщи	отыщи
аспиды	аспиды
жемчугом	жемчугом
натянули	натянули
родившие	родившие
вдовою	вдовою
побили	побили
отрезал	отрезал
тысячу	тысячу
продолжало	продолжало
чудным	чудным
соблазнить	соблазнить
возгласи	возгласи
вложить	вложить
хотите	хотите
жало	жало
Твою	Твою
слове	слове
несмысленного	несмысленного
победить	победить
внимайте	внимайте
сатана	сатана
разбудили	разбудили
хранили	хранили
принято	принято
каждую	каждую
сосчитали	сосчитали
научили	научили
литых	литых
тесните	тесните
затрепетали	затрепетали
вмещать	вмещать
стену	стену
привезла	привезла
покрыли	покрыли
находили	находили
знакомого	знакомого
уничижила	уничижила
страшных	страшных
заразою	заразою
боком	боком
уповали	уповали
здании	здании
выросли	выросли
вопрошали	вопрошали
Святых	Святых
погубите	погубите
уподобить	уподобить
свари	свари
прямых	прямых
привезли	привезли
честные	честные
ревнуй	ревнуй
ненадежное	ненадежное
возложили	возложили
котлом	котлом
лицу	лицу
Боге	Боге
исцеляйте	исцеляйте
запрудите	запрудите
птичка	птичка
принять	принять
начинай	начинай
поднята	поднята
испытанный	испытанный
смертный	смертный
твои	твои
преступить	преступить
свитке	свитке
мучили	мучили
рубили	рубили
оставлять	оставлять
безумным	безумным
воскликнули	воскликнули
посетить	посетить
большую	большую
добычу	добычу
окружили	окружили
кормить	кормить
небе	небе
утомленный	утомленный
красоте	красоте
манною	манною
славословить	славословить
вкусите	вкусите
благ	благ
тайна	тайна
перехватили	перехватили
достали	достали
хоронили	хоронили
Стань	Стань
переспим	переспим
почерпнула	почерпнула
бесовскую	бесовскую
прославляли	прославляли
известите	известите
увеличили	увеличили
Кис	Кис
превозмогло	превозмогло
устройством	устройством
обозрели	обозрели
уразумейте	уразумейте
отврати	отврати
раскрыли	раскрыли
знаком	знаком
малое	малое
оробел	оробел
благодарите	благодарите
садить	садить
заговоришь	заговоришь
Свои	Свои
призывайте	призывайте
чужою	чужою
сказывайте	сказывайте
ненадежно	ненадежно
обвини	обвини
посадить	посадить
воздали	воздали
смирен	смирен
враждовать	враждовать
перестать	перестать
скрытые	скрытые
расспроси	расспроси
отпустила	отпустила
венцом	венцом
вывези	вывези
преступлением	преступлением
изменился	изменился
твоем	твоем
добыча	добыча
срубили	срубили
пугал	пугал
любить	любить
Новы	Новы
спустила	спустила
похоронили	похоронили
проводив	проводив
мои	мои
жемчуга	жемчуга
наступили	наступили
исполни	исполни
больного	больного
брака	брака
камнях	камнях
благовествуй	благовествуй
видали	видали
мухи	мухи
замеси	замеси
вину	вину
владычествовали	владычествовали
проклятых	проклятых
впала	впала
значить	значить
преданного	преданного
ехидна	ехидна
принадлежащие	принадлежащие
звезда	звезда
вопросите	вопросите
подвигли	подвигли
оставляли	оставляли
превозносился	превозносился
говорили	говорили
стояли	стояли
проходить	проходить
познаем	познаем
крестился	крестился
доказать	доказать
отнятое	отнятое
одни	одни
нерадит	нерадит
отвратить	отвратить
жилищах	жилищах
блудить	блудить
камнем	камнем
Мал	Мал
развалинах	развалинах
превознесли	превознесли
всякою	всякою
белого	белого
молодые	молодые
сел	сел
Возьмет	Возьмет
находила	находила
нарекла	нарекла
поразить	поразить
познай	познай
проходили	проходили
созывайте	созывайте
учили	учили
составлять	составлять
расположите	расположите
Силу	Силу
продали	продали
рассмотрите	рассмотрите
повисла	повисла
сотвори	сотвори
святого	святого
умоляй	умоляй
остановили	остановили
пролить	пролить
повороти	повороти
омывать	омывать
сироты	сироты
рыдать	рыдать
громом	громом
последуйте	последуйте
смешанных	смешанных
снимите	снимите
любите	любите
простите	простите
спрашивать	спрашивать
пленных	пленных
насадила	насадила
овладел	овладел
благословите	благословите
неверен	неверен
рабу	рабу
нему	нему
остановился	остановился
устраните	устраните
простирай	простирай
язвах	язвах
заключили	заключили
отличен	отличен
весами	весами
замечайте	замечайте
наливай	наливай
возвестила	возвестила
встречу	встречу
Сию	Сию
умножился	умножился
челе	челе
стеснен	стеснен
уходит	уходит
колене	колене
отделите	отделите
поручали	поручали
хвалите	хвалите
лесах	лесах
замолчали	замолчали
фараон	фараон
попросили	попросили
ввело	ввело
несмысленным	несмысленным
выступите	выступите
чью	чью
топтали	топтали
преподать	преподать
божества	божества
признаю	признаю
подул	подул
чужую	чужую
празднуйте	празднуйте
богами	богами
любимых	любимых
обратить	обратить
огорчили	огорчили
переменили	переменили
браните	браните
Тиром	Тиром
изнеженная	изнеженная
белы	белы
левши	левши
вспоминай	вспоминай
искусить	искусить
соляною	соляною
потерянною	потерянною
одетого	одетого
плече	плече
обозреть	обозреть
посылали	посылали
пощадили	пощадили
отходите	отходите
матерь	матерь
пары	пары
затыкает	затыкает
разбить	разбить
похулили	похулили
мечу	мечу
наложили	наложили
худо	худо
сторожам	сторожам
онемел	онемел
повод	повод
тысяча	тысяча
восстановили	восстановили
тьмы	тьмы
поддерживала	поддерживала
Матери	Матери
созрела	созрела
ним	ним
покоить	покоить
нечисты	нечисты
отдели	отдели
убила	убила
выдать	выдать
поникла	поникла
встретили	встретили
получали	получали
главных	главных
возвестили	возвестили
темным	темным
возлегли	возлегли
вспоминали	вспоминали
видим	видим
стоите	стоите
внимать	внимать
выпало	выпало
землетрясении	землетрясении
приехали	приехали
восстановить	восстановить
разбирайте	разбирайте
сходить	сходить
принадлежащую	принадлежащую
каждом	каждом
предавайте	предавайте
отошли	отошли
ввела	ввела
удерживайте	удерживайте
делали	делали
возвращали	возвращали
потаенном	потаенном
посвятила	посвятила
воронов	воронов
потерпела	потерпела
положить	положить
понесли	понесли
испортили	испортили
Реву	Реву
напоены	напоены
вознегодовали	вознегодовали
выговорить	выговорить
медлите	медлите
выносит	выносит
подняла	подняла
исполнился	исполнился
тысячам	тысячам
как	как
обмануть	обмануть
принят	принят
самого	самого
сбили	сбили
взглянуть	взглянуть
другую	другую
теснили	теснили
выносите	выносите
Благ	Благ
помнить	помнить
сатаны	сатаны
повторился	повторился
вооружите	вооружите
падали	падали
чадо	чадо
осудить	осудить
сбить	сбить
отцов	отцов
вредили	вредили
отсеки	отсеки
морскую	морскую
уговаривать	уговаривать
литые	литые
наступить	наступить
возвратите	возвратите
молодую	молодую
доводите	доводите
немой	немой
сложить	сложить
бесноватых	бесноватых
пухла	пухла
выходим	выходим
уповайте	уповайте
сверкали	сверкали
посмотрите	посмотрите
иной	иной
искало	искало
Мною	Мною
хромым	хромым
уничижали	уничижали
входить	входить
убийце	убийце
досадовать	досадовать
истреби	истреби
птенцов	птенцов
сухая	сухая
покрывали	покрывали
мести	мести
богу	богу
лицо	лицо
принята	принята
истребила	истребила
худа	худа
пророчествуй	пророчествуй
доводить	доводить
поядать	поядать
налагала	налагала
бабкам	бабкам
выбросите	выбросите
ударила	ударила
разделить	разделить
благословили	благословили
образу	образу
уцелел	уцелел
уговори	уговори
пылу	пылу
умышляли	умышляли
оказывайте	оказывайте
топтать	топтать
ставили	ставили
добро	добро
покрою	покрою
отяжелели	отяжелели
жили	жили
называли	называли
забытая	забытая
поверить	поверить
отвалят	отвалят
накормили	накормили
завладеть	завладеть
поручился	поручился
чтобы	чтобы
возделывали	возделывали
выслушайте	выслушайте
четвертой	четвертой
родят	родят
красоты	красоты
утаить	утаить
влекла	влекла
тьму	тьму
малым	малым
осадили	осадили
благословляй	благословляй
изгнали	изгнали
нечестием	нечестием
нечистым	нечистым
смотри	смотри
платить	платить
Будете	Будете
обрезывали	обрезывали
которую	которую
красные	красные
овну	овну
молодых	молодых
пишем	пишем
сделайте	сделайте
выгнали	выгнали
убитою	убитою
цвете	цвете
окончили	окончили
пило	пило
вспомнила	вспомнила
пронзили	пронзили
наставить	наставить
судили	судили
пропали	пропали
имейте	имейте
любила	любила
образом	образом
подарила	подарила
сними	сними
иных	иных
переходите	переходите
благодарили	благодарили
бесчестите	бесчестите
тверд	тверд
благоговеть	благоговеть
запри	запри
схватить	схватить
защищать	защищать
поправить	поправить
пристали	пристали
замолчу	замолчу
вывело	вывело
одетые	одетые
Мои	Мои
даруешь	даруешь
голове	голове
беременною	беременною
убийством	убийством
Твоем	Твоем
навести	навести
Сам	Сам
отлучился	отлучился
враждовали	враждовали
Свою	Свою
сравнить	сравнить
опьянел	опьянел
скалами	скалами
Моисееву	Моисееву
познаешь	познаешь
украсила	украсила
зданием	зданием
целую	целую
потаенного	потаенного
возвестится	возвестится
молотить	молотить
могли	могли
окончи	окончи
извратить	извратить
вымыли	вымыли
ином	ином
Твои	Твои
выпросили	выпросили
нареки	нареки
скале	скале
постигла	постигла
никакого	никакого
обе	обе
раскрыла	раскрыла
составили	составили
поясом	поясом
празднуй	празднуй
соделали	соделали
благочестием	благочестием
поднято	поднято
храни	храни
нем	нем
пребывайте	пребывайте
сверкающий	сверкающий
головах	головах
упоены	упоены
Духом	Духом
прожил	прожил
оцепенением	оцепенением
Котором	Котором
вымерли	вымерли
живым	живым
зеленых	зеленых
поднятою	поднятою
изменили	изменили
обветшала	обветшала
бел	бел
находят	находят
чтили	чтили
торга	торга
владычествовать	владычествовать
издерживать	издерживать
права	права
уверен	уверен
нарушить	нарушить
мстили	мстили
спрашивай	спрашивай
засевайте	засевайте
Твоя	Твоя
иссохло	иссохло
красного	красного
хвали	хвали
открытым	открытым
твердое	твердое
называть	называть
ослепила	ослепила
разбогатеть	разбогатеть
передвигай	передвигай
роптали	роптали
сладкое	сладкое
принуждали	принуждали
жертвами	жертвами
образа	образа
причинить	причинить
будь	будь
возносили	возносили
передвигает	передвигает
Божием	Божием
Нового	Нового
люди	люди
вносите	вносите
постиг	постиг
мал	мал
помнила	помнила
гусеницы	гусеницы
ставила	ставила
исцели	исцели
ждали	ждали
одолела	одолела
обесчестить	обесчестить
мысли	мысли
поступив	поступив
отнесла	отнесла
подкрепить	подкрепить
набрали	набрали
возвратился	возвратился
душа	душа
соединился	соединился
отходить	отходить
прям	прям
воспой	воспой
заколения	заколения
совратили	совратили
иссох	иссох
животное	животное
скоте	скоте
нечист	нечист
уразумели	уразумели
голосом	голосом
жди	жди
подтвердили	подтвердили
избавился	избавился
живых	живых
никакая	никакая
подложи	подложи
самой	самой
проходит	проходит
налагайте	налагайте
ростом	ростом
небольшую	небольшую
хочет	хочет
отыщите	отыщите
открой	открой
помните	помните
пробыть	пробыть
соделаю	соделаю
удали	удали
звездам	звездам
посвятите	посвятите
Дина	Дина
крестишь	крестишь
отсек	отсек
черту	черту
посвящай	посвящай
осветила	осветила
строился	строился
принимать	принимать
начерпала	начерпала
велишь	велишь
хромого	хромого
рабы	рабы
онемело	онемело
змеи	змеи
уступили	уступили
отнеси	отнеси
родили	родили
соедини	соедини
легкое	легкое
богов	богов
отяготить	отяготить
стоят	стоят
бывшую	бывшую
повторили	повторили
чудные	чудные
пыли	пыли
Которым	Которым
Господнем	Господнем
посрамить	посрамить
камню	камню
поставили	поставили
развалиною	развалиною
связанные	связанные
испытывали	испытывали
реши	реши
искушайте	искушайте
лицах	лицах
искупить	искупить
помышлять	помышлять
умножали	умножали
полагали	полагали
святых	святых
уразумел	уразумел
лишен	лишен
допустили	допустили
госпоже	госпоже
убийцы	убийцы
возлегло	возлегло
известить	известить
почитаете	почитаете
похорони	похорони
Израильскою	Израильскою
дорогой	дорогой
Иудину	Иудину
сложили	сложили
наш	наш
перебили	перебили
разорить	разорить
старое	старое
вопить	вопить
подняли	подняли
поя	поя
раскрытая	раскрытая
слушать	слушать
избранная	избранная
творили	творили
нарушили	нарушили
дереве	дереве
крыле	крыле
смешанный	смешанный
даем	даем
чужое	чужое
препроводить	препроводить
Души	Души
тысяче	тысяче
превозносить	превозносить
скрытая	скрытая
приготовился	приготовился
напоить	напоить
ослепить	ослепить
рога	рога
укрепили	укрепили
почитали	почитали
отцах	отцах
неверным	неверным
умерли	умерли
разделился	разделился
твой	твой
соблюди	соблюди
привалив	привалив
изгонять	изгонять
безумные	безумные
яму	яму
Жертвы	Жертвы
встретила	встретила
молоке	молоке
сразился	сразился
выкупи	выкупи
Соляной	Соляной
смутился	смутился
утопать	утопать
дух	дух
поцелую	поцелую
могут	могут
сироте	сироте
предложили	предложили
окружить	окружить
нечистоте	нечистоте
царях	царях
труби	труби
спаси	спаси
открытой	открытой
приняты	приняты
допустила	допустила
находит	находит
заключите	заключите
завладели	завладели
выкопай	выкопай
сему	сему
оскорблять	оскорблять
сотворите	сотворите
помета	помета
приносите	приносите
камни	камни
нехорошо	нехорошо
красных	красных
этой	этой
замесила	замесила
спрятала	спрятала
осмоли	осмоли
доставляла	доставляла
окружали	окружали
вострепетали	вострепетали
пару	пару
растаяли	растаяли
скрывать	скрывать
предсказывали	предсказывали
живой	живой
избирали	избирали
варите	варите
прочитайте	прочитайте
разбили	разбили
жертвы	жертвы
всякое	всякое
беременным	беременным
отринь	отринь
прославили	прославили
подбирай	подбирай
богом	богом
проклинайте	проклинайте
полу	полу
обновить	обновить
возвестить	возвестить
пьющий	пьющий
раздели	раздели
больные	больные
смирился	смирился
нашли	нашли
Божию	Божию
сладкого	сладкого
нечестии	нечестии
бесноватого	бесноватого
Матерь	Матерь
растворить	растворить
смешанные	смешанные
спорить	спорить
велят	велят
погрешили	погрешили
влекло	влекло
налетело	налетело
изменишь	изменишь
узнают	узнают
связанных	связанных
проезжал	проезжал
иная	иная
сводом	сводом
согрешили	согрешили
вылитая	вылитая
отлучить	отлучить
смущен	смущен
надеть	надеть
оскорбляли	оскорбляли
подносят	подносят
сама	сама
разбит	разбит
сем	сем
блудила	блудила
принесла	принесла
сделали	сделали
противоречить	противоречить
сынах	сынах
обитаем	обитаем
ночного	ночного
написал	написал
мечом	мечом
воплю	воплю
точил	точил
вороти	вороти
переходят	переходят
избавили	избавили
изменила	изменила
почтили	почтили
разорите	разорите
оставила	оставила
Силом	Силом
верили	верили
рассуди	рассуди
обирать	обирать
обнажи	обнажи
обратила	обратила
затрубите	затрубите
дрогнуло	дрогнуло
снискать	снискать
поставить	поставить
проводит	проводит
сокрытую	сокрытую
беременную	беременную
умер	умер
пожалел	пожалел
берега	берега
дрогнули	дрогнули
приходить	приходить
отступив	отступив
сокрой	сокрой
свободного	свободного
духом	духом
отвела	отвела
потекли	потекли
была	была
прекрати	прекрати
рассказывали	рассказывали
тельца	тельца
долгом	долгом
трогать	трогать
накорми	накорми
набрать	набрать
верхом	верхом
получила	получила
фараоне	фараоне
скрывайте	скрывайте
слушали	слушали
исполнить	исполнить
жил	жил
торжествуйте	торжествуйте
поту	поту
откажу	откажу
сказала	сказала
огорчить	огорчить
останови	останови
открывайте	открывайте
строили	строили
любимы	любимы
упоена	упоена
Приветствуй	Приветствуй
Дину	Дину
погрязли	погрязли
возвысился	возвысился
доходит	доходит
Моисеевой	Моисеевой
хромые	хромые
вводите	вводите
полюби	полюби
головы	головы
духовным	духовным
нечиста	нечиста
приобрела	приобрела
царю	царю
прикрепи	прикрепи
пленным	пленным
покрывать	покрывать
увеличился	увеличился
произнеси	произнеси
толкали	толкали
оставили	оставили
возьму	возьму
сохраните	сохраните
красный	красный
сердечным	сердечным
попускаете	попускаете
благом	благом
составился	составился
пророчестве	пророчестве
правых	правых
обольстили	обольстили
брани	брани
считают	считают
родным	родным
лесом	лесом
старейшины	старейшины
пробыл	пробыл
купить	купить
рождайте	рождайте
хвалился	хвалился
обирал	обирал
червь	червь
свободным	свободным
одетым	одетым
покров	покров
кричали	кричали
уразуметь	уразуметь
переходить	переходить
горды	горды
Велика	Велика
лишить	лишить
скорую	скорую
звала	звала
хотели	хотели
умертвите	умертвите
увела	увела
просите	просите
кормила	кормила
погасить	погасить
уходят	уходят
змей	змей
выпал	выпал
белым	белым
прилагать	прилагать
берег	берег
заняты	заняты
условии	условии
разодрали	разодрали
уснул	уснул
проходила	проходила
уха	уха
убили	убили
похороните	похороните
напоили	напоили
нага	нага
бедный	бедный
странствуйте	странствуйте
Начало	Начало
признайте	признайте
кропить	кропить
объясни	объясни
благодарив	благодарив
стерегла	стерегла
поднимали	поднимали
любимый	любимый
ходили	ходили
первое	первое
возьми	возьми
жилы	жилы
отважился	отважился
прогоните	прогоните
Дине	Дине
венце	венце
целых	целых
гола	гола
вечера	вечера
надевать	надевать
тысяченачальнику	тысяченачальнику
Теми	Теми
лишили	лишили
они	они
умерщвляйте	умерщвляйте
принятые	принятые
мешке	мешке
противостать	противостать
пил	пил
напоминать	напоминать
расположен	расположен
кровопролитием	кровопролитием
сокрушен	сокрушен
познаю	познаю
обманывайте	обманывайте
начале	начале
твердые	твердые
мертвый	мертвый
высохли	высохли
оживляй	оживляй
наполняйте	наполняйте
набрала	набрала
вооружился	вооружился
слепые	слепые
держали	держали
страсти	страсти
показывай	показывай
восстало	восстало
спросили	спросили
расслабленным	расслабленным
заклятое	заклятое
злою	злою
покрывал	покрывал
отсчитайте	отсчитайте
воспойте	воспойте
исследовал	исследовал
наклонили	наклонили
Одни	Одни
глаза	глаза
скрепите	скрепите
возлюбленные	возлюбленные
сходи	сходи
наливала	наливала
приготовить	приготовить
сосчитать	сосчитать
устроен	устроен
неверных	неверных
коленом	коленом
унизился	унизился
худом	худом
сделанной	сделанной
уставом	уставом
землетрясением	землетрясением
затворив	затворив
заколают	заколают
приветствуй	приветствуй
приходили	приходили
согрешить	согрешить
само	само
поддерживали	поддерживали
свекрови	свекрови
встал	встал
мертвых	мертвых
имущество	имущество
изгоняли	изгоняли
Воздайте	Воздайте
точило	точило
покой	покой
спешила	спешила
гумне	гумне
целые	целые
похитила	похитила
Тысячу	Тысячу
Белы	Белы
откормленных	откормленных
отняты	отняты
начать	начать
воздала	воздала
собранным	собранным
продолжали	продолжали
уподобился	уподобился
человеческой	человеческой
встали	встали
берете	берете
заплати	заплати
отстали	отстали
напоен	напоен
вторых	вторых
уступи	уступи
пухли	пухли
положили	положили
низринь	низринь
жары	жары
твоя	твоя
поступите	поступите
потом	потом
смутить	смутить
встречали	встречали
обходите	обходите
звезды	звезды
левою	левою
избранного	избранного
внуши	внуши
льстить	льстить
подходили	подходили
исследовать	исследовать
услышали	услышали
прекратился	прекратился
сказали	сказали
растить	растить
освяти	освяти
полы	полы
сохраняйте	сохраняйте
свободный	свободный
избирать	избирать
миру	миру
налагать	налагать
взыскали	взыскали
пропасти	пропасти
будем	будем
сходишь	сходишь
стража	стража
навык	навык
выдайте	выдайте
Будут	Будут
вступить	вступить
искупи	искупи
научен	научен
ослабела	ослабела
узнаю	узнаю
снисходить	снисходить
дал	дал
скалу	скалу
правым	правым
молодой	молодой
вредить	вредить
телом	телом
льстили	льстили
поглотила	поглотила
направили	направили
страхе	страхе
прозрели	прозрели
ослабели	ослабели
проводили	проводили
построить	построить
жилищами	жилищами
восстановим	восстановим
сходила	сходила
извести	извести
сопровождать	сопровождать
вымойте	вымойте
явили	явили
держу	держу
детях	детях
родословные	родословные
носить	носить
воссиять	воссиять
замер	замер
наполнила	наполнила
строит	строит
дай	дай
кончился	кончился
проклинай	проклинай
заменили	заменили
сохрани	сохрани
разбила	разбила
язву	язву
Христу	Христу
простирала	простирала
травы	травы
имевшая	имевшая
жилищ	жилищ
печи	печи
поддерживайте	поддерживайте
достать	достать
Возлюбленном	Возлюбленном
отнимали	отнимали
совершите	совершите
немого	немого
областеначальником	областеначальником
имело	имело
градом	градом
лице	лице
пристал	пристал
поникло	поникло
влез	влез
собирала	собирала
расположили	расположили
голодные	голодные
злак	злак
трогай	трогай
выстроился	выстроился
давали	давали
разбросали	разбросали
мной	мной
мутить	мутить
разбросайте	разбросайте
приветствовала	приветствовала
отправлять	отправлять
Дух	Дух
открытое	открытое
домой	домой
водить	водить
призраку	призраку
правосудии	правосудии
померкли	померкли
призванный	призванный
вступился	вступился
распознаем	распознаем
чести	чести
избранных	избранных
объявить	объявить
отделили	отделили
слушала	слушала
одушевленное	одушевленное
бы	бы
прославляй	прославляй
святой	святой
граде	граде
построили	построили
добыч	добыч
перейдем	перейдем
предшествовать	предшествовать
жаб	жаб
рассеянных	рассеянных
петля	петля
сознаю	сознаю
твердо	твердо
этого	этого
бросали	бросали
засохли	засохли
блаженным	блаженным
другая	другая
жабами	жабами
вытащить	вытащить
воскликнул	воскликнул
делили	делили
цели	цели
может	может
побить	побить
пиши	пиши
засыпать	засыпать
управляли	управляли
чтить	чтить
втором	втором
серебре	серебре
посмотри	посмотри
вызывать	вызывать
уговорить	уговорить
темных	темных
рассеянный	рассеянный
издерживали	издерживали
провозгласите	провозгласите
красоту	красоту
другие	другие
приветствовал	приветствовал
простирает	простирает
согласные	согласные
образовала	образовала
протоками	протоками
имеешь	имеешь
пол	пол
мухе	мухе
отправляли	отправляли
исполним	исполним
Тире	Тире
променять	променять
золотого	золотого
отступили	отступили
Бела	Бела
Моем	Моем
выливайте	выливайте
тени	тени
изреки	изреки
простирали	простирали
мыслить	мыслить
сердечной	сердечной
гусенице	гусенице
кидаре	кидаре
утаили	утаили
поношением	поношением
разным	разным
подняло	подняло
налетели	налетели
пар	пар
доставили	доставили
всходите	всходите
наступив	наступив
тысячи	тысячи
сходят	сходят
протянут	протянут
жали	жали
самые	самые
проходи	проходи
заходить	заходить
жилищам	жилищам
выпросился	выпросился
разложили	разложили
презирайте	презирайте
Слушай	Слушай
правый	правый
воспитывайте	воспитывайте
возлюбленную	возлюбленную
изнеженных	изнеженных
родить	родить
Лазаря	Лазаря
произошло	произошло
избить	избить
истукану	истукану
осени	осени
вороны	вороны
следовали	следовали
выи	выи
ослабело	ослабело
зимой	зимой
проси	проси
Лазарь	Лазарь
научи	научи
скал	скал
чудовища	чудовища
озере	озере
помет	помет
откормленные	откормленные
новой	новой
трубили	трубили
рождала	рождала
отнимите	отнимите
обложили	обложили
имеете	имеете
открытого	открытого
доставить	доставить
вкусить	вкусить
избило	избило
рабах	рабах
позвали	позвали
умирали	умирали
Как	Как
плечом	плечом
святым	святым
располагал	располагал
проводите	проводите
спешите	спешите
отвозят	отвозят
оставить	оставить
выполним	выполним
предавай	предавай
жребии	жребии
низком	низком
нехороши	нехороши
поднят	поднят
излился	излился
Раба	Раба
поступи	поступи
случая	случая
согласился	согласился
домом	домом
признали	признали
неверующие	неверующие
мог	мог
умалился	умалился
возвращен	возвращен
увеличить	увеличить
река	река
привела	привела
немало	немало
воевать	воевать
дерзновении	дерзновении
собирайте	собирайте
оскудели	оскудели
черных	черных
томить	томить
выслали	выслали
какая	какая
член	член
вело	вело
сотворила	сотворила
поем	поем
войском	войском
удалили	удалили
вдовы	вдовы
поселился	поселился
какую	какую
аспида	аспида
мертво	мертво
исцелить	исцелить
сделанным	сделанным
отворить	отворить
иного	иного
восклицать	восклицать
утомили	утомили
учить	учить
ходите	ходите
стану	стану
сладкою	сладкою
забытых	забытых
негодованием	негодованием
немые	немые
подумали	подумали
начало	начало
Соляную	Соляную
вес	вес
совершили	совершили
мстить	мстить
языческую	языческую
снабдили	снабдили
каждых	каждых
впал	впал
чужие	чужие
бейте	бейте
воспоминайте	воспоминайте
рак	рак
обирай	обирай
заклятого	заклятого
могла	могла
опротивело	опротивело
населенный	населенный
простираешь	простираешь
Нему	Нему
представляй	представляй
заплатить	заплатить
срубить	срубить
нагою	нагою
срывали	срывали
подумайте	подумайте
написанные	написанные
хотим	хотим
пищи	пищи
мала	мала
страшить	страшить
славила	славила
столпе	столпе
Можешь	Можешь
богатого	богатого
нечистых	нечистых
считал	считал
отвратили	отвратили
возвестите	возвестите
узнайте	узнайте
духа	духа
выдавали	выдавали
совершила	совершила
станом	станом
желающий	желающий
попускал	попускал
своротить	своротить
сложи	сложи
обрезывай	обрезывай
пчелы	пчелы
голубой	голубой
сопровождали	сопровождали
скоту	скоту
устрашить	устрашить
скалах	скалах
Воздай	Воздай
соорудили	соорудили
испытывайте	испытывайте
оробели	оробели
молился	молился
траву	траву
путевые	путевые
Он	Он
охраняйте	охраняйте
Она	Она
Аду	Аду
звезду	звезду
возлюбите	возлюбите
совратить	совратить
восполнили	восполнили
вложи	вложи
рассказывай	рассказывай
располагает	располагает
ищем	ищем
произнесли	произнесли
привалите	привалите
целовать	целовать
посетили	посетили
левша	левша
пусти	пусти
приводить	приводить
строила	строила
отведите	отведите
саранче	саранче
был	был
громов	громов
спрятать	спрятать
порядка	порядка
слышим	слышим
очисти	очисти
счете	счете
наполнить	наполнить
почитаю	почитаю
превозмогла	превозмогла
прогони	прогони
открытых	открытых
дорогою	дорогою
Киса	Киса
безумных	безумных
скакали	скакали
обвязывай	обвязывай
напоила	напоила
заходи	заходи
созвали	созвали
которой	которой
отошлите	отошлите
умалить	умалить
зеленого	зеленого
мужчины	мужчины
страж	страж
гумном	гумном
считает	считает
оплакивали	оплакивали
разделили	разделили
змею	змею
Возьму	Возьму
разори	разори
просить	просить
наклони	наклони
животные	животные
преподали	преподали
усилить	усилить
любимую	любимую
чужая	чужая
входите	входите
обложила	обложила
заходит	заходит
сокрушить	сокрушить
натянуть	натянуть
сходили	сходили
утихло	утихло
отправили	отправили
покрыла	покрыла
реке	реке
Тысяча	Тысяча
призывали	призывали
печь	печь
вступите	вступите
проводить	проводить
потускло	потускло
просила	просила
приклони	приклони
бедным	бедным
отдайте	отдайте
делить	делить
сирота	сирота
половины	половины
началом	началом
изрекали	изрекали
досадовали	досадовали
эту	эту
лгите	лгите
лежали	лежали
стояла	стояла
стоит	стоит
подвиг	подвиг
Израилевой	Израилевой
богатым	богатым
раздражить	раздражить
принудить	принудить
войска	войска
проклятые	проклятые
поехали	поехали
двое	двое
козлах	козлах
затворит	затворит
закрою	закрою
утвердился	утвердился
вспомнили	вспомнили
подложили	подложили
подкрепи	подкрепи
произноси	произноси
вывез	вывез
благоговели	благоговели
юноше	юноше
заграждали	заграждали
простить	простить
сокройте	сокройте
каждый	каждый
цветами	цветами
тверда	тверда
искусили	искусили
пригласите	пригласите
победили	победили
числе	числе
пьяного	пьяного
помилуй	помилуй
сладкие	сладкие
противостал	противостал
откормленный	откормленный
подкрепили	подкрепили
приступили	приступили
голубого	голубого
отпускайте	отпускайте
верха	верха
сироту	сироту
самом	самом
наполнился	наполнился
чья	чья
вытрут	вытрут
прочитать	прочитать
смертные	смертные
низложить	низложить
паре	паре
превратить	превратить
человеческую	человеческую
Душа	Душа
возбудить	возбудить
языков	языков
слушай	слушай
простертым	простертым
подходить	подходить
язвами	язвами
шестом	шестом
рабе	рабе
согрешали	согрешали
полагать	полагать
приложился	приложился
возложить	возложить
избранные	избранные
окружила	окружила
переноси	переноси
большою	большою
какое	какое
губить	губить
избранное	избранное
соделает	соделает
утешить	утешить
объявила	объявила
хулили	хулили
позавидовал	позавидовал
упросила	упросила
рой	рой
горькой	горькой
города	города
сделала	сделала
почитает	почитает
жертвою	жертвою
наг	наг
обманула	обманула
белом	белом
поставила	поставила
дозволяйте	дозволяйте
родила	родила
признать	признать
Ком	Ком
пожирать	пожирать
приступить	приступить
изумили	изумили
удалился	удалился
месте	месте
новым	новым
отводит	отводит
животного	животного
стоишь	стоишь
сравните	сравните
другого	другого
внушить	внушить
поместить	поместить
раздирающий	раздирающий
осадить	осадить
страха	страха
постигло	постигло
роду	роду
правого	правого
своди	своди
привился	привился
взяла	взяла
одержимых	одержимых
больным	больным
платили	платили
каком	каком
оценили	оценили
Тем	Тем
стереги	стереги
води	води
превозносили	превозносили
поспешили	поспешили
твердой	твердой
отложите	отложите
погряз	погряз
молодом	молодом
Благословите	Благословите
ненавидела	ненавидела
вытащили	вытащили
искушать	искушать
Возлюбленный	Возлюбленный
выстрели	выстрели
возлюбленных	возлюбленных
человеческою	человеческою
саранчи	саранчи
влезли	влезли
взывали	взывали
умножили	умножили
иссохли	иссохли
наследуйте	наследуйте
пейте	пейте
восходить	восходить
предупреди	предупреди
сострадать	сострадать
исправляли	исправляли
дополните	дополните
лица	лица
духи	духи
беззаконием	беззаконием
растаяло	растаяло
устремили	устремили
Царю	Царю
каждого	каждого
питали	питали
воздать	воздать
дворе	дворе
язвы	язвы
засевай	засевай
держите	держите
проходят	проходят
простертого	простертого
вечере	вечере
выполнить	выполнить
нашу	нашу
возбудили	возбудили
дала	дала
мозгом	мозгом
оставляй	оставляй
узнали	узнали
весе	весе
пойте	пойте
преследуй	преследуй
строим	строим
жив	жив
возьмет	возьмет
подносить	подносить
прислуги	прислуги
изливали	изливали
померк	померк
одержимый	одержимый
получили	получили
побила	побила
избрали	избрали
возбудите	возбудите
облаком	облаком
назидая	назидая
пели	пели
лицом	лицом
страдающий	страдающий
истребили	истребили
сходим	сходим
Марком	Марком
живом	живом
умоляли	умоляли
кидару	кидару
женщиною	женщиною
считаете	считаете
главного	главного
приклонился	приклонился
образовали	образовали
горькою	горькою
молчите	молчите
выбрасывать	выбрасывать
добыче	добыче
прямою	прямою
имуществом	имуществом
талант	талант
исследуй	исследуй
она	она
возгласите	возгласите
привалили	привалили
родишь	родишь
новом	новом
сокрытой	сокрытой
жертвах	жертвах
перестали	перестали
охраняй	охраняй
разить	разить
рождали	рождали
поразите	поразите
разбогатели	разбогатели
образую	образую
постигли	постигли
почиет	почиет
начал	начал
восстал	восстал
оставляйте	оставляйте
отнято	отнято
трубите	трубите
братьям	братьям
наполни	наполни
варили	варили
самое	самое
раскрытую	раскрытую
гордо	гордо
бесчестили	бесчестили
какою	какою
умилостивить	умилостивить
благе	благе
венца	венца
половинах	половинах
глухие	глухие
украсить	украсить
разрешите	разрешите
удерживали	удерживали
столом	столом
отведи	отведи
ртом	ртом
восполнить	восполнить
смешанною	смешанною
ради	ради
отделить	отделить
головою	головою
пожалуй	пожалуй
хром	хром
языке	языке
убийц	убийц
испытанного	испытанного
развратился	развратился
остановила	остановила
объявили	объявили
садился	садился
притворился	притворился
сухою	сухою
покрывало	покрывало
крестить	крестить
обложи	обложи
множестве	множестве
трава	трава
омыли	омыли
намерен	намерен
Самого	Самого
словом	словом
ступили	ступили
поспешите	поспешите
променяй	променяй
скованного	скованного
образует	образует
сохранить	сохранить
оплакивала	оплакивала
раздирайте	раздирайте
поспешив	поспешив
обходили	обходили
голою	голою
пьяным	пьяным
Сии	Сии
небольшой	небольшой
отходит	отходит
отмени	отмени
потаенных	потаенных
возмутили	возмутили
выведи	выведи
признаешь	признаешь
купите	купите
ночные	ночные
множеством	множеством
вынесли	вынесли
расслабленных	расслабленных
известила	известила
заключить	заключить
объяснили	объяснили
осмолила	осмолила
беременные	беременные
каплет	каплет
налагали	налагали
исчислите	исчислите
местом	местом
объясним	объясним
быть	быть
утвердите	утвердите
слезу	слезу
сию	сию
дома	дома
преуспевать	преуспевать
звали	звали
сухой	сухой
царскою	царскою
обнажен	обнажен
саранчою	саранчою
умилостивился	умилостивился
поручен	поручен
управляющий	управляющий
аспидом	аспидом
вели	вели
тысячах	тысячах
повторите	повторите
старейшинах	старейшинах
отнят	отнят
расположился	расположился
страшного	страшного
поговорив	поговорив
удалить	удалить
временное	временное
продать	продать
черви	черви
потерянной	потерянной
обличились	обличились
прославить	прославить
бога	бога
веке	веке
пленила	пленила
соверши	соверши
рубите	рубите
каждой	каждой
вводить	вводить
гвоздем	гвоздем
горькую	горькую
восстанови	восстанови
голодный	голодный
протоки	протоки
соблюдите	соблюдите
разбудила	разбудила
рыдали	рыдали
дало	дало
одела	одела
семейством	семейством
числом	числом
злаков	злаков
возлюбленною	возлюбленною
желчь	желчь
умертви	умертви
похоронен	похоронен
девяносто	девяносто
сразила	сразила
нам	нам
дали	дали
уповать	уповать
предупредили	предупредили
богатый	богатый
успокоили	успокоили
схватила	схватила
проток	проток
отрезали	отрезали
грешите	грешите
золотой	золотой
страшным	страшным
усилили	усилили
старые	старые
написанных	написанных
божеству	божеству
Вил	Вил
всяком	всяком
приклоните	приклоните
затворили	затворили
выбрасывайте	выбрасывайте
разреши	разреши
явить	явить
возлюбили	возлюбили
провозгласи	провозгласи
страдали	страдали
преследуйте	преследуйте
старого	старого
тысяченачальник	тысяченачальник
рассеянным	рассеянным
Святым	Святым
оных	оных
поглотили	поглотили
беременной	беременной
постановить	постановить
убитых	убитых
поворотить	поворотить
доходила	доходила
обманывай	обманывай
страсть	страсть
Силе	Силе
Израильской	Израильской
предали	предали
покрыло	покрыло
научить	научить
меньшая	меньшая
узнаем	узнаем
покрой	покрой
золотою	золотою
минует	минует
горькие	горькие
черта	черта
признает	признает
открыла	открыла
приступив	приступив
беременных	беременных
временные	временные
мало	мало
научился	научился
развели	развели
избивали	избивали
страшные	страшные
победит	победит
воспоминать	воспоминать
пострадал	пострадал
слепым	слепым
поручили	поручили
мыслите	мыслите
подпали	подпали
мертвым	мертвым
собрали	собрали
опусти	опусти
одушевленных	одушевленных
светить	светить
блудили	блудили
упился	упился
изливайте	изливайте
среду	среду
желай	желай
достаем	достаем
подражали	подражали
сокрыт	сокрыт
вноси	вноси
оказать	оказать
произошли	произошли
зло	зло
варить	варить
поправили	поправили
пребывать	пребывать
благовестить	благовестить
Христов	Христов
щадите	щадите
оскверните	оскверните
девяноста	девяноста
производили	производили
нанять	нанять
подтверди	подтверди
наклонился	наклонился
манны	манны
открытый	открытый
трубить	трубить
находился	находился
пересчитайте	пересчитайте
сберегите	сберегите
оба	оба
мечи	мечи
соорудить	соорудить
порти	порти
возносите	возносите
отлучите	отлучите
воспитанные	воспитанные
пред	пред
унывайте	унывайте
пила	пила
каждое	каждое
лишился	лишился
отягощали	отягощали
уменьшить	уменьшить
спросила	спросила
строить	строить
выходили	выходили
устроить	устроить
служанке	служанке
осудили	осудили
зарыдали	зарыдали
возмутился	возмутился
читать	читать
возопил	возопил
восклицали	восклицали
слушайте	слушайте
главу	главу
начала	начала
образе	образе
погубить	погубить
рассеянного	рассеянного
служила	служила
бесноватым	бесноватым
чад	чад
исполнили	исполнили
взяло	взяло
осквернила	осквернила
имели	имели
выводить	выводить
Галилейской	Галилейской
если	если
прибавлять	прибавлять
требовать	требовать
удила	удила
вороные	вороные
округа	округа
теле	теле
главным	главным
портить	портить
приложить	приложить
посылала	посылала
возьмешь	возьмешь
откажи	откажи
выдавать	выдавать
произносила	произносила
выбежал	выбежал
занятые	занятые
глухой	глухой
желала	желала
приносить	приносить
называйте	называйте
скверны	скверны
кидары	кидары
оказывали	оказывали
свои	свои
освободи	освободи
возвеличился	возвеличился
составить	составить
всякая	всякая
завещал	завещал
спросить	спросить
никакою	никакою
выдай	выдай
Иудин	Иудин
выходишь	выходишь
подражайте	подражайте
тьме	тьме
разгласите	разгласите
увели	увели
преступлении	преступлении
убеди	убеди
заразы	заразы
сосчитайте	сосчитайте
предавала	предавала
порядку	порядку
бичом	бичом
вопроси	вопроси
отпустить	отпустить
явился	явился
дерзновением	дерзновением
приклонить	приклонить
назидается	назидается
возложи	возложи
подкрепите	подкрепите
жило	жило
брак	брак
благословлять	благословлять
пригласили	пригласили
закрой	закрой
пали	пали
одет	одет
Ханаанскую	Ханаанскую
защити	защити
пьяных	пьяных
наскучил	наскучил
обгорели	обгорели
Ханаанскою	Ханаанскою
возвысили	возвысили
созвать	созвать
негодовании	негодовании
козлов	козлов
возлюби	возлюби
сокрытые	сокрытые
Свой	Свой
Даном	Даном
соделается	соделается
вешать	вешать
одолели	одолели
протоках	протоках
одолеть	одолеть
подражать	подражать
Богу	Богу
сейте	сейте
завещаю	завещаю
выступили	выступили
обличить	обличить
окропи	окропи
тельцов	тельцов
ищи	ищи
смертного	смертного
простертой	простертой
требуй	требуй
наследует	наследует
молотили	молотили
читай	читай
погребен	погребен
разных	разных
отвели	отвели
вложили	вложили
Цари	Цари
больных	больных
вступили	вступили
построила	построила
гусеница	гусеница
затворить	затворить
видите	видите
пили	пили
язвою	язвою
сказывали	сказывали
выстроили	выстроили
Оно	Оно
расположи	расположи
выходите	выходите
требуйте	требуйте
открывали	открывали
целое	целое
рассудите	рассудите
знакомых	знакомых
оставится	оставится
избранным	избранным
одетый	одетый
звезде	звезде
вопросили	вопросили
можешь	можешь
сим	сим
пугать	пугать
целовали	целовали
наступите	наступите
изгоняйте	изгоняйте
теста	теста
восстать	восстать
жертвам	жертвам
петли	петли
отходят	отходят
облегчи	облегчи
духами	духами
постыдить	постыдить
половина	половина
сотворили	сотворили
доносят	доносят
повредили	повредили
тысяченачальниками	тысяченачальниками
разводите	разводите
отними	отними
оцепенении	оцепенении
страшился	страшился
перехватите	перехватите
точила	точила
ударить	ударить
читали	читали
давить	давить
прибыла	прибыла
позвала	позвала
предсказывайте	предсказывайте
постыди	постыди
исчисли	исчисли
исправили	исправили
жилой	жилой
померкло	померкло
разодрала	разодрала
пригласи	пригласи
жилищу	жилищу
удержали	удержали
чтоб	чтоб
ночных	ночных
тленного	тленного
отступите	отступите
благую	благую
простираете	простираете
отяготили	отяготили
самую	самую
моли	моли
воронам	воронам
другом	другом
обратили	обратили
второго	второго
споры	споры
ввели	ввели
самая	самая
сухую	сухую
святом	святом
избивать	избивать
челах	челах
внукам	внукам
раздражили	раздражили
покрывала	покрывала
развратили	развратили
головами	головами
избавить	избавить
убегали	убегали
тысяченачальников	тысяченачальников
аспидов	аспидов
Велик	Велик
град	град
били	били
замедлить	замедлить
прокаженных	прокаженных
жертва	жертва
дополнить	дополнить
последовало	последовало
чужом	чужом
воззовем	воззовем
времени	времени
восходите	восходите
мутите	мутите
погасили	погасили
уснули	уснули
неправы	неправы
срамить	срамить
разделила	разделила
ней	ней
избавлять	избавлять
вмещала	вмещала
охраняющий	охраняющий
святою	святою
рыдайте	рыдайте
ходи	ходи
прикрепила	прикрепила
путевой	путевой
пустою	пустою
отвален	отвален
спешит	спешит
озером	озером
бить	бить
благословляйте	благословляйте
онемеешь	онемеешь
красота	красота
молили	молили
левый	левый
сади	сади
бери	бери
проклинали	проклинали
Самый	Самый
ночевать	ночевать
плачу	плачу
проезжая	проезжая
среды	среды
Слове	Слове
откажет	откажет
приводили	приводили
половину	половину
вскричали	вскричали
нечистой	нечистой
скрывала	скрывала
душу	душу
говорите	говорите
отягощала	отягощала
заключила	заключила
переходит	переходит
возлюбленной	возлюбленной
столах	столах
которые	которые
открывать	открывать
чему	чему
выломали	выломали
покоился	покоился
тельцу	тельцу
Нем	Нем
пророчеством	пророчеством
смущали	смущали
отстать	отстать
пой	пой
родных	родных
соделала	соделала
голоса	голоса
полированной	полированной
тайны	тайны
сказало	сказало
пробыли	пробыли
щади	щади
унывать	унывать
сия	сия
возделывать	возделывать
познала	познала
болотом	болотом
выкопали	выкопали
начинайте	начинайте
богам	богам
возненавидела	возненавидела
устроила	устроила
велико	велико
умертвили	умертвили
спросите	спросите
пожирала	пожирала
почиешь	почиешь
спасу	спасу
перебило	перебило
красив	красив
долги	долги
позавидовали	позавидовали
учи	учи
дети	дети
собирали	собирали
камня	камня
одною	одною
первою	первою
Адам	Адам
лукавый	лукавый
внутрь	внутрь
предавали	предавали
чудное	чудное
мою	мою
приложите	приложите
грабили	грабили
уходите	уходите
укрепить	укрепить
семействе	семействе
славили	славили
слышали	слышали
смешанной	смешанной
веруйте	веруйте
бедные	бедные
торжествуй	торжествуй
терпите	терпите
удержи	удержи
считай	считай
объявите	объявите
сознает	сознает
доходили	доходили
Словом	Словом
напасти	напасти
одержимого	одержимого
Велики	Велики
ночевали	ночевали
пример	пример
назидать	назидать
Апостолом	Апостолом
похвалить	похвалить
превратили	превратили
святую	святую
хотела	хотела
опустошен	опустошен
еси	еси
мучила	мучила
воспитанный	воспитанный
спасали	спасали
светила	светила
начинали	начинали
сохранили	сохранили
возьмут	возьмут
надевай	надевай
которою	которою
пути	пути
плату	плату
засыпали	засыпали
ожесточился	ожесточился
изнеженный	изнеженный
посылать	посылать
говорить	говорить
вытащи	вытащи
силу	силу
лиц	лиц
узнай	узнай
ревнуйте	ревнуйте
городом	городом
смели	смели
покрова	покрова
преследовать	преследовать
Сия	Сия
белый	белый
скрытое	скрытое
заколали	заколали
желали	желали
Иудиной	Иудиной
схватите	схватите
благослови	благослови
обесчестили	обесчестили
храните	храните
кончен	кончен
исходят	исходят
всем	всем
низкою	низкою
пьем	пьем
вымой	вымой
изгнать	изгнать
поразила	поразила
полагай	полагай
приняли	приняли
глазом	глазом
возливайте	возливайте
бросила	бросила
подчинился	подчинился
выводи	выводи
ворону	ворону
превознесем	превознесем
черного	черного
познали	познали
убегу	убегу
исцелился	исцелился
берет	берет
глухою	глухою
хотел	хотел
спустили	спустили
наполняло	наполняло
управляй	управляй
похоронить	похоронить
даруй	даруй
об	об
пролился	пролился
выслушай	выслушай
уверить	уверить
поднимите	поднимите
одинокую	одинокую
разбирать	разбирать
тысяченачальника	тысяченачальника
сосчитай	сосчитай
Рабы	Рабы
вари	вари
поступить	поступить
умертвила	умертвила
било	било
среди	среди
раздражите	раздражите
перемените	перемените
удалите	удалите
бесовской	бесовской
снискала	снискала
жила	жила
восхотел	восхотел
живого	живого
поносили	поносили
снохе	снохе
предложила	предложила
прозрел	прозрел
верить	верить
очистился	очистился
змея	змея
благи	благи
причинили	причинили
каждая	каждая
открытою	открытою
овладеть	овладеть
большой	большой
столп	столп
отплыл	отплыл
иные	иные
бедных	бедных
захотела	захотела
были	были
распознать	распознать
настаивали	настаивали
положи	положи
познать	познать
вызывали	вызывали
небом	небом
зиму	зиму
тленным	тленным
Знаем	Знаем
разрушен	разрушен
приносили	приносили
эта	эта
сказывать	сказывать
отказывал	отказывал
чину	чину
услышите	услышите
освободить	освободить
смири	смири
предложить	предложить
сатане	сатане
облегчить	облегчить
поддерживать	поддерживать
отсекли	отсекли
отнята	отнята
Благо	Благо
выломать	выломать
наши	наши
убитый	убитый
исчислили	исчислили
наушника	наушника
добром	добром
посрамился	посрамился
отложился	отложился
известили	известили
матери	матери
ожесточите	ожесточите
поцелуй	поцелуй
возлагать	возлагать
выказала	выказала
омывали	омывали
мертвые	мертвые
произносите	произносите
молоком	молоком
грешили	грешили
объяснить	объяснить
обольстила	обольстила
сатану	сатану
садили	садили
похули	похули
пройди	пройди
искала	искала
вечером	вечером
кропили	кропили
он	он
притвору	притвору
жабам	жабам
провозгласить	провозгласить
принесем	принесем
по	по
Одно	Одно
злодействе	злодействе
пьяные	пьяные
меньшие	меньшие
протяни	протяни
Галилейскую	Галилейскую
подними	подними
носите	носите
засохло	засохло
приложили	приложили
строишь	строишь
схоронили	схоронили
давиром	давиром
четвертую	четвертую
отменить	отменить
отходили	отходили
терпи	терпи
имевшие	имевшие
условие	условие
ожесточили	ожесточили
убийцу	убийцу
правою	правою
изнеженную	изнеженную
простертая	простертая
напился	напился
управлять	управлять
твори	твори
соделай	соделай
грешить	грешить
сходите	сходите
захватила	захватила
бесчестить	бесчестить
козлом	козлом
рабою	рабою
восходили	восходили
расслабленный	расслабленный
стражам	стражам
осквернить	осквернить
ехидны	ехидны
морем	морем
продолжала	продолжала
преуспевали	преуспевали
произвели	произвели
попросите	попросите
мною	мною
Христе	Христе
Мне	Мне
принесло	принесло
помогали	помогали
дайте	дайте
узнала	узнала
награбило	награбило
большая	большая
бросили	бросили
умертвить	умертвить
посвятить	посвятить
которое	которое
тысячами	тысячами
воспылали	воспылали
рад	рад
освятите	освятите
переходишь	переходишь
согрешив	согрешив
заставить	заставить
Сене	Сене
потекло	потекло
одинокая	одинокая
выносили	выносили
Царя	Царя
пощади	пощади
козлам	козлам
столпом	столпом
золоте	золоте
переменить	переменить
жабы	жабы
поступили	поступили
платите	платите
вывели	вывели
ухом	ухом
служили	служили
подпал	подпал
подбирать	подбирать
кадили	кадили
допускали	допускали
заключи	заключи
отложи	отложи
опустошить	опустошить
допускала	допускала
сажали	сажали
вытру	вытру
злодейством	злодейством
возливай	возливай
снимали	снимали
слез	слез
призвать	призвать
старою	старою
открытом	открытом
оказывать	оказывать
кончили	кончили
откройте	откройте
заходят	заходят
отсчитать	отсчитать
беззаконии	беззаконии
смело	смело
поселить	поселить
носильщиков	носильщиков
люби	люби
славословили	славословили
понесло	понесло
возвестим	возвестим
утопает	утопает
посохом	посохом
устрашили	устрашили
поразили	поразили
обгорелою	обгорелою
свитком	свитком
начали	начали
прожили	прожили
кидар	кидар
злом	злом
было	было
навыком	навыком
благословила	благословила
теснить	теснить
два	два
имея	имея
бесчести	бесчести
убедила	убедила
преследовала	преследовала
пища	пища
ослепили	ослепили
прибыли	прибыли
крылом	крылом
слеп	слеп
опьянейте	опьянейте
тьмою	тьмою
сохраняла	сохраняла
козлу	козлу
желать	желать
белые	белые
скверною	скверною
познаете	познаете
слепого	слепого
исполните	исполните
ними	ними
утвердили	утвердили
отвалит	отвалит
дщери	дщери
считать	считать
Хочешь	Хочешь
направить	направить
цвет	цвет
разгласили	разгласили
чем	чем
тысяч	тысяч
возрос	возрос
всякую	всякую
осквернился	осквернился
провожали	провожали
всходили	всходили
доставляло	доставляло
захватить	захватить
владеть	владеть
возлагали	возлагали
шестой	шестой
сажен	сажен
умерло	умерло
мытарь	мытарь
подарили	подарили
составляли	составляли
ели	ели
чужой	чужой
золото	золото
призрак	призрак
Мой	Мой
Духе	Духе
напали	напали
живая	живая
три	три
бесноватый	бесноватый
изливать	изливать
разграбить	разграбить
поношении	поношении
разговаривал	разговаривал
лег	лег
приносила	приносила
созрели	созрели
почтить	почтить
вином	вином
вознегодовал	вознегодовал
окончить	окончить
занято	занято
благочестии	благочестии
управляем	управляем
собранный	собранный
увещевать	увещевать
серебром	серебром
располагая	располагая
низложи	низложи
необрезанные	необрезанные
признают	признают
медлили	медлили
раздавали	раздавали
послужив	послужив
молила	молила
сожги	сожги
траве	траве
ваш	ваш
Самой	Самой
хоронить	хоронить
Христом	Христом
познает	познает
скот	скот
сварите	сварите
мех	мех
отнесли	отнесли
возвести	возвести
духе	духе
зарыдал	зарыдал
истощился	истощился
козлы	козлы
пояса	пояса
подкрепился	подкрепился
вина	вина
очистите	очистите
птенцах	птенцах
воспитывала	воспитывала
одержимая	одержимая
простертою	простертою
возливали	возливали
имеющий	имеющий
бесславием	бесславием
принужден	принужден
лгали	лгали
приноси	приноси
областеначальники	областеначальники
легкие	легкие
овнами	овнами
кричите	кричите
истребите	истребите
мужчинах	мужчинах
вопрошать	вопрошать
божествах	божествах
сказывала	сказывала
принеси	принеси
соделались	соделались
уговаривали	уговаривали
счетом	счетом
верх	верх
затворите	затворите
посох	посох
теснился	теснился
изменить	изменить
скакать	скакать
сестре	сестре
обвинить	обвинить
противоречили	противоречили
письме	письме
снохи	снохи
сидели	сидели
половине	половине
разит	разит
поехал	поехал
препроводили	препроводили
приходите	приходите
собранные	собранные
лев	лев
погубили	погубили
считаешь	считаешь
богатых	богатых
выводит	выводит
вылитых	вылитых
променяли	променяли
убийца	убийца
отделился	отделился
изумился	изумился
Израилеву	Израилеву
возвысить	возвысить
крыло	крыло
выступить	выступить
пьяною	пьяною
богатые	богатые
можем	можем
разговаривают	разговаривают
простирать	простирать
другое	другое
освятить	освятить
духовные	духовные
родит	родит
возносить	возносить
пух	пух
верующий	верующий
Которой	Которой
снисходите	снисходите
велите	велите
жертве	жертве
воздайте	воздайте
пожалели	пожалели
образуем	образуем
наняли	наняли
очистили	очистили
посрами	посрами
голов	голов
спроси	спроси
рта	рта
неверные	неверные
облаке	облаке
давира	давира
волах	волах
последуй	последуй
ворона	ворона
обманули	обманули
умышлять	умышлять
разрушить	разрушить
немалую	немалую
устремился	устремился
чинили	чинили
вскорми	вскорми
позвать	позвать
жабах	жабах
сухие	сухие
затыкали	затыкали
святая	святая
котором	котором
заговорит	заговорит
приветствуете	приветствуете
могло	могло
фараоном	фараоном
творить	творить
язычески	язычески
растила	растила
жала	жала
убит	убит
бил	бил
хромых	хромых
попроси	попроси
целовала	целовала
возбуди	возбуди
упали	упали
Моисеевым	Моисеевым
прикрепили	прикрепили
сожигай	сожигай
послужили	послужили
терпим	терпим
гуслистов	гуслистов
дщерь	дщерь
истребить	истребить
мой	мой
души	души
заграждай	заграждай
узнать	узнать
положила	положила
Сеном	Сеном
возьмем	возьмем
чудовище	чудовище
превозмогли	превозмогли
буду	буду
воссиял	воссиял
звать	звать
пленные	пленные
низринут	низринут
разбился	разбился
смешанного	смешанного
переходили	переходили
спорили	спорили
прибавляй	прибавляй
унизили	унизили
Хвали	Хвали
проходите	проходите
тверди	тверди
нечистою	нечистою
вводили	вводили
находим	находим
осади	осади
села	села
великой	великой
новорожденного	новорожденного
защитить	защитить
братьями	братьями
лежите	лежите
устав	устав
берегу	берегу
значила	значила
подули	подули
уменьши	уменьши
пронзила	пронзила
родившая	родившая
бросился	бросился
меча	меча
черный	черный
возлагай	возлагай
созывать	созывать
избили	избили
твою	твою
скала	скала
подтвердить	подтвердить
кругом	кругом
поместила	поместила
приняла	приняла
вопросить	вопросить
исходит	исходит
отдало	отдало
обличи	обличи
думали	думали
горд	горд
сокрушите	сокрушите
грабить	грабить
встретился	встретился
язва	язва
долга	долга
Господню	Господню
вызывающий	вызывающий
бесноватые	бесноватые
божество	божество
соляным	соляным
половиною	половиною
одели	одели
спрятали	спрятали
повредить	повредить
великую	великую
пернатые	пернатые
сделай	сделай
вышло	вышло
ненавидели	ненавидели
петь	петь
Благослови	Благослови
яви	яви
пустую	пустую
высох	высох
сторож	сторож
свободные	свободные
обратился	обратился
вы	вы
вносить	вносить
отвозили	отвозили
блудодействуете	блудодействуете
посмеянии	посмеянии
питай	питай
выслушали	выслушали
овцою	овцою
Будь	Будь
госпожи	госпожи
распознает	распознает
пострадали	пострадали
этом	этом
трое	трое
начерпали	начерпали
несмысленные	несмысленные
соделать	соделать
рака	рака
ходить	ходить
воссияло	воссияло
рассудить	рассудить
вымыла	вымыла
выбежали	выбежали
призванным	призванным
людях	людях
Самая	Самая
моя	моя
раздавить	раздавить
счета	счета
легли	легли
оскудела	оскудела
открыто	открыто
просили	просили
покройте	покройте
рули	рули
показывали	показывали
затворила	затворила
избранный	избранный
выходила	выходила
никакое	никакое
бог	бог
подняты	подняты
морскою	морскою
избавляйте	избавляйте
служанкою	служанкою
которая	которая
наложить	наложить
оживлять	оживлять
срывать	срывать
наложите	наложите
скрепился	скрепился
обрати	обрати
заставили	заставили
дороге	дороге
семи	семи
переспит	переспит
воспылал	воспылал
своротила	своротила
смутили	смутили
истуканом	истуканом
страх	страх
эти	эти
самым	самым
утвердить	утвердить
положите	положите
случай	случай
носильщиками	носильщиками
тайною	тайною
остановить	остановить
представляла	представляла
развязать	развязать
выслать	выслать
рассудили	рассудили
свету	свету
укрепи	укрепи
пасли	пасли
заколал	заколал
вопили	вопили
сила	сила
утомленных	утомленных
освети	освети
возврати	возврати
сидеть	сидеть
лукавым	лукавым
схватили	схватили
письмом	письмом
служи	служи
голодным	голодным
пожалеть	пожалеть
раздражен	раздражен
будете	будете
почетном	почетном
возросло	возросло
духу	духу
духовных	духовных
носила	носила
ваши	ваши
самый	самый
птичкою	птичкою
затрепетал	затрепетал
Будет	Будет
жернова	жернова
наполняй	наполняй
обгорела	обгорела
помогите	помогите
пронзить	пронзить
обвязывать	обвязывать
вострепетал	вострепетал
ничтожество	ничтожество
отличился	отличился
твердая	твердая
благовествуйте	благовествуйте
дать	дать
умирающий	умирающий
какого	какого
следовать	следовать
обо	обо
содержите	содержите
счету	счету
выливай	выливай
сбереги	сбереги
колет	колет
крестит	крестит
затрубили	затрубили
твердую	твердую
выгнать	выгнать
личном	личном
сделанный	сделанный
приветствующий	приветствующий
учите	учите
две	две
определить	определить
лицами	лицами
дозволяй	дозволяй
скрепить	скрепить
спорите	спорите
возросли	возросли
заколать	заколать
первые	первые
кормили	кормили
кадите	кадите
снегом	снегом
весах	весах
областеначальника	областеначальника
поникли	поникли
Мало	Мало
преступили	преступили
свекровь	свекровь
почетного	почетного
душе	душе
сделать	сделать
родословных	родословных
жертв	жертв
садите	садите
утих	утих
сожигают	сожигают
налагай	налагай
согрешите	согрешите
замерло	замерло
твердых	твердых
честным	честным
взывать	взывать
имеем	имеем
выстроить	выстроить
одолело	одолело
намерены	намерены
отказывай	отказывай
взглянули	взглянули
почитай	почитай
бела	бела
Богом	Богом
кадить	кадить
возложила	возложила
пою	пою
Бога	Бога
точиле	точиле
давир	давир
запрети	запрети
превозносите	превозносите
животных	животных
совершали	совершали
лукавые	лукавые
сокрушили	сокрушили
исправлять	исправлять
звездах	звездах
немым	немым
веди	веди
исчислить	исчислить
молодого	молодого
белою	белою
последовала	последовала
напоминайте	напоминайте
увещевали	увещевали
толки	толки
написать	написать
слушающий	слушающий
нею	нею
решали	решали
малых	малых
утре	утре
обнови	обнови
голодного	голодного
роста	роста
срубите	срубите
которым	которым
выходить	выходить
принесли	принесли
правые	правые
жребием	жребием
осквернили	осквернили
возьмете	возьмете
обветшало	обветшало
Дан	Дан
творила	творила
порядке	порядке
исходила	исходила
пить	пить
отводили	отводили
населенные	населенные
помилуйте	помилуйте
велик	велик
перейди	перейди
возливала	возливала
настаивал	настаивал
отправляйте	отправляйте
золота	золота
исходили	исходили
весу	весу
преданный	преданный
посвятили	посвятили
нехорош	нехорош
выходят	выходят
надели	надели
рубить	рубить
умножила	умножила
воскурить	воскурить
подумал	подумал
будут	будут
одинокою	одинокою
прославлять	прославлять
восхотели	восхотели
погребали	погребали
возмутить	возмутить
мертвою	мертвою
блаженный	блаженный
страже	страже
оказала	оказала
преданным	преданным
вспомни	вспомни
это	это
Стану	Стану
исследовали	исследовали
восстановите	восстановите
любимая	любимая
принимала	принимала
Хочет	Хочет
опустошили	опустошили
убитой	убитой
страдать	страдать
носился	носился
Мою	Мою
никакой	никакой
пернатых	пернатых
искушали	искушали
обитая	обитая
нового	нового
возвратили	возвратили
черным	черным
выбросили	выбросили
большом	большом
вашу	вашу
разграбили	разграбили
собрать	собрать
принимали	принимали
почитают	почитают
укрепился	укрепился
Возлюбленного	Возлюбленного
преступите	преступите
воскури	воскури
показывать	показывать
сатаною	сатаною
четвертою	четвертою
добре	добре
возвеличить	возвеличить
прославился	прославился
привить	привить
говорила	говорила
возлюбленным	возлюбленным
укрепите	укрепите
разделите	разделите
будет	будет
приведем	приведем
извратили	извратили
поговорить	поговорить
всякого	всякого
оценить	оценить
запретить	запретить
вешали	вешали
язв	язв
сестры	сестры
Начала	Начала
несмысленный	несмысленный
пересчитай	пересчитай
тверды	тверды
поводом	поводом
каплют	каплют
предшествовали	предшествовали
попускаешь	попускаешь
выводили	выводили
почетных	почетных
твари	твари
бедного	бедного
предложи	предложи
суди	суди
вознесли	вознесли
унывали	унывали
юношах	юношах
послужить	послужить
глазу	глазу
чтите	чтите
пропало	пропало
неправ	неправ
рассказывайте	рассказывайте
познают	познают
Буду	Буду
посылайте	посылайте
молите	молите
омыть	омыть
удерживать	удерживать
обветшали	обветшали
шипа	шипа
отринут	отринут
решите	решите
чада	чада
приготовила	приготовила
объяви	объяви
судив	судив
погрешите	погрешите
палить	палить
написала	написала
пропасть	пропасть
Сила	Сила
любимым	любимым
утром	утром
убитым	убитым
молодая	молодая
производите	производите
моем	моем
осенила	осенила
рассекали	рассекали
вознеси	вознеси
развязала	развязала
восклицайте	восклицайте
узнает	узнает
прислугу	прислугу
молока	молока
фараонов	фараонов
овнов	овнов
странствующий	странствующий
наполните	наполните
выстрелили	выстрелили
обгорел	обгорел
немых	немых
производить	производить
похвалили	похвалили
вынеси	вынеси
развей	развей
отправить	отправить
свободных	свободных
сей	сей
обществом	обществом
уведомили	уведомили
малы	малы
лукавых	лукавых
поднял	поднял
спрашивали	спрашивали
духов	духов
новорожденные	новорожденные
воспитывали	воспитывали
овладейте	овладейте
входили	входили
града	града
Приветствует	Приветствует
ворон	ворон
Моисеевы	Моисеевы
любимое	любимое
отсчитай	отсчитай
насади	насади
накормить	накормить
снабди	снабди
Кому	Кому
живою	живою
бока	бока
приводите	приводите
Был	Был
сам	сам
одну	одну
выходит	выходит
воздух	воздух
очистить	очистить
леса	леса
падите	падите
прямым	прямым
путем	путем
уцелело	уцелело
стражами	стражами
принимайте	принимайте
пара	пара
изменит	изменит
котлов	котлов
содержали	содержали
стоим	стоим
сокруши	сокруши
блаженного	блаженного
утверди	утверди
невежда	невежда
искать	искать
возлюбленном	возлюбленном
приобрели	приобрели
запрет	запрет
бабке	бабке
посвящать	посвящать
узнаешь	узнаешь
утомленного	утомленного
покровом	покровом
склонился	склонился
заколите	заколите
нашем	нашем
освятили	освятили
желчи	желчи
взять	взять
разорили	разорили
спали	спали
Можете	Можете
мертвого	мертвого
пас	пас
наушник	наушник
выкупить	выкупить
обличать	обличать
бывшая	бывшая
испортите	испортите
перебить	перебить
рои	рои
козлами	козлами
срамили	срамили
удерживай	удерживай
сердечные	сердечные
Самом	Самом
лично	лично
целого	целого
умолять	умолять
мучился	мучился
морю	морю
прочитай	прочитай
исследуйте	исследуйте
восхвалили	восхвалили
убитые	убитые
смел	смел
языку	языку
устранить	устранить
сестрою	сестрою
влекли	влекли
иное	иное
думать	думать
смотрите	смотрите
произносить	произносить
истощила	истощила
новых	новых
поднятых	поднятых
поглотить	поглотить
сердечною	сердечною
привели	привели
святые	святые
слепых	слепых
прибыл	прибыл
внука	внука
владели	владели
царя	царя
отяжелело	отяжелело
стеснили	стеснили
любимой	любимой
уходить	уходить
знакомые	знакомые
разводное	разводное
возопили	возопили
потерпели	потерпели
преподала	преподала
страшное	страшное
похитили	похитили
воду	воду
положен	положен
поешь	поешь
выбросить	выбросить
ночное	ночное
вспомните	вспомните
отважен	отважен
гвозди	гвозди
твердом	твердом
искушай	искушай
ожить	ожить
плену	плену
тестом	тестом
соблазнили	соблазнили
отворила	отворила
есть	есть
выкупали	выкупали
прокаженным	прокаженным
получить	получить
спешить	спешить
деревом	деревом
дворах	дворах
носили	носили
первом	первом
пожалело	пожалело
переносит	переносит
молчали	молчали
Апостол	Апостол
напоминай	напоминай
хочу	хочу
произносили	произносили
обладать	обладать
пострадать	пострадать
возложите	возложите
птичку	птичку
встретить	встретить
убедили	убедили
ставить	ставить
отправился	отправился
стерегли	стерегли
Было	Было
направился	направился
разрешить	разрешить
зелени	зелени
новые	новые
виден	виден
необрезан	необрезан
уведомить	уведомить
оно	оно
иною	иною
овце	овце
ела	ела
овладели	овладели
переносим	переносим
пожалуйте	пожалуйте
почитал	почитал
кровопролитии	кровопролитии
разводить	разводить
запрудили	запрудили
Который	Который
окропили	окропили
продай	продай
саранчу	саранчу
хвалить	хвалить
Может	Может
Жертва	Жертва
Рев	Рев
кадила	кадила
исцеляла	исцеляла
обитать	обитать
своя	своя
золотом	золотом
вин	вин
звезд	звезд
испекли	испекли
испеки	испеки
яме	яме
замедли	замедли
заплатили	заплатили
невежд	невежд
приучили	приучили
великою	великою
взяли	взяли
членом	членом
вымерла	вымерла
хулите	хулите
повис	повис
убогие	убогие
разбудить	разбудить
строят	строят
самых	самых
тень	тень
берем	берем
выкупите	выкупите
внуки	внуки
находить	находить
замолчи	замолчи
палит	палит
Какое	Какое
любили	любили
ослабевать	ослабевать
сели	сели
имущества	имущества
желало	желало
подбирала	подбирала
захватили	захватили
глядеть	глядеть
мытаря	мытаря
убогого	убогого
взывайте	взывайте
приняло	приняло
моря	моря
чужого	чужого
имеет	имеет
судите	судите
прямые	прямые
худ	худ
благодарить	благодарить
силе	силе
написанное	написанное
доброю	доброю
владейте	владейте
черные	черные
отделен	отделен
выполняйте	выполняйте
отягощать	отягощать
спустился	спустился
хочешь	хочешь
преследовали	преследовали
светили	светили
возлюбила	возлюбила
кому	кому
Они	Они
выросло	выросло
освободился	освободился
полюбила	полюбила
верху	верху
творите	творите
взял	взял
тысяченачальникам	тысяченачальникам
подносили	подносили
пола	пола
блуди	блуди
лукавого	лукавого
отдай	отдай
пребывали	пребывали
отпустим	отпустим
смешанная	смешанная
обитали	обитали
укрепляли	укрепляли
наследуешь	наследуешь
смирите	смирите
переносить	переносить
пролили	пролили
Богов	Богов
войске	войске
Слушайте	Слушайте
отличить	отличить
оказывай	оказывай
примером	примером
наскучили	наскучили
прямой	прямой
ужина	ужина
умерщвляй	умерщвляй
поносить	поносить
губи	губи
наставили	наставили
взыскать	взыскать
вырос	вырос
нечистота	нечистота
которого	которого
отягощай	отягощай
нехороша	нехороша
растили	растили
ваше	ваше
завладел	завладел
заменим	заменим
укреплять	укреплять
будешь	будешь
поворотили	поворотили
онемеют	онемеют
Святом	Святом
доставляй	доставляй
правосудием	правосудием
обрела	обрела
чудных	чудных
молодым	молодым
чье	чье
сожгли	сожгли
приветствуйте	приветствуйте
благо	благо
исполняйте	исполняйте
поручите	поручите
проповедуйте	проповедуйте
сделало	сделало
расслабленные	расслабленные
женщиной	женщиной
запретили	запретили
проклятого	проклятого
каждым	каждым
возливать	возливать
откормленного	откормленного
саранча	саранча
обрели	обрели
излить	излить
второе	второе
склонили	склонили
другой	другой
порази	порази
невежды	невежды
второю	второю
неради	неради
скотом	скотом
всю	всю
презирать	презирать
исполнила	исполнила
поручи	поручи
вела	вела
пройду	пройду
отпустите	отпустите
реки	реки
посмеянием	посмеянием
Бог	Бог
умирать	умирать
раба	раба
торгу	торгу
Моя	Моя
бабки	бабки
выпали	выпали
преуспевайте	преуспевайте
приведи	приведи
Христа	Христа
служить	служить
можете	можете
призвала	призвала
мешка	мешка
корму	корму
язвам	язвам
воззови	воззови
главы	главы
родился	родился
утешали	утешали
расслабленного	расслабленного
торжествующий	торжествующий
нечистоту	нечистоту
спите	спите
проклят	проклят
спит	спит
призывать	призывать
ожесточи	ожесточи
открыт	открыт
восхвалите	восхвалите
хотят	хотят
голодных	голодных
написанного	написанного
приехал	приехал
познайте	познайте
мехе	мехе
сострадали	сострадали
литого	литого
нечистые	нечистые
восстали	восстали
Хвалите	Хвалите
дворами	дворами
каждые	каждые
сами	сами
приготовили	приготовили
второй	второй
защищайте	защищайте
приучила	приучила
выполняла	выполняла
Святого	Святого
смешанное	смешанное
ужин	ужин
округ	округ
расти	расти
оказали	оказали
малый	малый
придворных	придворных
медлить	медлить
растворила	растворила
призванных	призванных
блага	блага
призванные	призванные
пленили	пленили
называй	называй
старых	старых
рассеките	рассеките
сожигает	сожигает
посети	посети
смирить	смирить
века	века
какой	какой
лесу	лесу
столе	столе
учился	учился
своем	своем
проклинать	проклинать
придворным	придворным
очистим	очистим
духам	духам
унизить	унизить
потаенные	потаенные
нашла	нашла
засохла	засохла
возвратить	возвратить
меньше	меньше
принудили	принудили
самою	самою
приветствуют	приветствуют
захотели	захотели
любим	любим
пока	пока
разрушили	разрушили
жернов	жернов
проклятою	проклятою
вине	вине
подходите	подходите
блаженных	блаженных
соделал	соделал
избрать	избрать
посадите	посадите
стражу	стражу
Твой	Твой
хромой	хромой
уходили	уходили
жилами	жилами
добра	добра
невеждам	невеждам
гордою	гордою
полированную	полированную
роптать	роптать
укрепляй	укрепляй
се	се
счет	счет
граду	граду
сруби	сруби
устранили	устранили
помнили	помнили
томился	томился
проповедуй	проповедуй
призвали	призвали
усилился	усилился
выдавай	выдавай
судился	судился
вороной	вороной
всякой	всякой
слепой	слепой
бич	бич
сходит	сходит
требовали	требовали
обгорело	обгорело
доносили	доносили
благотворить	благотворить
сынов	сынов
раздражали	раздражали
право	право
цари	цари
купи	купи
провозгласили	провозгласили
просты	просты
исполняй	исполняй
первым	первым
ходу	ходу
открыть	открыть
воевали	воевали
воспела	воспела
неверующая	неверующая
который	который
строите	строите
скрывай	скрывай
выдавайте	выдавайте
животным	животным
сими	сими
хулить	хулить
кругу	кругу
рада	рада
передвигают	передвигают
манна	манна
ждите	ждите
замечать	замечать
согласного	согласного
почерпнули	почерпнули
злословили	злословили
мучить	мучить
да	да
помни	помни
огорчали	огорчали
оном	оном
отворили	отворили
уходи	уходи
Сделали	Сделали
губили	губили
отпустили	отпустили
считайте	считайте
молоти	молоти
обладайте	обладайте
огорчен	огорчен
нами	нами
поднять	поднять
опротивел	опротивел
служите	служите
повреди	повреди
получите	получите
беременная	беременная
жертву	жертву
утихли	утихли
ожил	ожил
двором	двором
заграждать	заграждать
тысяченачальники	тысяченачальники
утомился	утомился
прости	прости
обольстить	обольстить
отпускать	отпускать
притворы	притворы
литое	литое
выговори	выговори
новое	новое
приступали	приступали
сирот	сирот
выведите	выведите
отступали	отступали
переходи	переходи
убийстве	убийстве
наполняла	наполняла
могу	могу
вывезли	вывезли
каждою	каждою
потускли	потускли
посадили	посадили
мирен	мирен
разбогател	разбогател
устроили	устроили
тварь	тварь
благотворите	благотворите
белых	белых
весом	весом
давили	давили
глядели	глядели
образ	образ
всходить	всходить
смертным	смертным
сторожу	сторожу
успокоить	успокоить
вышли	вышли
матерях	матерях
подчинен	подчинен
мешки	мешки
избирай	избирай
сохранился	сохранился
вся	вся
погуби	погуби
жару	жару
приклонили	приклонили
сварили	сварили
завладейте	завладейте
отплыли	отплыли
выступив	выступив
пчеле	пчеле
отдала	отдала
избранной	избранной
возлюбленный	возлюбленный
обходить	обходить
больше	больше
фараону	фараону
извратила	извратила
научите	научите
отдали	отдали
переносят	переносят
веса	веса
благословляли	благословляли
страхом	страхом
отнятого	отнятого
посвяти	посвяти
Богами	Богами
рождать	рождать
отпусти	отпусти
Знайте	Знайте
ничтожества	ничтожества
говори	говори
определили	определили
возлюбленного	возлюбленного
живые	живые
целом	целом
Сделай	Сделай
завещеваю	завещеваю
Приветствуют	Приветствуют
поселили	поселили
связанного	связанного
заключен	заключен
злословить	злословить
малые	малые
малого	малого
мозгов	мозгов
внимали	внимали
выть	выть
мне	мне
испытанных	испытанных
одру	одру
блудодействуя	блудодействуя
отнятых	отнятых
пленный	пленный
впереди	впереди
поноси	поноси
убить	убить
выказать	выказать
искали	искали
твердым	твердым
благовестием	благовестием
почти	почти
изливай	изливай
открывай	открывай
сказывай	сказывай
вкусили	вкусили
произвела	произвела
произвело	произвело
простирал	простирал
стояло	стояло
развалинами	развалинами
отдать	отдать
какие	какие
соединить	соединить
колу	колу
купили	купили
обратите	обратите
прилагай	прилагай
зла	зла
одре	одре
ваша	ваша
жилища	жилища
воле	воле
хранить	хранить
поступали	поступали
вперед	вперед
почитать	почитать
презирали	презирали
скорым	скорым
каков	каков
открыли	открыли
совершить	совершить
назидайте	назидайте
представлять	представлять
воспели	воспели
обществе	обществе
разные	разные
шести	шести
тельцам	тельцам
похвалился	похвалился
опустили	опустили
убитого	убитого
первого	первого
окончила	окончила
Своем	Своем
отступить	отступить
выходи	выходи
наги	наги
языком	языком
напасть	напасть
другою	другою
окружите	окружите
кормите	кормите
нарекли	нарекли
Которого	Которого
шипов	шипов
навестить	навестить
проходишь	проходишь
раздирать	раздирать
отложили	отложили
бросить	бросить
упоминать	упоминать
аспид	аспид
возлег	возлег
увещевай	увещевай
вопрошающий	вопрошающий
заколи	заколи
Одного	Одного
отходила	отходила
вскричал	вскричал
упросить	упросить
держи	держи
фараона	фараона
похитить	похитить
тьма	тьма
язык	язык
нагой	нагой
мстите	мстите
разложите	разложите
устройстве	устройстве
наполнили	наполнили
развалинам	развалинам
которых	которых
решился	решился
отвратите	отвратите
тельцами	тельцами
думайте	думайте
предавать	предавать
царски	царски
выслушать	выслушать
рогом	рогом
провожу	провожу
горькая	горькая
воздухе	воздухе
минуло	минуло
снегу	снегу
помышляйте	помышляйте
простился	простился
сказать	сказать
внушили	внушили
плачем	плачем
проклятую	проклятую
купила	купила
гуслиста	гуслиста
доводит	доводит
внутри	внутри
питать	питать
заклятым	заклятым
погреби	погреби
болоте	болоте
бесславить	бесславить
Вила	Вила
утешился	утешился
вступали	вступали
Духу	Духу
схоронить	схоронить
прокаженные	прокаженные
сии	сии
слушало	слушало
исправить	исправить
иным	иным
ослабевайте	ослабевайте
проводят	проводят
собирать	собирать
имеют	имеют
воротился	воротился
Марка	Марка
награбили	награбили
посвящали	посвящали
пьяный	пьяный
язве	язве
последовали	последовали
огорчился	огорчился
снега	снега
надел	надел
утру	утру
зле	зле
глухого	глухого
рассмотри	рассмотри
судить	судить
воздай	воздай
таланту	таланту
почитайте	почитайте
благословить	благословить
возноси	возноси
большого	большого
доказали	доказали
воплем	воплем
вспоминать	вспоминать
взглянул	взглянул
поядающий	поядающий
устрашился	устрашился
век	век
скованный	скованный
постанови	постанови
Какая	Какая
языческой	языческой
избрала	избрала
отвори	отвори
стражи	стражи
