söks	söks
knyta	knyta
omskära	omskära
ene	ene
slätt	slätt
hjälpa	hjälpa
drogs	drogs
besatte	besatte
släkte	släkte
upplopp	upplopp
frälsa	frälsa
nämnes	nämnes
förbliva	förbliva
glädes	glädes
tryggade	tryggade
luta	luta
pålägges	pålägges
förgäte	förgäte
befälet	befälet
livet	livet
Uris	Uris
förbund	förbund
böjt	böjt
flotta	flotta
utsättes	utsättes
lindade	lindade
fördöma	fördöma
Hebrons	Hebrons
utplånades	utplånades
påskalammet	påskalammet
saknas	saknas
anställde	anställde
trängt	trängt
kos	kos
svansarna	svansarna
torget	torget
minne	minne
sjuke	sjuke
tillreds	tillreds
snöre	snöre
uppbygges	uppbygges
förgäta	förgäta
Svärd	Svärd
brevet	brevet
tysta	tysta
bereda	bereda
utstött	utstött
rov	rov
brännsår	brännsår
gömmas	gömmas
äppelträd	äppelträd
näpsa	näpsa
skyarna	skyarna
träd	träd
drabbade	drabbade
släckt	släckt
klädda	klädda
vänd	vänd
förfärade	förfärade
låta	låta
döme	döme
styrkt	styrkt
damm	damm
sköten	sköten
mäta	mäta
avmäta	avmäta
skrapade	skrapade
förbytes	förbytes
rike	rike
hörn	hörn
Vare	Vare
Hagar	Hagar
räddade	räddade
uppföra	uppföra
hembäre	hembäre
förvarade	förvarade
renades	renades
upptecknades	upptecknades
Antikrists	Antikrists
loven	loven
rulla	rulla
lärda	lärda
Asafs	Asafs
vetekorn	vetekorn
frambären	frambären
båda	båda
fattade	fattade
besökt	besökt
förutbestämt	förutbestämt
sänka	sänka
äte	äte
utsatta	utsatta
fråga	fråga
segrare	segrare
säkras	säkras
utgjuta	utgjuta
död	död
tårarna	tårarna
uppenbarade	uppenbarade
gränserna	gränserna
ekar	ekar
vingar	vingar
utkräva	utkräva
utsträckt	utsträckt
svarade	svarade
kullarna	kullarna
backarna	backarna
sänkas	sänkas
formade	formade
utröna	utröna
skänk	skänk
förlika	förlika
korsfästa	korsfästa
säga	säga
uppresa	uppresa
byggda	byggda
gäckade	gäckade
drive	drive
sätet	sätet
bara	bara
länder	länder
öppnades	öppnades
Esters	Esters
vise	vise
rädd	rädd
bakhåll	bakhåll
sons	sons
ryka	ryka
snara	snara
strålade	strålade
läkt	läkt
talades	talades
skilde	skilde
fare	fare
välvt	välvt
glada	glada
bakhållet	bakhållet
son	son
samlas	samlas
släppa	släppa
göden	göden
förehaves	förehaves
brev	brev
amma	amma
dryck	dryck
fattas	fattas
Talar	Talar
fyllen	fyllen
klappa	klappa
garn	garn
antändes	antändes
äras	äras
uppförde	uppförde
förbränna	förbränna
Landet	Landet
falls	falls
förökades	förökades
spikarna	spikarna
rycka	rycka
beredda	beredda
förtryckta	förtryckta
lögnprofeternas	lögnprofeternas
inrättades	inrättades
klipper	klipper
uppstånden	uppstånden
tyckes	tyckes
mötes	mötes
taga	taga
tyg	tyg
övrigas	övrigas
antända	antända
dövas	dövas
tycka	tycka
snart	snart
stickas	stickas
tår	tår
skyddade	skyddade
beredde	beredde
utspridde	utspridde
vind	vind
utsprida	utsprida
Rådet	Rådet
löftet	löftet
bevarades	bevarades
fylld	fylld
anställda	anställda
gudarna	gudarna
Ett	Ett
födas	födas
lämnades	lämnades
binde	binde
tabernakels	tabernakels
blive	blive
egyptiers	egyptiers
äppelträdet	äppelträdet
höljes	höljes
lyftas	lyftas
blinda	blinda
nästa	nästa
förödande	förödande
edens	edens
rovet	rovet
bortkastat	bortkastat
dryckerna	dryckerna
Sur	Sur
åker	åker
utbytte	utbytte
svans	svans
slites	slites
borttappade	borttappade
bedriva	bedriva
rådande	rådande
vandren	vandren
rikt	rikt
sätta	sätta
bars	bars
hämtades	hämtades
utföra	utföra
strids	strids
avlämnades	avlämnades
drivna	drivna
vattnade	vattnade
trälarbetet	trälarbetet
förbrännes	förbrännes
ingångens	ingångens
friköpa	friköpa
flyga	flyga
avståndet	avståndet
läras	läras
predikades	predikades
förgjordes	förgjordes
löses	löses
gjorda	gjorda
klövs	klövs
uppsöka	uppsöka
bärande	bärande
läggen	läggen
skälet	skälet
uppenbara	uppenbara
bindes	bindes
jagades	jagades
fördrives	fördrives
Berias	Berias
vederkvicka	vederkvicka
vändas	vändas
gjutes	gjutes
släktens	släktens
uttåg	uttåg
Land	Land
drages	drages
ställd	ställd
kullar	kullar
hyllade	hyllade
sköta	sköta
förstöres	förstöres
läses	läses
Surs	Surs
frossa	frossa
behöva	behöva
bundna	bundna
anstiftades	anstiftades
omsnärjt	omsnärjt
antändas	antändas
Sisak	Sisak
grannarna	grannarna
synas	synas
stigen	stigen
rädda	rädda
öppnas	öppnas
höljas	höljas
talade	talade
dammarna	dammarna
övertäckt	övertäckt
hören	hören
föda	föda
vederkvickt	vederkvickt
avsatserna	avsatserna
manades	manades
slunga	slunga
släckes	släckes
låge	låge
gemak	gemak
höres	höres
följande	följande
Guds	Guds
viskade	viskade
Ande	Ande
lögnprofeterna	lögnprofeterna
invånare	invånare
krossades	krossades
nedgjorda	nedgjorda
Jerusalems	Jerusalems
visa	visa
falla	falla
benet	benet
förvaltade	förvaltade
nämnde	nämnde
hembära	hembära
utbredde	utbredde
stänkt	stänkt
byta	byta
giva	giva
anställd	anställd
upptagen	upptagen
förfäras	förfäras
make	make
rådde	rådde
klappade	klappade
sänkt	sänkt
fots	fots
släktet	släktet
kastade	kastade
hållna	hållna
sträckt	sträckt
finne	finne
beskära	beskära
handla	handla
Ordet	Ordet
bevekt	bevekt
Berea	Berea
beskärda	beskärda
fjättrade	fjättrade
uppsatte	uppsatte
Dessa	Dessa
tunga	tunga
spjutet	spjutet
sina	sina
valla	valla
stjälen	stjälen
revo	revo
betryckte	betryckte
vitt	vitt
anskaffades	anskaffades
viska	viska
fört	fört
förtryckes	förtryckes
axens	axens
lycka	lycka
betryckta	betryckta
våldföres	våldföres
försonas	försonas
Antikrist	Antikrist
rättfärdiga	rättfärdiga
gömma	gömma
nätet	nätet
Simmas	Simmas
utsläcka	utsläcka
trängde	trängde
upplagda	upplagda
skydda	skydda
liden	liden
böja	böja
uppgiven	uppgiven
bevekande	bevekande
döpt	döpt
påbudet	påbudet
överdragen	överdragen
mätt	mätt
elände	elände
köpebrevet	köpebrevet
sköljes	sköljes
upptaga	upptaga
fyllda	fyllda
förgjorde	förgjorde
förbytt	förbytt
ställa	ställa
Våra	Våra
korsfästas	korsfästas
lärare	lärare
täckes	täckes
förströdda	förströdda
satta	satta
råds	råds
fostrade	fostrade
överlämnade	överlämnade
omvände	omvände
draga	draga
torn	torn
sports	sports
göda	göda
lammet	lammet
hälsa	hälsa
kännes	kännes
sträva	sträva
skylt	skylt
Benjamin	Benjamin
Urias	Urias
vaka	vaka
känna	känna
uppväckt	uppväckt
födes	födes
hölje	hölje
påskalamm	påskalamm
upplagt	upplagt
stiga	stiga
äktenskapsbrott	äktenskapsbrott
stadga	stadga
skära	skära
konungadöme	konungadöme
vete	vete
mjöl	mjöl
brännsåret	brännsåret
betar	betar
åkerstycken	åkerstycken
Dan	Dan
upptända	upptända
skäres	skäres
gudsfruktan	gudsfruktan
den	den
avfallna	avfallna
trängd	trängd
upplösa	upplösa
område	område
förlösa	förlösa
sanna	sanna
förleda	förleda
lägg	lägg
beträden	beträden
belopp	belopp
mångas	mångas
förbyta	förbyta
slags	slags
vet	vet
söka	söka
offrade	offrade
Hul	Hul
bära	bära
svängde	svängde
sabbaterna	sabbaterna
hjulet	hjulet
förste	förste
palatset	palatset
sättes	sättes
sålda	sålda
rista	rista
fria	fria
förrådshuset	förrådshuset
väckas	väckas
blåste	blåste
rygga	rygga
helgades	helgades
avhålle	avhålle
fördolda	fördolda
flyttade	flyttade
klöv	klöv
strävade	strävade
ed	ed
upplysa	upplysa
plats	plats
Gud	Gud
säte	säte
hugga	hugga
bygges	bygges
uppbygga	uppbygga
tillreda	tillreda
uppenbarades	uppenbarades
avhålla	avhålla
förkunnade	förkunnade
vilade	vilade
bortförd	bortförd
tjäna	tjäna
fullbordades	fullbordades
frambära	frambära
döm	döm
vanära	vanära
Ställ	Ställ
läsa	läsa
väta	väta
domar	domar
utvalde	utvalde
stadgar	stadgar
beställt	beställt
tornet	tornet
förlåten	förlåten
svala	svala
slaktade	slaktade
helade	helade
såge	såge
buds	buds
modet	modet
gudsfruktans	gudsfruktans
äta	äta
spridde	spridde
plåga	plåga
kor	kor
avla	avla
aktades	aktades
släppt	släppt
gören	gören
bestämda	bestämda
snår	snår
plågas	plågas
flyge	flyge
betäckt	betäckt
fördömde	fördömde
rörde	rörde
ödmjukas	ödmjukas
slås	slås
orterna	orterna
viskas	viskas
fadern	fadern
utkräves	utkräves
Babel	Babel
uppfödde	uppfödde
ens	ens
fällas	fällas
års	års
tränga	tränga
inbyggares	inbyggares
hoppas	hoppas
minska	minska
sjunga	sjunga
murbruket	murbruket
Bosras	Bosras
tiga	tiga
utdelade	utdelade
omringade	omringade
tankarna	tankarna
utvaldas	utvaldas
faders	faders
upplyste	upplyste
fött	fött
korna	korna
ammade	ammade
borgar	borgar
agas	agas
döda	döda
moderliv	moderliv
förmörkades	förmörkades
moderssköte	moderssköte
Leviatans	Leviatans
sändes	sändes
upprört	upprört
förståndet	förståndet
förskräcka	förskräcka
följda	följda
gripa	gripa
före	före
Et	Et
Om	Om
manade	manade
vägs	vägs
blotten	blotten
resande	resande
snärjas	snärjas
rättfärdigas	rättfärdigas
Man	Man
laga	laga
utdelat	utdelat
rötter	rötter
Svärdet	Svärdet
skölja	skölja
invånares	invånares
stod	stod
Tala	Tala
Hulda	Hulda
sälja	sälja
sårande	sårande
uppväcken	uppväcken
bedrives	bedrives
köpebrev	köpebrev
upphöjd	upphöjd
vinna	vinna
saker	saker
försåt	försåt
budordet	budordet
gäckas	gäckas
dom	dom
armen	armen
röra	röra
utstakade	utstakade
tända	tända
dån	dån
man	man
smida	smida
lyftes	lyftes
undersökt	undersökt
arglistige	arglistige
vittnesbörd	vittnesbörd
lösas	lösas
stengolv	stengolv
avsatt	avsatt
togs	togs
bestänkt	bestänkt
jubelåret	jubelåret
hjälpare	hjälpare
kröna	kröna
hälsade	hälsade
Faders	Faders
trycka	trycka
faste	faste
hackade	hackade
stört	stört
linda	linda
avlämnade	avlämnade
Amons	Amons
stycke	stycke
skäras	skäras
böjde	böjde
rövar	rövar
förbud	förbud
budens	budens
dricka	dricka
blottades	blottades
plågades	plågades
många	många
jämnas	jämnas
Lamm	Lamm
sökte	sökte
livs	livs
vila	vila
fiskade	fiskade
fältet	fältet
Fadern	Fadern
upptändas	upptändas
åts	åts
föreläses	föreläses
Lammet	Lammet
åt	åt
utgjutes	utgjutes
lösen	lösen
gifte	gifte
skarpa	skarpa
utfärdade	utfärdade
torkade	torkade
mottaga	mottaga
förskräckes	förskräckes
insatt	insatt
förskingrade	förskingrade
märkt	märkt
upptage	upptage
fördragen	fördragen
krönt	krönt
förlåta	förlåta
utsätta	utsätta
tillredda	tillredda
stillades	stillades
gud	gud
tyget	tyget
ställde	ställde
daglönare	daglönare
Leviatan	Leviatan
tankar	tankar
funna	funna
manas	manas
överlämnades	överlämnades
utslag	utslag
avmätt	avmätt
anklagades	anklagades
tagna	tagna
förrättade	förrättade
dräpt	dräpt
vare	vare
fiskare	fiskare
svänga	svänga
nödgade	nödgade
säkra	säkra
avfallen	avfallen
ringa	ringa
betade	betade
betänkt	betänkt
nödgas	nödgas
klädde	klädde
bunde	bunde
blygs	blygs
inviga	inviga
upphäves	upphäves
förtrycken	förtrycken
upplåtna	upplåtna
garnet	garnet
hemsökes	hemsökes
dyrkade	dyrkade
borgen	borgen
påbud	påbud
lugna	lugna
uppröres	uppröres
Folk	Folk
räcka	räcka
väges	väges
spjut	spjut
fikonträd	fikonträd
behövs	behövs
odjuret	odjuret
lägge	lägge
träda	träda
genomsökt	genomsökt
beställa	beställa
aktade	aktade
huset	huset
skylde	skylde
Meriba	Meriba
fallna	fallna
avstånd	avstånd
förordnade	förordnade
förskräckt	förskräckt
smältas	smältas
Babels	Babels
beskärt	beskärt
stycken	stycken
leva	leva
trampas	trampas
vita	vita
göra	göra
ålägga	ålägga
Israel	Israel
uppgives	uppgives
uppfylla	uppfylla
vetekornet	vetekornet
lärde	lärde
marker	marker
egyptierna	egyptierna
renat	renat
moderlivet	moderlivet
eländet	eländet
antal	antal
saknade	saknade
bjude	bjude
arks	arks
avsats	avsats
satte	satte
Aner	Aner
vanärade	vanärade
like	like
budord	budord
förtorkade	förtorkade
bortföra	bortföra
beträda	beträda
alltings	alltings
funne	funne
överdragna	överdragna
utrönt	utrönt
ökades	ökades
penningarna	penningarna
insatte	insatte
blottas	blottas
huvud	huvud
dödade	dödade
offrades	offrades
bevarade	bevarade
maka	maka
fjättrar	fjättrar
steka	steka
burna	burna
hacka	hacka
följd	följd
budet	budet
fårs	fårs
ansedde	ansedde
utrotades	utrotades
ålägges	ålägges
dröjen	dröjen
bedraga	bedraga
bok	bok
kokte	kokte
bytte	bytte
svävande	svävande
smälta	smälta
räknade	räknade
namn	namn
borgare	borgare
gästabud	gästabud
omfång	omfång
järnet	järnet
krossade	krossade
upploppet	upploppet
rövade	rövade
tändas	tändas
Benjamins	Benjamins
förbjudes	förbjudes
dolde	dolde
dödande	dödande
fästa	fästa
ax	ax
förgöres	förgöres
smälte	smälte
förlåtna	förlåtna
ära	ära
horn	horn
främmandes	främmandes
uppgivna	uppgivna
flyttades	flyttades
fören	fören
nederlaget	nederlaget
fördraga	fördraga
odjur	odjur
vara	vara
träta	träta
ek	ek
allting	allting
gästabudet	gästabudet
födda	födda
friköpt	friköpt
moder	moder
behöves	behöves
stormades	stormades
gravarna	gravarna
bunden	bunden
skurna	skurna
övertäcka	övertäcka
oxens	oxens
vikt	vikt
fiskar	fiskar
betrodde	betrodde
vilddjuret	vilddjuret
förstörd	förstörd
snöret	snöret
lider	lider
hus	hus
utlyst	utlyst
dricke	dricke
mördade	mördade
stall	stall
ringar	ringar
förlåte	förlåte
stillas	stillas
blåst	blåst
ökade	ökade
övermod	övermod
hjärtat	hjärtat
dukat	dukat
penningar	penningar
utrotade	utrotade
väns	väns
förtäljes	förtäljes
vindarna	vindarna
hållen	hållen
tak	tak
tjänen	tjänen
tågade	tågade
rest	rest
oxarna	oxarna
räknen	räknen
bedrage	bedrage
stänka	stänka
smides	smides
visen	visen
Asas	Asas
kärve	kärve
mött	mött
området	området
Eder	Eder
betänkte	betänkte
mods	mods
enas	enas
uträcka	uträcka
frälsare	frälsare
silverbägare	silverbägare
närande	närande
blåsa	blåsa
sticka	sticka
kärlet	kärlet
förbudet	förbudet
Satans	Satans
ändamålet	ändamålet
övergiva	övergiva
hugges	hugges
upplöst	upplöst
döva	döva
drage	drage
fallen	fallen
lärd	lärd
vika	vika
fästas	fästas
lösa	lösa
ansedda	ansedda
frossare	frossare
utsändes	utsändes
förutbestämde	förutbestämde
utgöra	utgöra
hörsammades	hörsammades
svin	svin
styrkas	styrkas
vilddjur	vilddjur
utsända	utsända
silverbägarna	silverbägarna
betryckt	betryckt
valvet	valvet
frambäres	frambäres
förjagades	förjagades
gifta	gifta
dröja	dröja
förgöra	förgöra
bryta	bryta
stänger	stänger
skålarna	skålarna
upplåten	upplåten
täckt	täckt
Båda	Båda
tystade	tystade
borttappat	borttappat
domarna	domarna
Heles	Heles
fast	fast
löst	löst
omringades	omringades
förstörde	förstörde
druckna	druckna
kallade	kallade
armodet	armodet
upprättades	upprättades
Amon	Amon
fördolde	fördolde
låga	låga
våldet	våldet
vinn	vinn
sky	sky
friade	friade
aga	aga
nedbryta	nedbryta
hålles	hålles
upprättade	upprättade
vakar	vakar
dragna	dragna
lår	lår
plågade	plågade
bröllopet	bröllopet
beseglade	beseglade
beloppet	beloppet
tillspillogivna	tillspillogivna
täckts	täckts
förskräckte	förskräckte
kallades	kallades
sås	sås
bytt	bytt
lända	lända
platserna	platserna
slaktdjur	slaktdjur
blyges	blyges
förslaget	förslaget
församlade	församlade
stötes	stötes
röras	röras
böjd	böjd
tusentals	tusentals
nästas	nästas
lägges	lägges
fördömda	fördömda
pålägga	pålägga
renade	renade
ödelägga	ödelägga
synd	synd
dräpa	dräpa
hornet	hornet
undantagna	undantagna
udd	udd
sändebud	sändebud
upptages	upptages
blodbad	blodbad
Ord	Ord
förbjuda	förbjuda
hos	hos
förödda	förödda
hörsammade	hörsammade
öppnade	öppnade
våra	våra
fara	fara
utgöres	utgöres
födde	födde
Bosra	Bosra
mista	mista
Gudarna	Gudarna
utplånade	utplånade
vant	vant
döpes	döpes
rört	rört
räckas	räckas
struts	struts
inmönstrades	inmönstrades
upprörd	upprörd
avskära	avskära
berömda	berömda
backar	backar
fräta	fräta
läka	läka
travarna	travarna
näpst	näpst
Tres	Tres
bortkastad	bortkastad
uppväcka	uppväcka
beseglades	beseglades
jagade	jagade
lika	lika
uträcker	uträcker
svävade	svävade
förströdde	förströdde
Naftali	Naftali
nära	nära
avvändes	avvändes
samlades	samlades
skadade	skadade
det	det
sårade	sårade
finnes	finnes
säljen	säljen
Asa	Asa
avvända	avvända
undantagen	undantagen
avsöndrade	avsöndrade
ösa	ösa
dödsrike	dödsrike
skänka	skänka
ringe	ringe
klövarna	klövarna
efterföljd	efterföljd
sågade	sågade
stadiers	stadiers
Allas	Allas
arv	arv
borrar	borrar
hysa	hysa
enes	enes
dödas	dödas
folket	folket
mången	mången
hyst	hyst
svalt	svalt
vandrade	vandrade
stengolvet	stengolvet
vårdar	vårdar
skött	skött
ryckes	ryckes
broders	broders
hjälpt	hjälpt
förblive	förblive
uppslukade	uppslukade
fetmas	fetmas
uppenbaras	uppenbaras
gripna	gripna
fotbladet	fotbladet
vattnas	vattnas
stupa	stupa
drog	drog
tillfrisknat	tillfrisknat
mätte	mätte
räddades	räddades
tillsätta	tillsätta
djur	djur
bortfört	bortfört
blotta	blotta
bestänka	bestänka
kärl	kärl
talar	talar
uppfylles	uppfylles
vars	vars
förstöra	förstöra
kysst	kysst
renas	renas
loge	loge
uppslukades	uppslukades
köpa	köpa
uttåget	uttåget
lamms	lamms
Denne	Denne
Vars	Vars
hälsades	hälsades
antalet	antalet
vände	vände
brännes	brännes
låte	låte
släkterna	släkterna
kasten	kasten
täcke	täcke
vann	vann
nedbrytes	nedbrytes
hala	hala
hoppade	hoppade
förrådshus	förrådshus
Anas	Anas
mottages	mottages
vädurens	vädurens
säge	säge
beredd	beredd
jämna	jämna
visade	visade
handlade	handlade
resa	resa
utbredda	utbredda
vädurarna	vädurarna
sjunge	sjunge
retas	retas
seende	seende
Omar	Omar
sakens	sakens
förstörs	förstörs
uppsökte	uppsökte
predikade	predikade
vakade	vakade
Vaken	Vaken
årens	årens
förvaltare	förvaltare
bräderna	bräderna
bådas	bådas
höra	höra
föröke	föröke
tänkt	tänkt
breda	breda
mark	mark
förtrycktas	förtrycktas
bjuda	bjuda
fogade	fogade
föra	föra
mättas	mättas
svinet	svinet
skilda	skilda
gräns	gräns
säljes	säljes
Vakna	Vakna
förbundet	förbundet
omvända	omvända
jubelår	jubelår
fördärvade	fördärvade
församlas	församlas
fylla	fylla
ställda	ställda
övergiven	övergiven
upprätta	upprätta
bäckarna	bäckarna
förökade	förökade
uddar	uddar
kända	kända
fästes	fästes
styrkes	styrkes
bud	bud
hörsamma	hörsamma
ödmjuka	ödmjuka
ordspråk	ordspråk
förkunnades	förkunnades
trampade	trampade
grav	grav
Israels	Israels
huggna	huggna
förrättades	förrättades
tvagen	tvagen
mönstrade	mönstrade
lever	lever
styrka	styrka
välva	välva
funno	funno
binda	binda
bältet	bältet
gjordes	gjordes
drypa	drypa
drucken	drucken
Simma	Simma
Visa	Visa
boks	boks
funnes	funnes
ställt	ställt
slaktades	slaktades
helgade	helgade
fläka	fläka
beskärd	beskärd
sjuka	sjuka
stilla	stilla
lägga	lägga
helas	helas
lära	lära
agat	agat
Visar	Visar
kränka	kränka
sin	sin
förvandlades	förvandlades
åkerstycke	åkerstycke
hindrades	hindrades
räckt	räckt
väcka	väcka
märka	märka
mätta	mätta
vida	vida
bete	bete
räta	räta
vingarna	vingarna
fotblad	fotblad
förhindrade	förhindrade
molnet	molnet
drivas	drivas
köpt	köpt
vårdare	vårdare
predikat	predikat
vårt	vårt
både	både
tage	tage
bortkastade	bortkastade
betrodda	betrodda
upptändes	upptändes
lärt	lärt
fötterna	fötterna
bäres	bäres
ben	ben
utstöta	utstöta
brännande	brännande
plugg	plugg
fördärvades	fördärvades
beten	beten
driva	driva
utföres	utföres
bygga	bygga
kände	kände
fortfara	fortfara
städer	städer
beskärde	beskärde
berömt	berömt
stötte	stötte
hylla	hylla
slaktdjuret	slaktdjuret
äktenskapsbrottet	äktenskapsbrottet
övriga	övriga
modersskötet	modersskötet
drype	drype
strida	strida
sjukt	sjukt
Beria	Beria
uppsatta	uppsatta
halt	halt
Råd	Råd
tröstar	tröstar
räddas	räddas
rannsaken	rannsaken
dömen	dömen
gripes	gripes
våldföra	våldföra
förlöst	förlöst
Leas	Leas
uppståndna	uppståndna
rörande	rörande
stärkt	stärkt
markens	markens
resas	resas
betänken	betänken
brytes	brytes
lämnade	lämnade
ena	ena
värde	värde
täckas	täckas
fogades	fogades
uppdraget	uppdraget
kalla	kalla
lidandet	lidandet
förskingrades	förskingrades
gripen	gripen
sen	sen
Sisaks	Sisaks
utbreda	utbreda
arglistighet	arglistighet
gapet	gapet
krig	krig
utslaget	utslaget
given	given
lovade	lovade
uppföda	uppföda
klippa	klippa
Meribas	Meribas
förvandlade	förvandlade
år	år
ringare	ringare
rikes	rikes
torka	torka
vittnesbördet	vittnesbördet
stenröse	stenröse
sändebudet	sändebudet
bäckens	bäckens
fyllde	fyllde
kastades	kastades
uppbådades	uppbådades
kläde	kläde
uppfört	uppfört
lyckas	lyckas
förstånd	förstånd
tog	tog
bäre	bäre
kläder	kläder
rullas	rullas
förtälja	förtälja
Hans	Hans
fåren	fåren
Farao	Farao
säges	säges
stött	stött
järn	järn
besatta	besatta
bitarna	bitarna
djuret	djuret
hon	hon
blottade	blottade
förvarades	förvarades
korsfästes	korsfästes
arms	arms
Hanes	Hanes
frätas	frätas
slitna	slitna
byggnadsverket	byggnadsverket
dräpes	dräpes
upplöses	upplöses
förleder	förleder
tjänade	tjänade
sann	sann
stoderna	stoderna
användes	användes
sån	sån
ark	ark
kallas	kallas
skada	skada
bindas	bindas
bön	bön
fördömd	fördömd
släkt	släkt
granne	granne
vrides	vrides
slagen	slagen
råder	råder
minskade	minskade
trätt	trätt
betänka	betänka
störes	störes
göres	göres
städ	städ
murbruk	murbruk
Faraos	Faraos
tåga	tåga
rätta	rätta
flottar	flottar
född	född
uppbådade	uppbådade
klagande	klagande
gemaket	gemaket
arvet	arvet
utsläckes	utsläckes
förslag	förslag
bäste	bäste
befäl	befäl
föres	föres
stekt	stekt
pressar	pressar
korer	korer
fullbordade	fullbordade
vid	vid
visar	visar
valv	valv
kors	kors
avskäres	avskäres
rötterna	rötterna
Mana	Mana
utroten	utroten
Ester	Ester
tusental	tusental
genomsöka	genomsöka
dragen	dragen
skäl	skäl
rev	rev
firades	firades
förras	förras
konungadömet	konungadömet
lovar	lovar
året	året
sport	sport
bestämde	bestämde
mister	mister
nederlag	nederlag
visas	visas
hjärta	hjärta
trygga	trygga
sena	sena
Tre	Tre
agade	agade
varde	varde
rätas	rätas
ödelägges	ödelägges
segrar	segrar
Alls	Alls
avsöndrades	avsöndrades
ingångarna	ingångarna
uppförd	uppförd
utvalda	utvalda
vakttorn	vakttorn
trälarbete	trälarbete
öst	öst
stadier	stadier
röres	röres
omstörtade	omstörtade
omsnärjer	omsnärjer
Hela	Hela
dödsriket	dödsriket
föreläsa	föreläsa
retade	retade
tröstade	tröstade
rättas	rättas
täckte	täckte
fattades	fattades
befästa	befästa
klädd	klädd
vakttornet	vakttornet
stenröset	stenröset
uppgiva	uppgiva
strutsarna	strutsarna
stige	stige
bortförda	bortförda
fälles	fälles
upprest	upprest
strålande	strålande
altaret	altaret
vänt	vänt
bliva	bliva
användas	användas
stärka	stärka
upphöjde	upphöjde
blindas	blindas
förda	förda
försåtet	försåtet
stänga	stänga
tillsättes	tillsättes
skapade	skapade
firade	firade
förtryckt	förtryckt
tillredes	tillredes
hela	hela
tillspillogiven	tillspillogiven
brodern	brodern
givna	givna
förjagade	förjagade
omstörtades	omstörtades
undersöka	undersöka
smältes	smältes
fälla	fälla
gladas	gladas
tryckte	tryckte
vaken	vaken
lutade	lutade
döpa	döpa
koka	koka
lamm	lamm
lagade	lagade
namnet	namnet
dammet	dammet
taket	taket
möta	möta
stickade	stickade
vrida	vrida
anskaffade	anskaffade
skänke	skänke
följeslagares	följeslagares
spik	spik
omgiva	omgiva
utsträcka	utsträcka
sakerna	sakerna
blåses	blåses
föröda	föröda
stupade	stupade
förordnades	förordnades
tryckes	tryckes
utfärdades	utfärdades
Jerusalem	Jerusalem
frågade	frågade
snåret	snåret
vana	vana
anställa	anställa
bräde	bräde
förmörkade	förmörkade
Både	Både
vätas	vätas
hjul	hjul
böjes	böjes
sträcka	sträcka
förstes	förstes
inrättade	inrättade
tages	tages
sändas	sändas
svalka	svalka
stallet	stallet
inställde	inställde
folk	folk
dukade	dukade
sökt	sökt
bjudes	bjudes
dåd	dåd
rannsakade	rannsakade
tacka	tacka
förenade	förenade
tycke	tycke
bästa	bästa
armod	armod
klagade	klagade
drabbades	drabbades
gläds	gläds
Lea	Lea
bredd	bredd
skuren	skuren
driven	driven
slungade	slungade
nedgjorde	nedgjorde
Dess	Dess
knyte	knyte
upphöjda	upphöjda
kon	kon
mönstrades	mönstrades
hölja	hölja
kriget	kriget
huggen	huggen
räknades	räknades
fattat	fattat
utbyta	utbyta
blygas	blygas
förehava	förehava
stjäl	stjäl
skugga	skugga
främmande	främmande
utstakat	utstakat
vis	vis
omfånget	omfånget
Dennes	Dennes
mördare	mördare
befästas	befästas
bönerna	bönerna
mjölet	mjölet
övermodet	övermodet
brunnarna	brunnarna
fetma	fetma
upphöjt	upphöjt
förtrycka	förtrycka
hörda	hörda
brunnens	brunnens
handlar	handlar
dyrkades	dyrkades
upphöja	upphöja
förena	förena
spenabarnet	spenabarnet
huvudet	huvudet
täcktes	täcktes
fläkt	fläkt
låret	låret
nät	nät
namns	namns
hemsöka	hemsöka
Ana	Ana
dyrkar	dyrkar
markerna	markerna
spända	spända
anstiftade	anstiftade
logarna	logarna
rykte	rykte
travare	travare
tagen	tagen
byggnadsverk	byggnadsverk
försonade	försonade
anklagade	anklagade
stänkes	stänkes
tränges	tränges
göras	göras
fält	fält
bälte	bälte
gode	gode
hals	hals
Vårt	Vårt
pressade	pressade
skrivare	skrivare
slita	slita
sålde	sålde
uppdrag	uppdrag
snärja	snärja
besöka	besöka
ordspråket	ordspråket
miste	miste
invigen	invigen
åka	åka
byar	byar
ringas	ringas
gods	gods
ätes	ätes
minnes	minnes
blodbadet	blodbadet
hindrade	hindrade
rena	rena
buren	buren
inbyggare	inbyggare
sköte	sköte
svalkas	svalkas
vätt	vätt
utlysa	utlysa
hålla	hålla
axet	axet
omgives	omgives
bohag	bohag
nämnda	nämnda
kokt	kokt
förfara	förfara
blinde	blinde
förlikt	förlikt
vit	vit
fostrades	fostrades
släta	släta
lidandes	lidandes
stillade	stillade
upptecknade	upptecknade
väckes	väckes
stöta	stöta
efterfölja	efterfölja
förödes	förödes
utsatte	utsatte
eds	eds
förstörda	förstörda
våld	våld
marks	marks
hemsökt	hemsökt
slån	slån
altare	altare
skriva	skriva
täcka	täcka
skildes	skildes
förra	förra
värden	värden
skål	skål
vanna	vanna
mördande	mördande
mana	mana
övrigt	övrigt
Stället	Stället
tvagna	tvagna
Asaf	Asaf
torg	torg
give	give
skarpt	skarpt
ändamål	ändamål
palats	palats
fyllt	fyllt
tackade	tackade
svarande	svarande
inmönstrade	inmönstrade
Edens	Edens
följeslagare	följeslagare
betrycktas	betrycktas
gjuta	gjuta
stormade	stormade
bröllop	bröllop
förtorkades	förtorkades
skapades	skapades
kyssa	kyssa
förfares	förfares
spenabarn	spenabarn
sabbat	sabbat
berömde	berömde
hämtade	hämtade
slagna	slagna
ödmjukade	ödmjukade
löfte	löfte
borrade	borrade
beskäres	beskäres
Satan	Satan
tiger	tiger
skänkt	skänkt
vända	vända
lyfta	lyfta
moln	moln
skuggade	skuggade
lugnade	lugnade
betrycktes	betrycktes
gives	gives
vedergäll	vedergäll
tabernakel	tabernakel
ort	ort
släcka	släcka
fyllas	fyllas
drives	drives
bränna	bränna
Bered	Bered
vedergälle	vedergälle
syns	syns
inställa	inställa
använda	använda
tillfrisknade	tillfrisknade
byarna	byarna
ryggas	ryggas
avlat	avlat
tungas	tungas
brunne	brunne
frambär	frambär
sprida	sprida
upptagna	upptagna
spände	spände
pluggarna	pluggarna
armes	armes
Folket	Folket
bortförde	bortförde
räcken	räcken
utsläckt	utsläckt
fördriva	fördriva
stadgas	stadgas
beta	beta
smide	smide
förhindrades	förhindrades
Dans	Dans
ristade	ristade
berget	berget
sända	sända
format	format
trampa	trampa
Naftalis	Naftalis
lidande	lidande
dödades	dödades
förgjorda	förgjorda
Hebron	Hebron
träffades	träffades
fikonträdet	fikonträdet
betäcka	betäcka
väckt	väckt
eder	eder
daglönares	daglönares
vändes	vändes
skrapa	skrapa
upphäva	upphäva
kränkt	kränkt
träffas	träffas
avsatte	avsatte
seendes	seendes
vallar	vallar
kläda	kläda
Hagars	Hagars
bitens	bitens
fäste	fäste
berg	berg
förtäres	förtäres
bohaget	bohaget
gap	gap
fot	fot
Helt	Helt
falle	falle
fortfare	fortfare
tänka	tänka
förtära	förtära
förres	förres
dolda	dolda
lida	lida
omskäres	omskäres
sliten	sliten
kärvarna	kärvarna
läst	läst
