новорожденные	новорожденные
Матери	Матери
животные	животные
заколать	заколать
сироты	сироты
смертный	смертный
могла	могла
ходу	ходу
ожесточили	ожесточили
глухие	глухие
зданием	зданием
похвалить	похвалить
прославить	прославить
спешить	спешить
уговаривать	уговаривать
аспидов	аспидов
всесожжении	всесожжении
заграждай	заграждай
послужить	послужить
злою	злою
превозмогла	превозмогла
дрогнуло	дрогнуло
напоили	напоили
пчелы	пчелы
свекровь	свекровь
язвы	язвы
превознесем	превознесем
затрубили	затрубили
временные	временные
заговоришь	заговоришь
трубили	трубили
разным	разным
сии	сии
точил	точил
которое	которое
встали	встали
цвете	цвете
осени	осени
осквернить	осквернить
увещевать	увещевать
сокрушите	сокрушите
научили	научили
разгласили	разгласили
испытывали	испытывали
образую	образую
поникло	поникло
возлегло	возлегло
какое	какое
проповедуй	проповедуй
почитаете	почитаете
следовали	следовали
может	может
познают	познают
болотом	болотом
научить	научить
сердечным	сердечным
окропи	окропи
вносить	вносить
разгласите	разгласите
подбирай	подбирай
лицу	лицу
аспиды	аспиды
одет	одет
возбудить	возбудить
пило	пило
поем	поем
кадили	кадили
жало	жало
оправдай	оправдай
огорчить	огорчить
ступите	ступите
ворона	ворона
изменит	изменит
растянула	растянула
Свой	Свой
чужой	чужой
собранные	собранные
горькую	горькую
братьям	братьям
каплет	каплет
строила	строила
рассмотри	рассмотри
лесах	лесах
давали	давали
неверен	неверен
Твои	Твои
похороните	похороните
выросли	выросли
очистили	очистили
изменишь	изменишь
иссохли	иссохли
погубили	погубили
Возлюбленного	Возлюбленного
обвинить	обвинить
могло	могло
торжествуйте	торжествуйте
благоговели	благоговели
обветшала	обветшала
жилищах	жилищах
видали	видали
снимали	снимали
приняла	приняла
пожелал	пожелал
огорчился	огорчился
вознегодовал	вознегодовал
обгорело	обгорело
вскричал	вскричал
владычествовали	владычествовали
признаю	признаю
траве	траве
приклони	приклони
разделить	разделить
упросила	упросила
отступали	отступали
бабке	бабке
почитает	почитает
выломали	выломали
бел	бел
бить	бить
посвятили	посвятили
возьмет	возьмет
сказывали	сказывали
допускали	допускали
посвятила	посвятила
созвать	созвать
хотели	хотели
небом	небом
отрезать	отрезать
пугал	пугал
ослабеть	ослабеть
мешка	мешка
целых	целых
ожить	ожить
кадите	кадите
страшилищ	страшилищ
нечистые	нечистые
спрятать	спрятать
узнала	узнала
веке	веке
нечистых	нечистых
сожигает	сожигает
морем	морем
начало	начало
другою	другою
желали	желали
осадили	осадили
внимайте	внимайте
тысяче	тысяче
поноси	поноси
поступить	поступить
отличен	отличен
столом	столом
сострадать	сострадать
лица	лица
Боге	Боге
выносили	выносили
посмотрите	посмотрите
Иудину	Иудину
осенила	осенила
поядать	поядать
вороны	вороны
заставить	заставить
красных	красных
овну	овну
укрепить	укрепить
осмоли	осмоли
вспоминали	вспоминали
придворных	придворных
имеем	имеем
пьяные	пьяные
стражу	стражу
причинить	причинить
развязать	развязать
возложила	возложила
душу	душу
купили	купили
познаешь	познаешь
Благословите	Благословите
соделай	соделай
соблюдите	соблюдите
наполнила	наполнила
предшествовать	предшествовать
отпустим	отпустим
заразы	заразы
обратить	обратить
наложили	наложили
сними	сними
каждою	каждою
ступили	ступили
приведи	приведи
полюбила	полюбила
смутился	смутился
покровом	покровом
разодрали	разодрали
своем	своем
научен	научен
оскудели	оскудели
засохло	засохло
заняты	заняты
встретили	встретили
требуйте	требуйте
выслали	выслали
поднята	поднята
истощила	истощила
объяснили	объяснили
беременных	беременных
открытый	открытый
поспешив	поспешив
садили	садили
прислугу	прислугу
немой	немой
оскорбляли	оскорбляли
украсить	украсить
снега	снега
необрезан	необрезан
убогого	убогого
проклят	проклят
увеличился	увеличился
утопает	утопает
превозмогли	превозмогли
отлучить	отлучить
славила	славила
Свою	Свою
цветами	цветами
испекли	испекли
Будет	Будет
красного	красного
страшных	страшных
искушали	искушали
вес	вес
призови	призови
обходите	обходите
строят	строят
изрекали	изрекали
очистим	очистим
наполняйте	наполняйте
избить	избить
умудрить	умудрить
осудили	осудили
предавали	предавали
вся	вся
воссиять	воссиять
отделите	отделите
молодую	молодую
Самой	Самой
восхотели	восхотели
весом	весом
нечестием	нечестием
стоим	стоим
жемчугом	жемчугом
начать	начать
пил	пил
низринут	низринут
принесли	принесли
объясним	объясним
затыкали	затыкали
убитого	убитого
Господню	Господню
наследуешь	наследуешь
плече	плече
оных	оных
сидеть	сидеть
приказывала	приказывала
продолжала	продолжала
наполнили	наполнили
смешанного	смешанного
остановился	остановился
доходила	доходила
защитить	защитить
Какая	Какая
проходили	проходили
вином	вином
жаб	жаб
привозить	привозить
литые	литые
уничижали	уничижали
щади	щади
сверкающий	сверкающий
разбирать	разбирать
найдем	найдем
увеличить	увеличить
определить	определить
утаили	утаили
Ханаанскую	Ханаанскую
наставить	наставить
живого	живого
чадо	чадо
половиною	половиною
сделало	сделало
выбрасывайте	выбрасывайте
города	города
матерях	матерях
созывайте	созывайте
жребии	жребии
поняли	поняли
заколи	заколи
посмеянием	посмеянием
возмутился	возмутился
цели	цели
располагает	располагает
чудовища	чудовища
глаза	глаза
позвала	позвала
отяжелели	отяжелели
духи	духи
разбирайте	разбирайте
повис	повис
назидая	назидая
двумя	двумя
отгадали	отгадали
разделили	разделили
откормленные	откормленные
назидайте	назидайте
отходят	отходят
ночных	ночных
большую	большую
шестой	шестой
заходит	заходит
Слушайте	Слушайте
образовала	образовала
Нему	Нему
подкрепи	подкрепи
Сия	Сия
молотить	молотить
первого	первого
тесните	тесните
благодарив	благодарив
никакою	никакою
река	река
птенцах	птенцах
жабам	жабам
показали	показали
поднять	поднять
сидели	сидели
заплатите	заплатите
оробел	оробел
образом	образом
мирен	мирен
укрепи	укрепи
поцелую	поцелую
произнесли	произнесли
простирает	простирает
поехали	поехали
пророчествуй	пророчествуй
привели	привели
потаенном	потаенном
соли	соли
одушевленных	одушевленных
временное	временное
правым	правым
отпал	отпал
Тобой	Тобой
покоился	покоился
раскрыли	раскрыли
сими	сими
областеначальников	областеначальников
открытом	открытом
удержи	удержи
растянули	растянули
жертве	жертве
уцелело	уцелело
благословлять	благословлять
владычествовать	владычествовать
Самом	Самом
жару	жару
Которого	Которого
меньшие	меньшие
искусить	искусить
благ	благ
пьяного	пьяного
налагали	налагали
поя	поя
родословных	родословных
поселили	поселили
направили	направили
искать	искать
откормленный	откормленный
зла	зла
рыдали	рыдали
призывайте	призывайте
злаков	злаков
приняли	приняли
сразила	сразила
нехорошо	нехорошо
Христу	Христу
поясом	поясом
открытого	открытого
хочешь	хочешь
грешить	грешить
совратили	совратили
убитой	убитой
челе	челе
поправить	поправить
пробыли	пробыли
хромых	хромых
враждовать	враждовать
создали	создали
надели	надели
потерянною	потерянною
выбежали	выбежали
спустили	спустили
напоминайте	напоминайте
убитый	убитый
другую	другую
попускал	попускал
устрашился	устрашился
бич	бич
сохраняла	сохраняла
противостать	противостать
порядке	порядке
твоя	твоя
челах	челах
вороти	вороти
показывали	показывали
бесчестили	бесчестили
почетных	почетных
произносили	произносили
беременную	беременную
голоса	голоса
мало	мало
сокруши	сокруши
возлюбила	возлюбила
золота	золота
протяни	протяни
запри	запри
воспитанные	воспитанные
рулем	рулем
мучила	мучила
спросить	спросить
лицом	лицом
поступили	поступили
засохли	засохли
ожидать	ожидать
считай	считай
Сии	Сии
выходить	выходить
девяноста	девяноста
тайна	тайна
Хвали	Хвали
пары	пары
новой	новой
растила	растила
разорите	разорите
онемел	онемел
возмутили	возмутили
отправлять	отправлять
долга	долга
отлучился	отлучился
скакали	скакали
возлюбите	возлюбите
одну	одну
слепого	слепого
жертвах	жертвах
сестре	сестре
ночевать	ночевать
золото	золото
оказывайте	оказывайте
прокаженным	прокаженным
внимать	внимать
отягощали	отягощали
Раба	Раба
доходили	доходили
скрытые	скрытые
убегали	убегали
точиле	точиле
назидать	назидать
упоены	упоены
соверши	соверши
пощади	пощади
сошло	сошло
воспылали	воспылали
никакое	никакое
сделанной	сделанной
хвалить	хвалить
бери	бери
закричали	закричали
звала	звала
вступили	вступили
осквернила	осквернила
живом	живом
вызывающий	вызывающий
приносила	приносила
хотела	хотела
пронзила	пронзила
литое	литое
безумных	безумных
невеждам	невеждам
проклятые	проклятые
открыла	открыла
необрезанные	необрезанные
чужую	чужую
хромые	хромые
иссох	иссох
молодых	молодых
топтать	топтать
отпирали	отпирали
моем	моем
закрыла	закрыла
желчь	желчь
сравнить	сравнить
вложили	вложили
отвели	отвели
рога	рога
убили	убили
прозрел	прозрел
черного	черного
погубить	погубить
внутреннем	внутреннем
удерживали	удерживали
познайте	познайте
охраняющий	охраняющий
полированную	полированную
любить	любить
призрак	призрак
яви	яви
оборотили	оборотили
вспоминай	вспоминай
спрятала	спрятала
озере	озере
человеческой	человеческой
воскликнул	воскликнул
орудием	орудием
выносите	выносите
обитать	обитать
уходи	уходи
носили	носили
сковали	сковали
слепых	слепых
унизить	унизить
сладкою	сладкою
обветшало	обветшало
духов	духов
целую	целую
гуслист	гуслист
рассуди	рассуди
Матерь	Матерь
подумайте	подумайте
головою	головою
духам	духам
вопросили	вопросили
уничижила	уничижила
Бела	Бела
кидаре	кидаре
переправили	переправили
сатана	сатана
снохи	снохи
хочу	хочу
снискать	снискать
следующем	следующем
совершили	совершили
духовным	духовным
возлюбленной	возлюбленной
красный	красный
лукавым	лукавым
восходили	восходили
брак	брак
голодных	голодных
раздражен	раздражен
жило	жило
разделила	разделила
выводит	выводит
надевать	надевать
исследовали	исследовали
отплыли	отплыли
головах	головах
переносим	переносим
жилища	жилища
пролился	пролился
божества	божества
расслабленного	расслабленного
привозили	привозили
века	века
половины	половины
родившая	родившая
совершить	совершить
заграждать	заграждать
эти	эти
Буду	Буду
вдовою	вдовою
пухли	пухли
сухая	сухая
обновить	обновить
сам	сам
областеначальника	областеначальника
рубите	рубите
возлюбленную	возлюбленную
которые	которые
другое	другое
крестился	крестился
возделывали	возделывали
прилагать	прилагать
вопроси	вопроси
унизили	унизили
сей	сей
наняли	наняли
Приветствуй	Приветствуй
отвратите	отвратите
Которой	Которой
полагали	полагали
худа	худа
молодого	молодого
убогие	убогие
спит	спит
всходите	всходите
вылитая	вылитая
известили	известили
исходят	исходят
тверды	тверды
тысячами	тысячами
неради	неради
необрезанным	необрезанным
жилищам	жилищам
Надо	Надо
жары	жары
тысяченачальниками	тысяченачальниками
отдали	отдали
сопровождать	сопровождать
сберегите	сберегите
они	они
переменить	переменить
ожесточился	ожесточился
откажет	откажет
голубого	голубого
поносили	поносили
котором	котором
проходишь	проходишь
умирающий	умирающий
знаком	знаком
уступили	уступили
Возьму	Возьму
благовествуй	благовествуй
беззаконием	беззаконием
пронзили	пронзили
путевые	путевые
хромой	хромой
погреби	погреби
началом	началом
будут	будут
поместила	поместила
прогнали	прогнали
ваше	ваше
молчите	молчите
продали	продали
вспомнили	вспомнили
рассеянным	рассеянным
саранче	саранче
почитать	почитать
вызывать	вызывать
поручили	поручили
змей	змей
всем	всем
Явился	Явился
чем	чем
святую	святую
положила	положила
начертай	начертай
построила	построила
отстать	отстать
горькою	горькою
носите	носите
нынешнем	нынешнем
из	из
вы	вы
открыт	открыт
провозгласи	провозгласи
простирали	простирали
произноси	произноси
благословила	благословила
вопрошали	вопрошали
приветствуй	приветствуй
дай	дай
теснился	теснился
приветствовали	приветствовали
пила	пила
исцели	исцели
скрепить	скрепить
предупредили	предупредили
заколали	заколали
Тиром	Тиром
восстановили	восстановили
нарекла	нарекла
забытых	забытых
жив	жив
выполняйте	выполняйте
веруйте	веруйте
перебили	перебили
вмещать	вмещать
наполните	наполните
опустошен	опустошен
приступить	приступить
Сеном	Сеном
вин	вин
камня	камня
устремили	устремили
смущен	смущен
нашу	нашу
молотили	молотили
худом	худом
трогай	трогай
мешки	мешки
призвала	призвала
простираете	простираете
погрязли	погрязли
благодарить	благодарить
смешанной	смешанной
страху	страху
внутрь	внутрь
пожалел	пожалел
ними	ними
служанке	служанке
необрезанный	необрезанный
нечистой	нечистой
дороге	дороге
моли	моли
возлюбленным	возлюбленным
тысяченачальник	тысяченачальник
Велик	Велик
пища	пища
отдайте	отдайте
возненавидели	возненавидели
Тем	Тем
сводом	сводом
стража	стража
отступите	отступите
возлюбленных	возлюбленных
подкрепился	подкрепился
вонзила	вонзила
торжествуй	торжествуй
одержимого	одержимого
твердом	твердом
изгнали	изгнали
тому	тому
взяла	взяла
града	града
освети	освети
ухом	ухом
возьму	возьму
Духа	Духа
змею	змею
уповали	уповали
удалить	удалить
Будь	Будь
царя	царя
видите	видите
согрешали	согрешали
исцелить	исцелить
семи	семи
проклятую	проклятую
Адам	Адам
прокаженных	прокаженных
набрала	набрала
исполняй	исполняй
пол	пол
ела	ела
блуждать	блуждать
любимы	любимы
оправдать	оправдать
пожелали	пожелали
люби	люби
поношении	поношении
сохраните	сохраните
начинайте	начинайте
проклятых	проклятых
сошли	сошли
каждое	каждое
саранчою	саранчою
правою	правою
замечать	замечать
потерянной	потерянной
пожирала	пожирала
служи	служи
зарыдал	зарыдал
искусили	искусили
избавили	избавили
четвертою	четвертою
останови	останови
злак	злак
призывали	призывали
напасти	напасти
дать	дать
отпускать	отпускать
воспоминайте	воспоминайте
завещал	завещал
Вся	Вся
другие	другие
подними	подними
любили	любили
возлегли	возлегли
посетить	посетить
воплю	воплю
глухою	глухою
подняты	подняты
глядела	глядела
рождали	рождали
раздражили	раздражили
тайны	тайны
духу	духу
печи	печи
вынесли	вынесли
венца	венца
призванные	призванные
возлюбленный	возлюбленный
отпустить	отпустить
узнает	узнает
управляй	управляй
тьма	тьма
узнаешь	узнаешь
ослепила	ослепила
изо	изо
хотите	хотите
изливать	изливать
крыло	крыло
мертвого	мертвого
схватите	схватите
увела	увела
свекрови	свекрови
покрыла	покрыла
затыкает	затыкает
призвали	призвали
животного	животного
заговорит	заговорит
смотрите	смотрите
спросила	спросила
осмолила	осмолила
воспойте	воспойте
испытанного	испытанного
отвозили	отвозили
путевой	путевой
вышли	вышли
прям	прям
скала	скала
воспела	воспела
вскормила	вскормила
богатый	богатый
поручен	поручен
манна	манна
приводили	приводили
обитаем	обитаем
обещать	обещать
прожил	прожил
обгорелою	обгорелою
ведите	ведите
возроптали	возроптали
светить	светить
смирите	смирите
захватили	захватили
сладкие	сладкие
простить	простить
испортите	испортите
звезд	звезд
стоишь	стоишь
положи	положи
семействе	семействе
возлагай	возлагай
нагою	нагою
выведите	выведите
открытое	открытое
сходишь	сходишь
пой	пой
возвращен	возвращен
пчеле	пчеле
наушник	наушник
хвалите	хвалите
открыто	открыто
кончен	кончен
жившая	жившая
известила	известила
зелени	зелени
возгласите	возгласите
возгласи	возгласи
весу	весу
померкло	померкло
преследовать	преследовать
Дина	Дина
наказывали	наказывали
дворе	дворе
возливали	возливали
затворила	затворила
сокрытой	сокрытой
приложили	приложили
прочитай	прочитай
приветствовал	приветствовал
страшился	страшился
сели	сели
родила	родила
помышляйте	помышляйте
ночное	ночное
отступили	отступили
иных	иных
прельстить	прельстить
отходить	отходить
храни	храни
ожесточите	ожесточите
приняты	приняты
воротился	воротился
созрела	созрела
своротить	своротить
позвать	позвать
смешанный	смешанный
избавляйте	избавляйте
по	по
беззаконии	беззаконии
возвестили	возвестили
Нем	Нем
простираешь	простираешь
областеначальнику	областеначальнику
разбили	разбили
истощился	истощился
откажу	откажу
доносят	доносят
развязала	развязала
внуки	внуки
явить	явить
святых	святых
сказала	сказала
немые	немые
сделала	сделала
нему	нему
лесу	лесу
чтите	чтите
люди	люди
Бога	Бога
свободные	свободные
нечистоте	нечистоте
дополнить	дополнить
Будут	Будут
доставляла	доставляла
впереди	впереди
помет	помет
Вил	Вил
приветствуйте	приветствуйте
несмысленный	несмысленный
можешь	можешь
чудных	чудных
простите	простите
твердым	твердым
Может	Может
заключили	заключили
отягощай	отягощай
сестры	сестры
изнеженную	изнеженную
спрашивали	спрашивали
реке	реке
брали	брали
Христе	Христе
целовать	целовать
испытывайте	испытывайте
судить	судить
принятые	принятые
варите	варите
собранный	собранный
правые	правые
всесожжением	всесожжением
отказал	отказал
заклятым	заклятым
образ	образ
запрети	запрети
образе	образе
исчисли	исчисли
пребывать	пребывать
стражам	стражам
решился	решился
медлите	медлите
овце	овце
набрали	набрали
леса	леса
убедила	убедила
молодым	молодым
вешать	вешать
проходите	проходите
дорогою	дорогою
другого	другого
поступите	поступите
областеначальником	областеначальником
пух	пух
исцеляла	исцеляла
похвалили	похвалили
натянули	натянули
скрыла	скрыла
открывать	открывать
свободного	свободного
исчислить	исчислить
искало	искало
обманула	обманула
ней	ней
больше	больше
померк	померк
впал	впал
лег	лег
спите	спите
собирать	собирать
добра	добра
вами	вами
одре	одре
победить	победить
сделанный	сделанный
дайте	дайте
захотела	захотела
смертного	смертного
узнайте	узнайте
подносили	подносили
царскою	царскою
уснуть	уснуть
наги	наги
достать	достать
приносили	приносили
терафимов	терафимов
высохли	высохли
меньшая	меньшая
истребить	истребить
Богом	Богом
здании	здании
реки	реки
разводите	разводите
приходите	приходите
подкрепить	подкрепить
иные	иные
юношах	юношах
аспидом	аспидом
самым	самым
право	право
рассвирепел	рассвирепел
языку	языку
произнеси	произнеси
уменьшить	уменьшить
победили	победили
известить	известить
назвала	назвала
рождать	рождать
предстал	предстал
выносит	выносит
каком	каком
разреши	разреши
отвела	отвела
замышляли	замышляли
Которым	Которым
уходили	уходили
умножила	умножила
возненавидела	возненавидела
святою	святою
мстили	мстили
собирай	собирай
назидается	назидается
стражами	стражами
раздавить	раздавить
замечайте	замечайте
Души	Души
вытру	вытру
осматривали	осматривали
прибыла	прибыла
посохом	посохом
поселился	поселился
обвязывать	обвязывать
хочет	хочет
открой	открой
обитали	обитали
жабах	жабах
оном	оном
жабами	жабами
привалив	привалив
постигла	постигла
торгу	торгу
граду	граду
снисходить	снисходить
уведомили	уведомили
населенный	населенный
освяти	освяти
сделанным	сделанным
дух	дух
родным	родным
хвалился	хвалился
покрыли	покрыли
Какой	Какой
познать	познать
запрудите	запрудите
будет	будет
облегчить	облегчить
обличать	обличать
счет	счет
молоком	молоком
твердые	твердые
выходи	выходи
ослабевать	ослабевать
половинах	половинах
сожигают	сожигают
палит	палит
обличились	обличились
чьи	чьи
отпали	отпали
лиц	лиц
Моисеевы	Моисеевы
онемеешь	онемеешь
сажали	сажали
пухла	пухла
первым	первым
входить	входить
перехватите	перехватите
приехали	приехали
нашем	нашем
рабе	рабе
бесноватые	бесноватые
выпал	выпал
отнесла	отнесла
замесила	замесила
вечере	вечере
говорили	говорили
тварь	тварь
Твой	Твой
кормила	кормила
долги	долги
самый	самый
замолчи	замолчи
столпом	столпом
приношением	приношением
привить	привить
смешанною	смешанною
паре	паре
сухою	сухою
исполним	исполним
свободных	свободных
отняты	отняты
уцелел	уцелел
пройди	пройди
выдать	выдать
принужден	принужден
правосудием	правосудием
расти	расти
потаенного	потаенного
нею	нею
обнажи	обнажи
родился	родился
имеет	имеет
испеки	испеки
уходят	уходят
надел	надел
постанови	постанови
Тире	Тире
видим	видим
вари	вари
бедным	бедным
молчали	молчали
произошли	произошли
голодные	голодные
Израилеву	Израилеву
каплют	каплют
страж	страж
Самая	Самая
Своем	Своем
берем	берем
получила	получила
просили	просили
отпустили	отпустили
морскую	морскую
звать	звать
отходила	отходила
приняло	приняло
этой	этой
решали	решали
замерло	замерло
кричите	кричите
немногие	немногие
чужое	чужое
своротила	своротила
купи	купи
охраняйте	охраняйте
чести	чести
твари	твари
страдали	страдали
обратите	обратите
крестить	крестить
негодованием	негодованием
разбогатеть	разбогатеть
подняла	подняла
отыщите	отыщите
пожалуй	пожалуй
тверда	тверда
встретить	встретить
воздали	воздали
умертви	умертви
удивлении	удивлении
малым	малым
пленный	пленный
поселить	поселить
родившие	родившие
тысяча	тысяча
честные	честные
выливайте	выливайте
нечистоту	нечистоту
страшилищем	страшилищем
ослабели	ослабели
свету	свету
выстрелили	выстрелили
черта	черта
рождайте	рождайте
поглотить	поглотить
жернов	жернов
божеству	божеству
злом	злом
утром	утром
приготовить	приготовить
услышите	услышите
составить	составить
лице	лице
вступали	вступали
заходи	заходи
сварите	сварите
попускаешь	попускаешь
жертвою	жертвою
простирал	простирал
сравните	сравните
обольстила	обольстила
признают	признают
уразумел	уразумел
определили	определили
новым	новым
Душа	Душа
возлюбленною	возлюбленною
пересчитайте	пересчитайте
духа	духа
онемело	онемело
стеснен	стеснен
которых	которых
сохранить	сохранить
дерзновением	дерзновением
оцепенением	оцепенением
расслабленные	расслабленные
голою	голою
изнеженная	изнеженная
хромым	хромым
жернова	жернова
возросло	возросло
сходили	сходили
чужд	чужд
тень	тень
спешит	спешит
вела	вела
судите	судите
подтверди	подтверди
наш	наш
благослови	благослови
забыли	забыли
пар	пар
отступить	отступить
изливали	изливали
пребывайте	пребывайте
унывали	унывали
Лазаря	Лазаря
умер	умер
дворами	дворами
поговорить	поговорить
произносила	произносила
домом	домом
блуди	блуди
собирали	собирали
больного	больного
убийстве	убийстве
уповайте	уповайте
варили	варили
нарушали	нарушали
благословляйте	благословляйте
низком	низком
сложить	сложить
избивать	избивать
входили	входили
истуканом	истуканом
жертвы	жертвы
поднято	поднято
спрашивай	спрашивай
оставила	оставила
растили	растили
Над	Над
воле	воле
воскликнули	воскликнули
ослепили	ослепили
защищать	защищать
раздражали	раздражали
переходят	переходят
поносить	поносить
последуйте	последуйте
исчислите	исчислите
почерпнули	почерпнули
одела	одела
выливай	выливай
жертв	жертв
остановить	остановить
сим	сим
воспитанный	воспитанный
забирали	забирали
похулили	похулили
похули	похули
твердо	твердо
кончили	кончили
придворным	придворным
воспой	воспой
проезжал	проезжал
выслать	выслать
окружить	окружить
прилагай	прилагай
принята	принята
отплыл	отплыл
покрой	покрой
выстроили	выстроили
отложили	отложили
моя	моя
бог	бог
держи	держи
настаивал	настаивал
скоту	скоту
призывать	призывать
окончи	окончи
отменить	отменить
потерпела	потерпела
предложи	предложи
удерживать	удерживать
тысяченачальники	тысяченачальники
славили	славили
округ	округ
пили	пили
принимали	принимали
числе	числе
тысячам	тысячам
стояла	стояла
сложили	сложили
душа	душа
Свои	Свои
одетым	одетым
красоту	красоту
спроси	спроси
воспоминать	воспоминать
болоте	болоте
обвязывай	обвязывай
льстить	льстить
Кис	Кис
налагала	налагала
несмысленным	несмысленным
заплатили	заплатили
полагай	полагай
утвердился	утвердился
предсказывали	предсказывали
мутите	мутите
узнаете	узнаете
сказали	сказали
низложи	низложи
молодом	молодом
жали	жали
козлам	козлам
пересказывай	пересказывай
мертвою	мертвою
положили	положили
чья	чья
главу	главу
навыком	навыком
сами	сами
управляли	управляли
переночевать	переночевать
затрепетал	затрепетал
козлах	козлах
избрали	избрали
приношении	приношении
слушала	слушала
духом	духом
ваши	ваши
стерегла	стерегла
обличи	обличи
поядал	поядал
закричал	закричал
вели	вели
подражать	подражать
призванным	призванным
согласного	согласного
благословили	благословили
заключите	заключите
говори	говори
подносят	подносят
пристал	пристал
проповедуйте	проповедуйте
проезжая	проезжая
уступи	уступи
украсила	украсила
Словом	Словом
Какое	Какое
потонули	потонули
Апостол	Апостол
срубить	срубить
взывали	взывали
оказала	оказала
отошлите	отошлите
признает	признает
плату	плату
выкупить	выкупить
сухую	сухую
малы	малы
переспим	переспим
оказывать	оказывать
ходи	ходи
прямых	прямых
усилить	усилить
неправы	неправы
привезла	привезла
воспели	воспели
возрос	возрос
проклятого	проклятого
внимали	внимали
птичка	птичка
оплакивала	оплакивала
твори	твори
сожигали	сожигали
голов	голов
зле	зле
над	над
наушника	наушника
обличить	обличить
манною	манною
торга	торга
сохрани	сохрани
какой	какой
нем	нем
подарила	подарила
творите	творите
козлу	козлу
преследуйте	преследуйте
наполнился	наполнился
поговорив	поговорив
старейшинах	старейшинах
рассуждали	рассуждали
погрешите	погрешите
завладел	завладел
тьмы	тьмы
мытаря	мытаря
птичкою	птичкою
веса	веса
рассеянного	рассеянного
звездах	звездах
половине	половине
посети	посети
молока	молока
выстроить	выстроить
неверным	неверным
превозносили	превозносили
выступили	выступили
завещеваю	завещеваю
чужды	чужды
левши	левши
мех	мех
созрели	созрели
отсек	отсек
убедили	убедили
наполнить	наполнить
небольшой	небольшой
человеческую	человеческую
каждая	каждая
накормили	накормили
владели	владели
самых	самых
Сам	Сам
чьем	чьем
добре	добре
Возлюбленном	Возлюбленном
подкрепили	подкрепили
Велики	Велики
блаженный	блаженный
растить	растить
трава	трава
припал	припал
десятой	десятой
покрывали	покрывали
расслабленный	расслабленный
добыче	добыче
почетном	почетном
страже	страже
начерпала	начерпала
рассудить	рассудить
презирали	презирали
сковать	сковать
решите	решите
освободился	освободился
вознегодовали	вознегодовали
верхом	верхом
Царя	Царя
оставляли	оставляли
распознать	распознать
управлять	управлять
закрой	закрой
выдавай	выдавай
счете	счете
восклицали	восклицали
ставить	ставить
выпали	выпали
утопать	утопать
множеством	множеством
передвигают	передвигают
Галилейской	Галилейской
преданный	преданный
щадите	щадите
бога	бога
смело	смело
какая	какая
нагой	нагой
враждовали	враждовали
проводили	проводили
целовали	целовали
утомленного	утомленного
заперла	заперла
вторых	вторых
окончить	окончить
умышляли	умышляли
простирай	простирай
известите	известите
тысячу	тысячу
проток	проток
омыть	омыть
воскурить	воскурить
хотим	хотим
всходили	всходили
сохранили	сохранили
оставить	оставить
уходит	уходит
отлучите	отлучите
сходи	сходи
мешке	мешке
открытых	открытых
закрою	закрою
согрешив	согрешив
отяготили	отяготили
почитали	почитали
досадовать	досадовать
говорила	говорила
своя	своя
вредить	вредить
таланту	таланту
притворился	притворился
возопили	возопили
граде	граде
отпусти	отпусти
вострепетал	вострепетал
Тобою	Тобою
навык	навык
Богов	Богов
делали	делали
переносить	переносить
наклони	наклони
истребила	истребила
предупреди	предупреди
сынах	сынах
объявить	объявить
свои	свои
одолело	одолело
котлом	котлом
пропали	пропали
Начало	Начало
мне	мне
Даном	Даном
родили	родили
молила	молила
опьянел	опьянел
слышали	слышали
обнажен	обнажен
оскверните	оскверните
Слове	Слове
отцов	отцов
вили	вили
любимое	любимое
избранный	избранный
прибыл	прибыл
блудила	блудила
отложи	отложи
кидару	кидару
познаю	познаю
раздели	раздели
пели	пели
землетрясении	землетрясении
скованного	скованного
помните	помните
тысяченачальников	тысяченачальников
благодарите	благодарите
тысяченачальника	тысяченачальника
презирайте	презирайте
десяти	десяти
почитаю	почитаю
любимую	любимую
Мой	Мой
лишили	лишили
потекло	потекло
наклонили	наклонили
соделала	соделала
пробыла	пробыла
одолели	одолели
отнесли	отнесли
исправлять	исправлять
мытарь	мытарь
священнодействовать	священнодействовать
утомился	утомился
следовать	следовать
добычу	добычу
подстерегали	подстерегали
восклицать	восклицать
произошло	произошло
вывези	вывези
наследует	наследует
языков	языков
усилили	усилили
кадила	кадила
тленным	тленным
фараону	фараону
подчинился	подчинился
другой	другой
второй	второй
фараона	фараона
выгнать	выгнать
значила	значила
спорили	спорили
откройте	откройте
поразите	поразите
сходите	сходите
внушить	внушить
навестить	навестить
Божием	Божием
страсть	страсть
которая	которая
избило	избило
переночевали	переночевали
скот	скот
защити	защити
Господнем	Господнем
превозносить	превозносить
человекоубийц	человекоубийц
твердая	твердая
которой	которой
взяло	взяло
приложите	приложите
добыча	добыча
отвори	отвори
рабах	рабах
презирать	презирать
думайте	думайте
вторым	вторым
Новы	Новы
половина	половина
нареки	нареки
желало	желало
обрела	обрела
нага	нага
заходить	заходить
больные	больные
богов	богов
язвами	язвами
прибавлять	прибавлять
был	был
родишь	родишь
знакомых	знакомых
сем	сем
возносить	возносить
стоит	стоит
похитить	похитить
допускала	допускала
дворах	дворах
Сделали	Сделали
петли	петли
Киса	Киса
выдайте	выдайте
укреплять	укреплять
начинали	начинали
Цари	Цари
мою	мою
месте	месте
почтить	почтить
первых	первых
дал	дал
изливай	изливай
восстановить	восстановить
нашла	нашла
слушали	слушали
думать	думать
Христа	Христа
затрепетали	затрепетали
отсчитай	отсчитай
пропасти	пропасти
пути	пути
ослабела	ослабела
проклинайте	проклинайте
выпало	выпало
левый	левый
составляли	составляли
исполнила	исполнила
осматривать	осматривать
Царю	Царю
обесчестить	обесчестить
покрывала	покрывала
пожалели	пожалели
нам	нам
Одного	Одного
собирайте	собирайте
произвело	произвело
обручу	обручу
какие	какие
населенного	населенного
призраку	призраку
мыслите	мыслите
сварили	сварили
значить	значить
оказывали	оказывали
Дух	Дух
уставом	уставом
твой	твой
пернатые	пернатые
верить	верить
доброю	доброю
утешился	утешился
царю	царю
послужив	послужив
терафимы	терафимы
варить	варить
прославляли	прославляли
живой	живой
жили	жили
давиром	давиром
дозволяй	дозволяй
очистился	очистился
затрубите	затрубите
се	се
перестали	перестали
пищи	пищи
наг	наг
пересказала	пересказала
судился	судился
грабить	грабить
уподобить	уподобить
тельцов	тельцов
главы	главы
иное	иное
опротивело	опротивело
берет	берет
снохе	снохе
сразился	сразился
давира	давира
мой	мой
саранчу	саранчу
рассмотрите	рассмотрите
избавлять	избавлять
славить	славить
золоте	золоте
сия	сия
соделается	соделается
освободить	освободить
умертвила	умертвила
подходили	подходили
отослать	отослать
глазом	глазом
приклонить	приклонить
принудили	принудили
превозносите	превозносите
звезда	звезда
отличить	отличить
посмеянии	посмеянии
Реву	Реву
разграбить	разграбить
изменить	изменить
спорите	спорите
святая	святая
оценили	оценили
молите	молите
Самый	Самый
постыдился	постыдился
козлами	козлами
хотел	хотел
звали	звали
обозреть	обозреть
посетили	посетили
попросили	попросили
гвозди	гвозди
снабдили	снабдили
неправ	неправ
языке	языке
минуло	минуло
возливайте	возливайте
приветствуете	приветствуете
вина	вина
кровопролитием	кровопролитием
взалкали	взалкали
прямые	прямые
отнеси	отнеси
бывшую	бывшую
помилуй	помилуй
жертвами	жертвами
вводите	вводите
жала	жала
слушающий	слушающий
зарыдали	зарыдали
лев	лев
наши	наши
внушили	внушили
сверх	сверх
священнодействовали	священнодействовали
мозгом	мозгом
созывать	созывать
совершила	совершила
тьмою	тьмою
язв	язв
навести	навести
шипа	шипа
причинили	причинили
возвести	возвести
видимо	видимо
тьму	тьму
прожили	прожили
порти	порти
злословили	злословили
дохни	дохни
дали	дали
избранное	избранное
поразили	поразили
отнимите	отнимите
скотом	скотом
меча	меча
бедных	бедных
представлять	представлять
избирай	избирай
козлы	козлы
похитили	похитили
крылом	крылом
честным	честным
внуши	внуши
запретили	запретили
плачем	плачем
принять	принять
великой	великой
влез	влез
духовных	духовных
травы	травы
хулить	хулить
нехороша	нехороша
сбить	сбить
погнали	погнали
переноси	переноси
рад	рад
пьем	пьем
Это	Это
уговорить	уговорить
утомили	утомили
петь	петь
желающий	желающий
сажен	сажен
претерпеть	претерпеть
продолжай	продолжай
низринь	низринь
сделали	сделали
изумился	изумился
уразумели	уразумели
саранчи	саранчи
велик	велик
схватили	схватили
превратили	превратили
смешанное	смешанное
били	били
поставить	поставить
закрыли	закрыли
прикрепи	прикрепи
явился	явился
принадлежащую	принадлежащую
постыдить	постыдить
испортили	испортили
золотого	золотого
облаком	облаком
начерпали	начерпали
золотою	золотою
бегите	бегите
призванный	призванный
находился	находился
выслушали	выслушали
сейте	сейте
мозгов	мозгов
любила	любила
раздавали	раздавали
наступив	наступив
утешить	утешить
верх	верх
окружите	окружите
медлили	медлили
необрезанных	необрезанных
котлов	котлов
распростерла	распростерла
небольшую	небольшую
рубить	рубить
захватила	захватила
показать	показать
какую	какую
рассказывайте	рассказывайте
твою	твою
наставили	наставили
учился	учился
предали	предали
мной	мной
нашли	нашли
начале	начале
сокрушить	сокрушить
избрала	избрала
засохла	засохла
местом	местом
возьмем	возьмем
затворите	затворите
молодой	молодой
Божию	Божию
прислуги	прислуги
платите	платите
будешь	будешь
поднят	поднят
сожигай	сожигай
восстал	восстал
шестом	шестом
Вила	Вила
слушай	слушай
прекрати	прекрати
благоговеть	благоговеть
схватить	схватить
выдавать	выдавать
раба	раба
открывай	открывай
Моисеевой	Моисеевой
соделает	соделает
излить	излить
имевшие	имевшие
ободри	ободри
весах	весах
воронам	воронам
позавидовали	позавидовали
приветствуют	приветствуют
хромого	хромого
имущество	имущество
Дан	Дан
отсеки	отсеки
преступлении	преступлении
возвратить	возвратить
страх	страх
бесовской	бесовской
наследуйте	наследуйте
начали	начали
срамили	срамили
внука	внука
коленом	коленом
засыпали	засыпали
иною	иною
вороной	вороной
отсчитать	отсчитать
несмысленные	несмысленные
извести	извести
посадили	посадили
стеснили	стеснили
поправили	поправили
замедлить	замедлить
возливай	возливай
проклинай	проклинай
порядку	порядку
посылать	посылать
страшным	страшным
насадила	насадила
беременным	беременным
мстите	мстите
отворить	отворить
сирота	сирота
страшные	страшные
сокрытые	сокрытые
удерживайте	удерживайте
подбирала	подбирала
век	век
соляным	соляным
одру	одру
поникли	поникли
помни	помни
поместить	поместить
наступите	наступите
разбросайте	разбросайте
завладейте	завладейте
чужою	чужою
меньше	меньше
кадить	кадить
давили	давили
взалкал	взалкал
оставлять	оставлять
полу	полу
бабкам	бабкам
немало	немало
устав	устав
накорми	накорми
жертву	жертву
переходит	переходит
выбросили	выбросили
помышляли	помышляли
блаженных	блаженных
открытою	открытою
погребали	погребали
возьмете	возьмете
затворили	затворили
точила	точила
имеешь	имеешь
правосудии	правосудии
рабы	рабы
матери	матери
раздражите	раздражите
унизился	унизился
подумали	подумали
призванных	призванных
приготовила	приготовила
исцеляйте	исцеляйте
миру	миру
родить	родить
слушайте	слушайте
забирать	забирать
покрывало	покрывало
захотели	захотели
собрать	собрать
посрамить	посрамить
подложили	подложили
Иудиной	Иудиной
грабили	грабили
рабу	рабу
красоты	красоты
дщери	дщери
слушало	слушало
одержимый	одержимый
поднимали	поднимали
похорони	похорони
благо	благо
сотворите	сотворите
разрушить	разрушить
язычески	язычески
обманули	обманули
начала	начала
носила	носила
слеп	слеп
входите	входите
второе	второе
добром	добром
Приветствует	Приветствует
фараоне	фараоне
расслабленным	расслабленным
издерживали	издерживали
Мои	Мои
глухой	глухой
путем	путем
возложить	возложить
скрепился	скрепился
терафима	терафима
распростерли	распростерли
разодрала	разодрала
Стану	Стану
теснили	теснили
посмотри	посмотри
окончила	окончила
белом	белом
словом	словом
выкопали	выкопали
Хочешь	Хочешь
невежды	невежды
сходим	сходим
разложили	разложили
нечестии	нечестии
разложите	разложите
терпим	терпим
объяви	объяви
терафим	терафим
обгорели	обгорели
подкрепите	подкрепите
раскрыла	раскрыла
палить	палить
исследуй	исследуй
услышали	услышали
растаяли	растаяли
Который	Который
получили	получили
находили	находили
напился	напился
исполните	исполните
восклицайте	восклицайте
твердую	твердую
превратить	превратить
отказать	отказать
лежите	лежите
Силом	Силом
сокрытый	сокрытый
выпросили	выпросили
Ханаанскою	Ханаанскою
принимала	принимала
венце	венце
вопрошающий	вопрошающий
затворит	затворит
управляем	управляем
почти	почти
отходите	отходите
оскудела	оскудела
пожирать	пожирать
живые	живые
служить	служить
новые	новые
блудили	блудили
бросить	бросить
наложите	наложите
подарили	подарили
сосчитай	сосчитай
Христом	Христом
превратился	превратился
самой	самой
пострадать	пострадать
приходили	приходили
намерен	намерен
упали	упали
чтобы	чтобы
просите	просите
свитке	свитке
питать	питать
согрешить	согрешить
Духе	Духе
снегу	снегу
купите	купите
старое	старое
приучила	приучила
больных	больных
имеют	имеют
появлением	появлением
твердой	твердой
белых	белых
святые	святые
схоронили	схоронили
убийц	убийц
постиг	постиг
язве	язве
овладеть	овладеть
умолять	умолять
отвалит	отвалит
найди	найди
влезли	влезли
ударила	ударила
пострадал	пострадал
целом	целом
избирали	избирали
кормите	кормите
ввела	ввела
силу	силу
иссохло	иссохло
возлагать	возлагать
выросло	выросло
творила	творила
Дину	Дину
красоте	красоте
прозрели	прозрели
было	было
рубили	рубили
богатых	богатых
занятые	занятые
выпросился	выпросился
выходите	выходите
бока	бока
пребыли	пребыли
носился	носился
письмом	письмом
переносит	переносит
обгорел	обгорел
бедные	бедные
отправляйте	отправляйте
воспрепятствовал	воспрепятствовал
дорогой	дорогой
строился	строился
упоминать	упоминать
поставили	поставили
заколите	заколите
пригласите	пригласите
замер	замер
нерадите	нерадите
откормленного	откормленного
сверху	сверху
нечиста	нечиста
расслабленных	расслабленных
темным	темным
прочитайте	прочитайте
переходи	переходи
предложить	предложить
заграждали	заграждали
покрывал	покрывал
чудное	чудное
отдало	отдало
покройте	покройте
стену	стену
поддерживали	поддерживали
восполнить	восполнить
звездам	звездам
призовем	призовем
ревнуйте	ревнуйте
который	который
повод	повод
голодным	голодным
отважился	отважился
вытащить	вытащить
ожил	ожил
соделал	соделал
копали	копали
прямым	прямым
разрешите	разрешите
почиет	почиет
встречали	встречали
избранная	избранная
сатаною	сатаною
сторожам	сторожам
долгом	долгом
выбросите	выбросите
счета	счета
отрезали	отрезали
утаить	утаить
ненадежно	ненадежно
заколал	заколал
встречу	встречу
отнятого	отнятого
ударить	ударить
познали	познали
разбудить	разбудить
всякой	всякой
выходишь	выходишь
тысяченачальнику	тысяченачальнику
зеленого	зеленого
показывать	показывать
испытанный	испытанный
небе	небе
возвысился	возвысился
богах	богах
возделывать	возделывать
блудодействуя	блудодействуя
сожигания	сожигания
открытой	открытой
времени	времени
поразить	поразить
показывай	показывай
обнови	обнови
возбуди	возбуди
мести	мести
белою	белою
возьмут	возьмут
почиешь	почиешь
покров	покров
пленили	пленили
взял	взял
составился	составился
разделился	разделился
покрою	покрою
воевать	воевать
постыди	постыди
заплати	заплати
любимым	любимым
сходят	сходят
возмутить	возмутить
языком	языком
сокрыт	сокрыт
отвален	отвален
попускаете	попускаете
любимый	любимый
претерпели	претерпели
исцелился	исцелился
счетом	счетом
предавайте	предавайте
язвою	язвою
самом	самом
возвысили	возвысили
называйте	называйте
очищен	очищен
влекла	влекла
божество	божество
несмысленного	несмысленного
провожу	провожу
человеческою	человеческою
требовать	требовать
большого	большого
разделите	разделите
садился	садился
принимай	принимай
овнов	овнов
уразуметь	уразуметь
награбило	награбило
смели	смели
изгоняйте	изгоняйте
взывать	взывать
утвердить	утвердить
запрет	запрет
среды	среды
избавить	избавить
гумном	гумном
превознесли	превознесли
матерь	матерь
сию	сию
мои	мои
последовать	последовать
Лазарь	Лазарь
порядка	порядка
последовали	последовали
опустили	опустили
отними	отними
слове	слове
мертвым	мертвым
выходят	выходят
оказать	оказать
родит	родит
отдала	отдала
каждый	каждый
умирали	умирали
соделались	соделались
пустою	пустою
жилищами	жилищами
роптать	роптать
Слушай	Слушай
имущества	имущества
производили	производили
областеначальник	областеначальник
хром	хром
язву	язву
заставили	заставили
осудить	осудить
жила	жила
разбился	разбился
ослабевайте	ослабевайте
предавай	предавай
Сила	Сила
обложила	обложила
пьяною	пьяною
находит	находит
благочестием	благочестием
потускли	потускли
чужая	чужая
смутили	смутили
обещал	обещал
Святым	Святым
вложи	вложи
допускать	допускать
истукану	истукану
сторожу	сторожу
приблизился	приблизился
соделаю	соделаю
наказывай	наказывай
петля	петля
лесом	лесом
сила	сила
поглотили	поглотили
лукавых	лукавых
новорожденного	новорожденного
горды	горды
желай	желай
засевай	засевай
завтрашнему	завтрашнему
выстрели	выстрели
желала	желала
томился	томился
лишить	лишить
возложите	возложите
расположите	расположите
обходили	обходили
Мою	Мою
животных	животных
заклятое	заклятое
утверди	утверди
среду	среду
схватила	схватила
привезли	привезли
птичку	птичку
научился	научился
обирай	обирай
поверить	поверить
беременною	беременною
возвращали	возвращали
прокаженные	прокаженные
появлении	появлении
чью	чью
само	само
судив	судив
черных	черных
уснули	уснули
вымерла	вымерла
устранили	устранили
бичом	бичом
приступили	приступили
мною	мною
требовали	требовали
свободный	свободный
убитою	убитою
это	это
избивали	избивали
фараонов	фараонов
укрепился	укрепился
превозносился	превозносился
кругу	кругу
отдели	отдели
ехидны	ехидны
тысячах	тысячах
заколают	заколают
пояса	пояса
умерли	умерли
отяжелело	отяжелело
преуспевали	преуспевали
наливала	наливала
предложила	предложила
представляла	представляла
возвеличился	возвеличился
царствовали	царствовали
Силу	Силу
Приветствуют	Приветствуют
глядеть	глядеть
продай	продай
умерщвляй	умерщвляй
подбирать	подбирать
обрели	обрели
пророчеством	пророчеством
исследовать	исследовать
странствующий	странствующий
расположен	расположен
отнята	отнята
исправили	исправили
доказать	доказать
двум	двум
войска	войска
осадить	осадить
возносите	возносите
нынешнему	нынешнему
Будете	Будете
отыщи	отыщи
награбили	награбили
побивали	побивали
козлов	козлов
тысяченачальникам	тысяченачальникам
разорить	разорить
перейди	перейди
живых	живых
оставляйте	оставляйте
мысли	мысли
протянут	протянут
горькие	горькие
ненавидели	ненавидели
принесло	принесло
увещевай	увещевай
повороти	повороти
укрепите	укрепите
ревнуй	ревнуй
приклоните	приклоните
скверною	скверною
сожигать	сожигать
отпустите	отпустите
разграбили	разграбили
голосом	голосом
большая	большая
звезде	звезде
возвеличить	возвеличить
отличился	отличился
возлег	возлег
уразумейте	уразумейте
пьяным	пьяным
зеленых	зеленых
узнаю	узнаю
которого	которого
судили	судили
благодарили	благодарили
водить	водить
исполнился	исполнился
благую	благую
спросили	спросили
благотворите	благотворите
сосчитать	сосчитать
принесем	принесем
подражайте	подражайте
столах	столах
положен	положен
выводить	выводить
Тысячу	Тысячу
нечистою	нечистою
исправить	исправить
омывали	омывали
перемените	перемените
людях	людях
преклонился	преклонился
бесноватый	бесноватый
посвятите	посвятите
соблазнили	соблазнили
написанные	написанные
раздирающий	раздирающий
устраните	устраните
тверди	тверди
благословляй	благословляй
камнем	камнем
принимать	принимать
девяносто	девяносто
убийце	убийце
смутить	смутить
блудодействуют	блудодействуют
находила	находила
одолела	одолела
открыть	открыть
наполняло	наполняло
умалился	умалился
воззови	воззови
получите	получите
препроводить	препроводить
изблюет	изблюет
трогать	трогать
встревожили	встревожили
сатану	сатану
выть	выть
полюби	полюби
напоены	напоены
простился	простился
царствовать	царствовать
немым	немым
камню	камню
Моисеевым	Моисеевым
пугать	пугать
Израильской	Израильской
переходите	переходите
Нового	Нового
всякого	всякого
обитая	обитая
развалинам	развалинам
бедный	бедный
лукавые	лукавые
черный	черный
снискала	снискала
образуем	образуем
образовали	образовали
повредили	повредили
даровала	даровала
если	если
освятите	освятите
ваша	ваша
чужие	чужие
избранного	избранного
благовестить	благовестить
ослепить	ослепить
распознаем	распознаем
восходите	восходите
черви	черви
чье	чье
бегу	бегу
смири	смири
празднуй	празднуй
похоронен	похоронен
открывали	открывали
освободи	освободи
обвини	обвини
находить	находить
рыдать	рыдать
попросите	попросите
реши	реши
овцою	овцою
трубите	трубите
сказывала	сказывала
согрешите	согрешите
остановила	остановила
пристало	пристало
тельца	тельца
пола	пола
жемчуга	жемчуга
скале	скале
допустили	допустили
Соляную	Соляную
поручился	поручился
свари	свари
добро	добро
приобрели	приобрели
жилы	жилы
пьющий	пьющий
нами	нами
большом	большом
выговорить	выговорить
Бог	Бог
пройду	пройду
верили	верили
приложился	приложился
поручали	поручали
почитайте	почитайте
благи	благи
растерзать	растерзать
четвертую	четвертую
исполняйте	исполняйте
мала	мала
Был	Был
растворила	растворила
портить	портить
беременной	беременной
полированной	полированной
уверить	уверить
отходили	отходили
пленные	пленные
дети	дети
мечи	мечи
искушайте	искушайте
подходить	подходить
Богами	Богами
Благ	Благ
проходить	проходить
Возлюбленный	Возлюбленный
торжествующий	торжествующий
бесславить	бесславить
добыч	добыч
учите	учите
родных	родных
выкупи	выкупи
вспомните	вспомните
очистить	очистить
почтили	почтили
натянуть	натянуть
строишь	строишь
надевай	надевай
какого	какого
главных	главных
разговаривают	разговаривают
вознеси	вознеси
обольстить	обольстить
располагая	располагая
глазу	глазу
кончился	кончился
подули	подули
пересказывать	пересказывать
пленным	пленным
духе	духе
гуслистов	гуслистов
четвертой	четвертой
нарушить	нарушить
скрыли	скрыли
смущали	смущали
знакомые	знакомые
построили	построили
возьми	возьми
вину	вину
Можешь	Можешь
красные	красные
напоить	напоить
раскинули	раскинули
ослабело	ослабело
Твоя	Твоя
блудодействуешь	блудодействуешь
убеди	убеди
приступив	приступив
снисходите	снисходите
переменили	переменили
взывайте	взывайте
множестве	множестве
Соляной	Соляной
городом	городом
нечистым	нечистым
перестал	перестал
веди	веди
приводить	приводить
даем	даем
всякую	всякую
нерадит	нерадит
замышляй	замышляй
утих	утих
утвердили	утвердили
даровать	даровать
принесла	принесла
подносить	подносить
вспоминать	вспоминать
собой	собой
сохранился	сохранился
каждом	каждом
скоте	скоте
прямою	прямою
захватить	захватить
оценить	оценить
похоронить	похоронить
выбрасывать	выбрасывать
низложить	низложить
изменили	изменили
прикрепили	прикрепили
передвигает	передвигает
ввело	ввело
начинай	начинай
слышим	слышим
стражи	стражи
перебило	перебило
убит	убит
поворотить	поворотить
спустился	спустился
молоти	молоти
плачу	плачу
весе	весе
получить	получить
потом	потом
вводили	вводили
разных	разных
крестит	крестит
объявила	объявила
немноги	немноги
тысяченачальником	тысяченачальником
золотой	золотой
потаенных	потаенных
выберем	выберем
посвяти	посвяти
принято	принято
каждой	каждой
наполняй	наполняй
соединить	соединить
какою	какою
переносят	переносят
соблазнить	соблазнить
почернела	почернела
оказали	оказали
простерла	простерла
отягощала	отягощала
заключен	заключен
Сделай	Сделай
живою	живою
сладкого	сладкого
выслушай	выслушай
два	два
твердое	твердое
перебить	перебить
пребыл	пребыл
миновать	миновать
принудить	принудить
обирал	обирал
избранных	избранных
доходит	доходит
утру	утру
вопросить	вопросить
Ком	Ком
сказывай	сказывай
выкопай	выкопай
иной	иной
рождала	рождала
кропили	кропили
втором	втором
сирот	сирот
вкусите	вкусите
обманывай	обманывай
светили	светили
морю	морю
которым	которым
Мало	Мало
помнила	помнила
узнают	узнают
сотворила	сотворила
душе	душе
прославили	прославили
соорудить	соорудить
откормленных	откормленных
внутреннему	внутреннему
опьянейте	опьянейте
построить	построить
вороные	вороные
бросили	бросили
поступи	поступи
даруешь	даруешь
ночного	ночного
желать	желать
сосчитайте	сосчитайте
ожили	ожили
убитым	убитым
головами	головами
мужчинах	мужчинах
посылайте	посылайте
страхом	страхом
восемь	восемь
козлом	козлом
наклонился	наклонился
красив	красив
истребите	истребите
приступали	приступали
фараоном	фараоном
точило	точило
последовала	последовала
вскричали	вскричали
побивать	побивать
отказывай	отказывай
возвысить	возвысить
бесславием	бесславием
теле	теле
поверили	поверили
воссияло	воссияло
скованный	скованный
вывезли	вывезли
заменили	заменили
немого	немого
учи	учи
любим	любим
старые	старые
выбери	выбери
кидары	кидары
вызывали	вызывали
литого	литого
уведомить	уведомить
успокоить	успокоить
умертвить	умертвить
Всем	Всем
упился	упился
прогнать	прогнать
явили	явили
удалите	удалите
устроили	устроили
скал	скал
прославляй	прославляй
налетели	налетели
истреби	истреби
приказывали	приказывали
привела	привела
настаивали	настаивали
пернатых	пернатых
скрывала	скрывала
образа	образа
оставили	оставили
написать	написать
утомленный	утомленный
самые	самые
страхе	страхе
пока	пока
черные	черные
достали	достали
посвящали	посвящали
пересчитай	пересчитай
Марка	Марка
освятить	освятить
пробыть	пробыть
легли	легли
носильщиков	носильщиков
исследуйте	исследуйте
второю	второю
иного	иного
переспит	переспит
шипов	шипов
пиши	пиши
всходить	всходить
избранным	избранным
Велика	Велика
повреди	повреди
серебре	серебре
проводите	проводите
венцом	венцом
разводное	разводное
Самого	Самого
разговаривали	разговаривали
окропили	окропили
отсчитайте	отсчитайте
мужчины	мужчины
растворить	растворить
возлюбленном	возлюбленном
спасу	спасу
разбогател	разбогател
преуспевайте	преуспевайте
рой	рой
голубой	голубой
тельцами	тельцами
осквернился	осквернился
льстили	льстили
имело	имело
подпали	подпали
высох	высох
преподать	преподать
кидара	кидара
эта	эта
завещевали	завещевали
жабы	жабы
удивлением	удивлением
почерпнула	почерпнула
расположился	расположился
намерены	намерены
вперед	вперед
обе	обе
завещаю	завещаю
гусенице	гусенице
тленного	тленного
делить	делить
читали	читали
запрудили	запрудили
провозгласить	провозгласить
овладел	овладел
смирен	смирен
поехал	поехал
приклонили	приклонили
устройством	устройством
последовало	последовало
восстанови	восстанови
человекоубийца	человекоубийца
поддерживать	поддерживать
увели	увели
бесовскую	бесовскую
переходишь	переходишь
возносили	возносили
восхвалите	восхвалите
соблюдали	соблюдали
стенали	стенали
рассказывай	рассказывай
отпирать	отпирать
поручи	поручи
собирала	собирала
сруби	сруби
левою	левою
понесло	понесло
преданного	преданного
срывай	срывай
занято	занято
утомленных	утомленных
скалу	скалу
безумным	безумным
ворону	ворону
давир	давир
проводят	проводят
садите	садите
стану	стану
изгонять	изгонять
бесноватых	бесноватых
пойте	пойте
слепой	слепой
встретила	встретила
умножился	умножился
невежда	невежда
вымой	вымой
воззовем	воззовем
бедного	бедного
восстало	восстало
доводит	доводит
выходит	выходит
гуслиста	гуслиста
бесславии	бесславии
преклонили	преклонили
вступить	вступить
сходить	сходить
огорчили	огорчили
продолжало	продолжало
поворотили	поворотили
попирать	попирать
подвиг	подвиг
вам	вам
выкупите	выкупите
мал	мал
хранить	хранить
всю	всю
возврати	возврати
легкое	легкое
защищайте	защищайте
сухие	сухие
восстать	восстать
ободрился	ободрился
кидар	кидар
умилостивить	умилостивить
взыскать	взыскать
прибыли	прибыли
голове	голове
Яви	Яви
выслушать	выслушать
Христов	Христов
приготовили	приготовили
морскою	морскою
любимых	любимых
деревом	деревом
дала	дала
главного	главного
сокройте	сокройте
положить	положить
поднятых	поднятых
зимой	зимой
откажи	откажи
забыла	забыла
дома	дома
послужили	послужили
повторился	повторился
платить	платить
телом	телом
изнеженный	изнеженный
громом	громом
исходила	исходила
растаяло	растаяло
жилами	жилами
вооружился	вооружился
вывели	вывели
славословили	славословили
протоками	протоками
погряз	погряз
излился	излился
оказывай	оказывай
мертво	мертво
получали	получали
изделием	изделием
сознаю	сознаю
погнать	погнать
роста	роста
выказать	выказать
одинокая	одинокая
простирать	простирать
отделили	отделили
отвалят	отвалят
вынимали	вынимали
научите	научите
воспламенили	воспламенили
Одно	Одно
предавать	предавать
возлюби	возлюби
пострадали	пострадали
наполни	наполни
низкою	низкою
Теми	Теми
оскорблять	оскорблять
несмысленное	несмысленное
скрывай	скрывай
пас	пас
семейством	семейством
поручите	поручите
роптали	роптали
носить	носить
большой	большой
выступив	выступив
жилой	жилой
овладейте	овладейте
Сене	Сене
восхотел	восхотел
завещевайте	завещевайте
соделали	соделали
познала	познала
повредить	повредить
жертвам	жертвам
желчи	желчи
воздай	воздай
две	две
верха	верха
очистите	очистите
истукан	истукан
Приветствуйте	Приветствуйте
любите	любите
носильщиками	носильщиками
будем	будем
укрепляй	укрепляй
доказали	доказали
отважен	отважен
нечисты	нечисты
соблюди	соблюди
проходят	проходят
избрать	избрать
восхвалили	восхвалили
оборотился	оборотился
взглянул	взглянул
имейте	имейте
немногое	немногое
рассудили	рассудили
чудовище	чудовище
волах	волах
всякою	всякою
перерезали	перерезали
Святых	Святых
роду	роду
Мал	Мал
лишен	лишен
этого	этого
слепым	слепым
войске	войске
пропасть	пропасть
ком	ком
доводите	доводите
выговори	выговори
начертали	начертали
полагать	полагать
изнеженных	изнеженных
пребыло	пребыло
упоминайте	упоминайте
чудные	чудные
рада	рада
богу	богу
спрашивать	спрашивать
славословить	славословить
ничтожества	ничтожества
засыпать	засыпать
могу	могу
вытащили	вытащили
соедини	соедини
создать	создать
помнить	помнить
учить	учить
истребили	истребили
написанного	написанного
поношением	поношением
пишем	пишем
упросить	упросить
ищи	ищи
молодые	молодые
погасили	погасили
языческую	языческую
весами	весами
расположили	расположили
купила	купила
огорчен	огорчен
попроси	попроси
мухи	мухи
старого	старого
мог	мог
склонился	склонился
уходите	уходите
пример	пример
Галилейскую	Галилейскую
утешали	утешали
исследовал	исследовал
обольстили	обольстили
осветила	осветила
ростом	ростом
заперли	заперли
простертая	простертая
оживляй	оживляй
восходить	восходить
выступить	выступить
обозрели	обозрели
воспрепятствовали	воспрепятствовали
воздала	воздала
отделить	отделить
буду	буду
сестрою	сестрою
разрешить	разрешить
думали	думали
легкие	легкие
напоен	напоен
прекратился	прекратился
богатые	богатые
выстроился	выстроился
отправляли	отправляли
почитал	почитал
успокоили	успокоили
выводи	выводи
изреки	изреки
избирать	избирать
скрывайте	скрывайте
погребен	погребен
образу	образу
никакая	никакая
Аду	Аду
Воздай	Воздай
градом	градом
помета	помета
скрепите	скрепите
выполним	выполним
воспитывала	воспитывала
ваш	ваш
язвам	язвам
приготовился	приготовился
засели	засели
обманывайте	обманывайте
одною	одною
гвоздем	гвоздем
одолеть	одолеть
мучить	мучить
ожесточи	ожесточи
перерезал	перерезал
отведите	отведите
платили	платили
белый	белый
озером	озером
верующий	верующий
мучили	мучили
сокрытую	сокрытую
были	были
бесчестите	бесчестите
произвели	произвели
служила	служила
взяли	взяли
верху	верху
разрушили	разрушили
призвать	призвать
побить	побить
отступив	отступив
богами	богами
пару	пару
учили	учили
отвозят	отвозят
произносите	произносите
благословляли	благословляли
смешанные	смешанные
вечером	вечером
тельцу	тельцу
белые	белые
язвах	язвах
сама	сама
умалить	умалить
продать	продать
смирить	смирить
искушать	искушать
велят	велят
лукавого	лукавого
письме	письме
вмещала	вмещала
оцепенении	оцепенении
сел	сел
пощадили	пощадили
пожалуйте	пожалуйте
совершали	совершали
ставили	ставили
стояли	стояли
кормили	кормили
прямой	прямой
познаете	познаете
отнят	отнят
сложи	сложи
пересказали	пересказали
мехе	мехе
можете	можете
благовестием	благовестием
помилуйте	помилуйте
принадлежащие	принадлежащие
отвратили	отвратили
нечистота	нечистота
простертым	простертым
имеете	имеете
приносить	приносить
хулите	хулите
охраняй	охраняй
томить	томить
отврати	отврати
станом	станом
противоречили	противоречили
слушать	слушать
необрезаны	необрезаны
раскрытую	раскрытую
условии	условии
цвета	цвета
поводом	поводом
животным	животным
зиму	зиму
служите	служите
уходить	уходить
спросите	спросите
усилился	усилился
наполняла	наполняла
нехороши	нехороши
возвратился	возвратился
возвестится	возвестится
проходит	проходит
Твоем	Твоем
обществом	обществом
черпать	черпать
тысячи	тысячи
следующему	следующему
неверных	неверных
потекли	потекли
превозмогло	превозмогло
губить	губить
тысяч	тысяч
извратили	извратили
двором	двором
запустением	запустением
теснить	теснить
ином	ином
знакомого	знакомого
орудии	орудии
жилищ	жилищ
подстерегать	подстерегать
вынимать	вынимать
Благослови	Благослови
имеющий	имеющий
теста	теста
потаенные	потаенные
положите	положите
утвердите	утвердите
преступлением	преступлением
мыслить	мыслить
тельцам	тельцам
чада	чада
кому	кому
умирать	умирать
бейте	бейте
бы	бы
ненаказанно	ненаказанно
нехорош	нехорош
сосчитали	сосчитали
привалите	привалите
каждую	каждую
Моем	Моем
даруй	даруй
умертвили	умертвили
простерли	простерли
взирали	взирали
раскрытая	раскрытая
возопил	возопил
шести	шести
налагать	налагать
отходит	отходит
другая	другая
каждых	каждых
припали	припали
Жертвы	Жертвы
старою	старою
берете	берете
каждым	каждым
считайте	считайте
мучился	мучился
удалили	удалили
притворы	притворы
соляною	соляною
согласился	согласился
исходит	исходит
вымыла	вымыла
вносите	вносите
малые	малые
изменила	изменила
свободным	свободным
отнимали	отнимали
бесноватым	бесноватым
твои	твои
отвратить	отвратить
похоронили	похоронили
красота	красота
лицами	лицами
считает	считает
могут	могут
взглянуть	взглянуть
молили	молили
грешили	грешили
обо	обо
живым	живым
сказывать	сказывать
бросился	бросился
рабою	рабою
выбежал	выбежал
рассуждать	рассуждать
ехидна	ехидна
объявили	объявили
держу	держу
оба	оба
ждали	ждали
ним	ним
посылали	посылали
глядели	глядели
сходила	сходила
доводить	доводить
пристали	пристали
открывайте	открывайте
отказывал	отказывал
беременные	беременные
меха	меха
спали	спали
Можете	Можете
видимою	видимою
унывайте	унывайте
слез	слез
отправили	отправили
узнаем	узнаем
новое	новое
случая	случая
ужин	ужин
толкали	толкали
посох	посох
чужом	чужом
среди	среди
рассудите	рассудите
будь	будь
Одни	Одни
малого	малого
Твою	Твою
оно	оно
убегу	убегу
уговори	уговори
поядает	поядает
помышлять	помышлять
обмануть	обмануть
напоила	напоила
провозгласили	провозгласили
потерпели	потерпели
искупи	искупи
выполнить	выполнить
отправился	отправился
бывшая	бывшая
святой	святой
звезды	звезды
разорили	разорили
крыле	крыле
отослали	отослали
наскучили	наскучили
чему	чему
пред	пред
громов	громов
возросли	возросли
связанные	связанные
выступите	выступите
подражали	подражали
раздирайте	раздирайте
производить	производить
вредили	вредили
обратила	обратила
дополните	дополните
брака	брака
вытрут	вытрут
Святом	Святом
разговаривать	разговаривать
нанять	нанять
фараон	фараон
великою	великою
отнятых	отнятых
забытая	забытая
пьяных	пьяных
осади	осади
благовествуйте	благовествуйте
имели	имели
черным	черным
мертвый	мертвый
покрова	покрова
Богу	Богу
вступился	вступился
поцелуй	поцелуй
открытую	открытую
твоем	твоем
творить	творить
просить	просить
одни	одни
половину	половину
случай	случай
подчинен	подчинен
приобрела	приобрела
доставили	доставили
засел	засел
засевайте	засевайте
приблизить	приблизить
уповать	уповать
госпожи	госпожи
строит	строит
предстали	предстали
быть	быть
говорите	говорите
сделать	сделать
подул	подул
написала	написала
слепые	слепые
губи	губи
старых	старых
кропить	кропить
устранить	устранить
познает	познает
опротивел	опротивел
чинили	чинили
отнято	отнято
снимите	снимите
заменим	заменим
он	он
провозгласите	провозгласите
отмени	отмени
дереве	дереве
главные	главные
худ	худ
предшествовали	предшествовали
направился	направился
перейдем	перейдем
Знаем	Знаем
числом	числом
проклятою	проклятою
поглотила	поглотила
детях	детях
подняло	подняло
новом	новом
насади	насади
малое	малое
обходить	обходить
уподобился	уподобился
отложите	отложите
укрепляли	укрепляли
медлить	медлить
самая	самая
взять	взять
познай	познай
восемью	восемью
блаженным	блаженным
развратился	развратился
переходили	переходили
выбросить	выбросить
провожали	провожали
пали	пали
говорить	говорить
подпал	подпал
осквернили	осквернили
налагайте	налагайте
восстали	восстали
ртом	ртом
исполни	исполни
пара	пара
умышлять	умышлять
золотом	золотом
посвящать	посвящать
бабки	бабки
подтвердили	подтвердили
Начала	Начала
тени	тени
направить	направить
постановить	постановить
ради	ради
воплем	воплем
да	да
научи	научи
благословите	благословите
прочитать	прочитать
возвратите	возвратите
семь	семь
безумные	безумные
исходили	исходили
лизать	лизать
еси	еси
освятили	освятили
округа	округа
служанкою	служанкою
имуществом	имуществом
смешанных	смешанных
женщиной	женщиной
дрогнули	дрогнули
худо	худо
рыдайте	рыдайте
приведем	приведем
нарушили	нарушили
отправить	отправить
надеть	надеть
чину	чину
снегом	снегом
богом	богом
чтили	чтили
имея	имея
Как	Как
доставляй	доставляй
перехватили	перехватили
умножали	умножали
выдавали	выдавали
уверен	уверен
почернели	почернели
сбили	сбили
пустую	пустую
приклонился	приклонился
разные	разные
ищем	ищем
обратили	обратили
приносите	приносите
избили	избили
Моисееву	Моисееву
изделии	изделии
преследовала	преследовала
белым	белым
велико	велико
черпали	черпали
мечу	мечу
разбросали	разбросали
братьями	братьями
голодный	голодный
чтить	чтить
очищали	очищали
мертвых	мертвых
утихли	утихли
объявите	объявите
аспида	аспида
считаете	считаете
срамить	срамить
отворила	отворила
преступите	преступите
исчислили	исчислили
раздирать	раздирать
потускло	потускло
упоена	упоена
жребием	жребием
взглянули	взглянули
расспроси	расспроси
овладели	овладели
созвали	созвали
расспросите	расспросите
рака	рака
Белы	Белы
член	член
пожалело	пожалело
гусеницы	гусеницы
переходить	переходить
пролить	пролить
поднимите	поднимите
воздухе	воздухе
воронов	воронов
сади	сади
утихло	утихло
сверкали	сверкали
богатого	богатого
дохну	дохну
восполнили	восполнили
располагал	располагал
набрать	набрать
содержали	содержали
находим	находим
представляй	представляй
разрушен	разрушен
понесли	понесли
тайною	тайною
лицах	лицах
потонуло	потонуло
камни	камни
просила	просила
повторите	повторите
испытанных	испытанных
скалах	скалах
встревожился	встревожился
посадите	посадите
стоят	стоят
отпустила	отпустила
восстановим	восстановим
голодного	голодного
разрывают	разрывают
приводите	приводите
вооружите	вооружите
траву	траву
удержали	удержали
можем	можем
негодовании	негодовании
вспомни	вспомни
светила	светила
согласные	согласные
живая	живая
посрамился	посрамился
столе	столе
преследовали	преследовали
искали	искали
изблюешь	изблюешь
страшить	страшить
отцах	отцах
собрали	собрали
перестать	перестать
слезу	слезу
пасли	пасли
вашу	вашу
возлюбили	возлюбили
населенные	населенные
малый	малый
брани	брани
убийца	убийца
дерзновении	дерзновении
убить	убить
приложить	приложить
святом	святом
отягощать	отягощать
убийцы	убийцы
благочестии	благочестии
ворон	ворон
одержимая	одержимая
укрепили	укрепили
вострепетали	вострепетали
держите	держите
самою	самою
пожирали	пожирали
отрезал	отрезал
спорить	спорить
стоите	стоите
начал	начал
Хочет	Хочет
предавала	предавала
первые	первые
вопили	вопили
вечера	вечера
ждите	ждите
разори	разори
питай	питай
вкусили	вкусили
храните	храните
малом	малом
нечист	нечист
устремился	устремился
Стань	Стань
выходим	выходим
обложили	обложили
поспешили	поспешили
написанное	написанное
белого	белого
вине	вине
успокоился	успокоился
творили	творили
поставила	поставила
обществе	обществе
молился	молился
гордою	гордою
печь	печь
выходила	выходила
сторожа	сторожа
воздайте	воздайте
объясни	объясни
об	об
ели	ели
необрезанное	необрезанное
гола	гола
преподали	преподали
берега	берега
заключи	заключи
одели	одели
снабди	снабди
рассказывали	рассказывали
постигло	постигло
тьме	тьме
Возьмет	Возьмет
привалили	привалили
променять	променять
выслушайте	выслушайте
испекла	испекла
разбудили	разбудили
вводить	вводить
бросали	бросали
убийством	убийством
давить	давить
напасть	напасть
страшного	страшного
досадовали	досадовали
сироту	сироту
животное	животное
взыскали	взыскали
умножить	умножить
души	души
блага	блага
виден	виден
неверующие	неверующие
иная	иная
крестишь	крестишь
яме	яме
змеи	змеи
гумне	гумне
напоминать	напоминать
вымойте	вымойте
жившую	жившую
Этого	Этого
искупить	искупить
узнать	узнать
внукам	внукам
оживлять	оживлять
плечом	плечом
бесчестить	бесчестить
хвали	хвали
пожалеть	пожалеть
скрывать	скрывать
прибавляй	прибавляй
взирать	взирать
сотворили	сотворили
велите	велите
умоляла	умоляла
утре	утре
обручился	обручился
червю	червю
отпускайте	отпускайте
води	води
повторили	повторили
посвящай	посвящай
вонзили	вонзили
исправляли	исправляли
пронзить	пронзить
проси	проси
войском	войском
рассеянных	рассеянных
копить	копить
познаем	познаем
отсекли	отсекли
почитай	почитай
ставила	ставила
связанных	связанных
строили	строили
соделать	соделать
невежд	невежд
поступали	поступали
дщерь	дщерь
скорым	скорым
противостал	противостал
выходили	выходили
поразила	поразила
погуби	погуби
богам	богам
читать	читать
могли	могли
Дине	Дине
узнали	узнали
избранной	избранной
Рабы	Рабы
вышло	вышло
смертные	смертные
Духу	Духу
уха	уха
разит	разит
изумили	изумили
последуй	последуй
приехал	приехал
поешь	поешь
давире	давире
сердечною	сердечною
скакать	скакать
Тысяча	Тысяча
воевали	воевали
подвигли	подвигли
возложили	возложили
вымыли	вымыли
кровопролитии	кровопролитии
пленила	пленила
возливать	возливать
заходят	заходят
возлагали	возлагали
умерло	умерло
встретился	встретился
подняли	подняли
возливала	возливала
согрешили	согрешили
старейшины	старейшины
прельстился	прельстился
обладать	обладать
вывело	вывело
брить	брить
всяком	всяком
отведи	отведи
побили	побили
домой	домой
отворили	отворили
назидает	назидает
покоить	покоить
вознесли	вознесли
замедли	замедли
считать	считать
называть	называть
смотри	смотри
плену	плену
изгнать	изгнать
позвали	позвали
запретить	запретить
похвалился	похвалился
черту	черту
первое	первое
злодейством	злодейством
убила	убила
надо	надо
выдай	выдай
поядающий	поядающий
рак	рак
променяли	променяли
аспид	аспид
опустошили	опустошили
растерзали	растерзали
завещевал	завещевал
которою	которою
раздражить	раздражить
есть	есть
обложи	обложи
рассеянный	рассеянный
женщиною	женщиною
одетого	одетого
выломать	выломать
лишился	лишился
затворить	затворить
язва	язва
Мне	Мне
целые	целые
очисти	очисти
возбудите	возбудите
уснул	уснул
принеси	принеси
твердою	твердою
облегчи	облегчи
сознает	сознает
образует	образует
пролили	пролили
Кому	Кому
личном	личном
доставить	доставить
терпите	терпите
опусти	опусти
влекли	влекли
обесчестили	обесчестили
целого	целого
сострадали	сострадали
совершите	совершите
Котором	Котором
одетый	одетый
град	град
заплатить	заплатить
царски	царски
разбудила	разбудила
вымерли	вымерли
возвестить	возвестить
будете	будете
разводить	разводить
замолчали	замолчали
заколения	заколения
отгадать	отгадать
малых	малых
пророчестве	пророчестве
пророчествуйте	пророчествуйте
сатане	сатане
возвестите	возвестите
Израилевой	Израилевой
наскучил	наскучил
оплакивали	оплакивали
вылитых	вылитых
спустила	спустила
одушевленное	одушевленное
злодействе	злодействе
развалинах	развалинах
отложился	отложился
пить	пить
делили	делили
минует	минует
разбила	разбила
прикрепила	прикрепила
поднятою	поднятою
налетело	налетело
сходит	сходит
смирился	смирился
предложили	предложили
сердечные	сердечные
наступили	наступили
вырос	вырос
блуждали	блуждали
мухе	мухе
благе	благе
уменьши	уменьши
колене	колене
соорудили	соорудили
условие	условие
искушай	искушай
лично	лично
отделился	отделился
объедать	объедать
пребывали	пребывали
убитые	убитые
эту	эту
любимой	любимой
головы	головы
ничтожество	ничтожество
проходи	проходи
левша	левша
грешите	грешите
самую	самую
иным	иным
сделайте	сделайте
питали	питали
споры	споры
требуй	требуй
прилагайте	прилагайте
заклятого	заклятого
воздух	воздух
лукавый	лукавый
первою	первою
другом	другом
проклинать	проклинать
собою	собою
блудить	блудить
составлять	составлять
сатаны	сатаны
выкупали	выкупали
выгнали	выгнали
устроен	устроен
обгорела	обгорела
устрашили	устрашили
воспитывайте	воспитывайте
порази	порази
разговаривал	разговаривал
серебром	серебром
сокрой	сокрой
прогоните	прогоните
вопросите	вопросите
простертою	простертою
доставляло	доставляло
правых	правых
червь	червь
сотвори	сотвори
извратила	извратила
каждые	каждые
юноше	юноше
Сию	Сию
заключила	заключила
Святого	Святого
Хвалите	Хвалите
подумал	подумал
срубили	срубили
разить	разить
берегу	берегу
возлюбленные	возлюбленные
соединился	соединился
берег	берег
предсказывайте	предсказывайте
была	была
сказывайте	сказывайте
сироте	сироте
злословить	злословить
обратился	обратился
воссиял	воссиял
землетрясением	землетрясением
язык	язык
устрашить	устрашить
преступить	преступить
родословные	родословные
Иудин	Иудин
развалиною	развалиною
браните	браните
посрами	посрами
скрытых	скрытых
бесноватого	бесноватого
свитком	свитком
столпе	столпе
отошли	отошли
страдающий	страдающий
каждого	каждого
встать	встать
Мать	Мать
вспомнила	вспомнила
производите	производите
вдовы	вдовы
права	права
одержимых	одержимых
кормить	кормить
нового	нового
губили	губили
сторож	сторож
стереги	стереги
завладели	завладели
продолжали	продолжали
купить	купить
счету	счету
увещевали	увещевали
воспитывали	воспитывали
воскури	воскури
духовные	духовные
подходите	подходите
отяготить	отяготить
воздать	воздать
строите	строите
вывез	вывез
вопрошать	вопрошать
пленных	пленных
областеначальникам	областеначальникам
бесчести	бесчести
горькой	горькой
сопровождали	сопровождали
завещевает	завещевает
ночные	ночные
членом	членом
смел	смел
называли	называли
завтрашнем	завтрашнем
со	со
Рев	Рев
умоляй	умоляй
сокрушили	сокрушили
наливай	наливай
произносить	произносить
Благо	Благо
вытащи	вытащи
несмысленны	несмысленны
отдай	отдай
обирать	обирать
сынов	сынов
правый	правый
напали	напали
разбить	разбить
открытым	открытым
тверд	тверд
проводить	проводить
вноси	вноси
написал	написал
схоронить	схоронить
выдавайте	выдавайте
избранные	избранные
изливайте	изливайте
строить	строить
возвестила	возвестила
неверные	неверные
кричали	кричали
управляющий	управляющий
большою	большою
умножили	умножили
преданным	преданным
цари	цари
горькая	горькая
допустила	допустила
духами	духами
хоронили	хоронили
развратили	развратили
находят	находят
села	села
ходили	ходили
Силе	Силе
переправился	переправился
поникла	поникла
никакой	никакой
сожги	сожги
птенцов	птенцов
онемеют	онемеют
мечом	мечом
правого	правого
немых	немых
ненаказанным	ненаказанным
прости	прости
притвору	притвору
Воздайте	Воздайте
рта	рта
изгоняли	изгоняли
умерщвляйте	умерщвляйте
госпоже	госпоже
поту	поту
бела	бела
наложить	наложить
протоках	протоках
уговаривали	уговаривали
прославился	прославился
целовала	целовала
служили	служили
спешила	спешила
возроптал	возроптал
передвигай	передвигай
заразою	заразою
отринь	отринь
погрешили	погрешили
новых	новых
позавидовал	позавидовал
беременная	беременная
боком	боком
одетые	одетые
написанных	написанных
приветствовала	приветствовала
твердых	твердых
внутри	внутри
садить	садить
приучили	приучили
почетного	почетного
окружила	окружила
трубить	трубить
составили	составили
напоминай	напоминай
больным	больным
распознает	распознает
благотворить	благотворить
которую	которую
возбудили	возбудили
раскинуть	раскинуть
исполнить	исполнить
чтоб	чтоб
лежали	лежали
умоляли	умоляли
приветствующий	приветствующий
омывать	омывать
возвратили	возвратили
имевшая	имевшая
понять	понять
поддерживайте	поддерживайте
выполняла	выполняла
прославлять	прославлять
бил	бил
нарекли	нарекли
обветшали	обветшали
совратить	совратить
жилищу	жилищу
жил	жил
святым	святым
сладкое	сладкое
убийцу	убийцу
развалинами	развалинами
хулили	хулили
главным	главным
объяснить	объяснить
саранча	саранча
окружили	окружили
дозволяйте	дозволяйте
преступили	преступили
прогони	прогони
пьяный	пьяный
жди	жди
примером	примером
вскорми	вскорми
умудрился	умудрился
затворив	затворив
родят	родят
считают	считают
Моя	Моя
самого	самого
било	било
срывали	срывали
восстановите	восстановите
обрати	обрати
принуждали	принуждали
признали	признали
возвестим	возвестим
блаженного	блаженного
подтвердить	подтвердить
исполнили	исполнили
погасить	погасить
немалую	немалую
увеличили	увеличили
сделай	сделай
пробыл	пробыл
налагай	налагай
своди	своди
впала	впала
цвет	цвет
благословить	благословить
молодая	молодая
моря	моря
лгали	лгали
спасали	спасали
столп	столп
посадить	посадить
поднял	поднял
отдать	отдать
влекло	влекло
сказало	сказало
спешите	спешите
стояло	стояло
держали	держали
поспешите	поспешите
возложи	возложи
темных	темных
божествах	божествах
она	она
простертого	простертого
сказать	сказать
опустошить	опустошить
сохраняйте	сохраняйте
проводив	проводив
погубите	погубите
посвятить	посвятить
убитых	убитых
искала	искала
разбит	разбит
сбереги	сбереги
признайте	признайте
объедал	объедал
проходила	проходила
владеть	владеть
признаешь	признаешь
празднуйте	празднуйте
обрезывали	обрезывали
препроводили	препроводили
воду	воду
унывать	унывать
отводили	отводили
считал	считал
владейте	владейте
одинокою	одинокою
чудным	чудным
хотят	хотят
окончили	окончили
устроить	устроить
овнами	овнами
корму	корму
неверующая	неверующая
этом	этом
протоки	протоки
помнили	помнили
померкли	померкли
выи	выи
белы	белы
срубите	срубите
чад	чад
хранили	хранили
похитила	похитила
отделен	отделен
простирала	простирала
силе	силе
связанного	связанного
топтали	топтали
вступите	вступите
приходить	приходить
оставится	оставится
бросила	бросила
обещали	обещали
окружали	окружали
святого	святого
сердечной	сердечной
всякая	всякая
срывать	срывать
остановили	остановили
языческой	языческой
назвали	назвали
выведи	выведи
спаси	спаси
тестом	тестом
променяй	променяй
разрывал	разрывал
совершился	совершился
принят	принят
противоречить	противоречить
странствуйте	странствуйте
узнай	узнай
оробели	оробели
простертой	простертой
толки	толки
смертным	смертным
воспламенился	воспламенился
замеси	замеси
ужина	ужина
мутить	мутить
собранным	собранным
огорчали	огорчали
ненадежное	ненадежное
пою	пою
строим	строим
сему	сему
покрыло	покрыло
преуспевать	преуспевать
преподала	преподала
первом	первом
хоронить	хоронить
побила	побила
полы	полы
миновали	миновали
страсти	страсти
встал	встал
смешанная	смешанная
воспылал	воспылал
заключить	заключить
страшное	страшное
скрытая	скрытая
вешали	вешали
скалами	скалами
удалился	удалился
считаешь	считаешь
вложить	вложить
страдать	страдать
лгите	лгите
труби	труби
поступив	поступив
вкусить	вкусить
избавился	избавился
Жертва	Жертва
каков	каков
суди	суди
склонили	склонили
Духом	Духом
отняли	отняли
подложи	подложи
областеначальники	областеначальники
запустении	запустении
привился	привился
гордо	гордо
сожгли	сожгли
ожидали	ожидали
устроила	устроила
изменился	изменился
произвела	произвела
литых	литых
змея	змея
возлюбленного	возлюбленного
ходить	ходить
Мною	Мною
отнял	отнял
как	как
гусеница	гусеница
пригласи	пригласи
богатым	богатым
рои	рои
возноси	возноси
почитают	почитают
разбогатели	разбогатели
омыли	омыли
камнях	камнях
кругом	кругом
звезду	звезду
Знайте	Знайте
сухой	сухой
постигли	постигли
накормить	накормить
великую	великую
всякое	всякое
скорую	скорую
благом	благом
мстить	мстить
выказала	выказала
читай	читай
выводили	выводили
умертвите	умертвите
пусти	пусти
ночевали	ночевали
Израильскою	Израильскою
глухого	глухого
посылала	посылала
отнятое	отнятое
лицо	лицо
страха	страха
самое	самое
лизали	лизали
устройстве	устройстве
называй	называй
никакого	никакого
попирали	попирали
чужого	чужого
вопить	вопить
скрытое	скрытое
отринут	отринут
зло	зло
извратить	извратить
жертва	жертва
поддерживала	поддерживала
содержите	содержите
дало	дало
целое	целое
обрезывай	обрезывай
приноси	приноси
стерегли	стерегли
ненавидела	ненавидела
облаке	облаке
оставляй	оставляй
наступить	наступить
любимая	любимая
принимайте	принимайте
блудодействуете	блудодействуете
издерживать	издерживать
рули	рули
признать	признать
горд	горд
молоке	молоке
сокрушен	сокрушен
проводит	проводит
пригласили	пригласили
возьмешь	возьмешь
рассвирепели	рассвирепели
обладайте	обладайте
манны	манны
ввели	ввели
отстали	отстали
Марком	Марком
велишь	велишь
рогом	рогом
доносили	доносили
покрывать	покрывать
преследуй	преследуй
царях	царях
мертвые	мертвые
написали	написали
второго	второго
терпи	терпи
расположи	расположи
вынеси	вынеси
яму	яму
пропало	пропало
вил	вил
одинокую	одинокую
Было	Было
талант	талант
проклинали	проклинали
открыли	открыли
Апостолом	Апостолом
завладеть	завладеть
ходите	ходите
вело	вело
победит	победит
удерживай	удерживай
покой	покой
повисла	повисла
скверны	скверны
замолчу	замолчу
спрятали	спрятали
умилостивился	умилостивился
отводит	отводит
